codigo_siniestro,fecha_siniestro,anio,mes_num,mes,dia_semana,hora_siniestro,hora_num,periodo_dia,fin_semana,departamento,provincia,distrito,zona,coordenadas_latitud,coordenadas_longitud,clase_siniestro,cantidad_de_fallecidos,cantidad_de_lesionados,total_victimas,hay_lesionados,siniestro_multiple,tipo_de_via,red_vial,cod_carretera,condicion_climatica,zonificacion,caracteristicas_de_via,perfil_longitudinal_via,superficie_de_calzada,causa_factor_principal,causa_especifica,n_personas,n_personas_fallecidas,n_personas_lesionadas,n_personas_ilesas,n_conductores,n_pasajeros,n_peatones,n_ocupantes,n_conductores_fallecidos,n_pasajeros_fallecidos,n_peatones_fallecidos,n_hombres,n_mujeres,n_edad_conocida,edad_promedio,edad_min,edad_max,n_menores_18,n_adultos_mayores,n_conductores_sin_licencia,n_conductores_licencia_no_vigente,n_dosaje_registrado,n_dosaje_positivo,hay_dosaje_positivo,n_vehiculos,n_motos_trimotos,n_vehiculos_livianos,n_vehiculos_carga,n_omnibus_minibus,n_no_motorizados,n_vehiculos_no_identificados,n_transporte_publico,n_soat_vencido,n_soat_no_registra,n_citv_vencido,n_vehiculos_fugados,hay_moto_trimoto,hay_vehiculo_carga,hay_transporte_publico,hay_vehiculo_fugado
A-2021-01-248,2021-01-01,2021,1,Enero,viernes,05:45,5,Madrugada,No,LIMA,LIMA,PACHACAMAC,URBANA,-12.2294,-76.859412,DESPISTE,1,3,4,Sí,No,AVENIDA,URBANO,NO CORRESPONDE,DESPEJADO,INDUSTRIAL,TRAMO RECTO,PLANA,ASFALTADA,IMPRUDENCIA DEL CONDUCTOR,CONDUCIR EN ESTADO DE EBRIEDAD Y/O DROGADICCIÓN,4,1,3,0,1,3,0,0,0,1,0,3,1,4,29.25,0,64,1,1,0,0,1,1,Sí,1,1,0,0,0,0,0,0,0,1,0,0,Sí,No,No,No
A-2021-01-254,2021-01-01,2021,1,Enero,viernes,14:00,14,Tarde,No,LIMA,LIMA,VILLA MARIA DEL TRIUNFO,URBANA,-12.164406,-76.953426,ATROPELLO,1,1,2,Sí,No,AVENIDA,URBANO,NO CORRESPONDE,DESPEJADO,INDUSTRIAL,TRAMO RECTO,PLANA,ASFALTADA,IMPRUDENCIA DEL CONDUCTOR,CONDUCIR EN ESTADO DE EBRIEDAD Y/O DROGADICCIÓN,2,1,1,0,1,0,1,0,0,0,1,2,0,2,23,16,30,1,0,0,0,1,1,Sí,1,1,0,0,0,0,0,0,0,0,0,0,Sí,No,No,No
A-2021-01-258,2021-01-03,2021,1,Enero,domingo,00:35,0,Madrugada,Sí,LIMA,LIMA,VILLA EL SALVADOR,URBANA,-12.225604,-76.971698,ATROPELLO FUGA,1,0,1,No,No,CARRETERA,NACIONAL,PE-1S,SOLEADO,COMERCIAL,TRAMO RECTO,PLANA,ASFALTADA,EN PROCESO DE INVESTIGACIÓN,NO CUENTA CON CAUSA ESPECIFICA,2,1,0,0,1,0,1,0,0,0,1,2,0,0,NA,NA,NA,NA,NA,0,0,1,1,Sí,1,0,0,0,0,0,1,0,0,0,0,1,No,No,No,Sí
A-2021-01-260,2021-01-04,2021,1,Enero,lunes,01:35,1,Madrugada,No,LIMA,LIMA,ATE,URBANA,-12.026010259318932,-76.91912179578782,ATROPELLO,1,0,1,No,No,AVENIDA,URBANO,NO CORRESPONDE,DESPEJADO,COMERCIAL,TRAMO RECTO,PLANA,ASFALTADA,IMPRUDENCIA DEL CONDUCTOR,OTRO (IMPRUDENCIA DEL CONDUCTOR),2,1,0,1,1,0,1,0,0,0,1,2,0,2,24.5,23,26,0,0,0,0,0,0,NA,1,1,0,0,0,0,0,0,0,0,0,0,Sí,No,No,No
A-2021-01-262,2021-01-06,2021,1,Enero,miércoles,20:40,20,Noche,No,LIMA,LIMA,CHORRILLOS,URBANA,-12.173039,-76.995706,CHOQUE,2,0,2,No,Sí,AVENIDA,URBANO,NO CORRESPONDE,DESPEJADO,COMERCIAL,TRAMO RECTO,PLANA,ASFALTADA,IMPRUDENCIA DEL CONDUCTOR,CONDUCIR EN ESTADO DE EBRIEDAD Y/O DROGADICCIÓN,3,2,0,1,2,1,0,0,1,1,0,1,2,3,25.333333333333332,19,31,0,0,1,1,2,1,Sí,2,1,1,0,0,0,0,0,0,0,0,0,Sí,No,No,No
A-2021-01-264,2021-01-09,2021,1,Enero,sábado,10:00,10,Mañana,Sí,LIMA,LIMA,SAN JUAN DE LURIGANCHO,URBANA,-11.980617,-77.012747,DESPISTE,1,0,1,No,No,AVENIDA,URBANO,NO CORRESPONDE,DESPEJADO,COMERCIAL,TRAMO RECTO,PLANA,ASFALTADA,NEGLIGENCIA DEL CONDUCTOR,OTRO (NEGLIGENCIA DEL CONDUCTOR),1,1,0,0,1,0,0,0,1,0,0,1,0,1,41,41,41,0,0,0,0,0,0,NA,1,0,0,1,0,0,0,0,0,1,0,0,No,Sí,No,No
A-2021-01-265,2021-01-11,2021,1,Enero,lunes,09:20,9,Mañana,No,LIMA,LIMA,VILLA MARIA DEL TRIUNFO,URBANA,-12.1622,-76.943612,DESPISTE,1,0,1,No,No,AVENIDA,URBANO,NO CORRESPONDE,DESPEJADO,INDUSTRIAL,TRAMO RECTO,PLANA,ASFALTADA,EN PROCESO DE INVESTIGACIÓN,NO CUENTA CON CAUSA ESPECIFICA,1,1,0,0,1,0,0,0,1,0,0,1,0,1,64,64,64,0,1,0,0,0,0,NA,1,0,1,0,0,0,0,0,0,0,0,0,No,No,No,No
A-2021-01-267,2021-01-14,2021,1,Enero,jueves,01:10,1,Madrugada,No,LIMA,LIMA,LURIN,URBANA,-12.252695,-76.898016,VOLCADURA,1,0,1,No,No,OTRO,URBANO,NO CORRESPONDE,DESPEJADO,COMERCIAL,TRAMO RECTO,INCLINADA,ASFALTADA,IMPRUDENCIA DEL CONDUCTOR,CONDUCIR EN ESTADO DE EBRIEDAD Y/O DROGADICCIÓN,3,1,0,0,2,1,0,0,0,1,0,3,0,3,29.666666666666668,22,35,0,0,1,1,0,0,NA,2,1,0,1,0,0,0,0,0,0,0,0,Sí,Sí,No,No
A-2021-01-266,2021-01-14,2021,1,Enero,jueves,06:00,6,Mañana,No,LIMA,LIMA,SANTA ANITA,URBANA,-12.0436,-76.971412,ATROPELLO,1,0,1,No,No,AVENIDA,URBANO,NO CORRESPONDE,DESPEJADO,INDUSTRIAL,TRAMO RECTO,PLANA,ASFALTADA,IMPRUDENCIA DEL CONDUCTOR,EXCESO DE VELOCIDAD,2,1,0,0,1,0,1,0,0,0,1,2,0,2,47.5,35,60,0,1,0,0,0,0,NA,1,0,1,0,0,0,0,0,0,0,0,0,No,No,No,No
A-2021-01-269,2021-01-16,2021,1,Enero,sábado,18:30,18,Noche,Sí,LIMA,LIMA,COMAS,URBANA,-11.9575,-77.049211,DESPISTE,1,1,2,Sí,No,AVENIDA,URBANO,NO CORRESPONDE,DESPEJADO,COMERCIAL,TRAMO RECTO,PLANA,ASFALTADA,EN PROCESO DE INVESTIGACIÓN,NO CUENTA CON CAUSA ESPECIFICA,2,1,1,0,1,1,0,0,0,1,0,2,0,2,11,1,21,1,0,0,0,0,0,NA,1,1,0,0,0,0,0,0,1,0,0,0,Sí,No,No,No
A-2021-01-392,2021-01-16,2021,1,Enero,sábado,19:45,19,Noche,Sí,CALLAO,CALLAO,LA PERLA,URBANA,-12.064691074671408,-77.11554660204865,ATROPELLO,1,1,2,Sí,No,AVENIDA,URBANO,NO CORRESPONDE,DESPEJADO,RESIDENCIAL,TRAMO RECTO,PLANA,ASFALTADA,EN PROCESO DE INVESTIGACIÓN,NO CUENTA CON CAUSA ESPECIFICA,2,1,1,0,1,0,1,0,0,0,1,1,1,2,46,27,65,0,1,0,0,0,0,NA,1,1,0,0,0,0,0,0,0,0,0,0,Sí,No,No,No
A-2021-01-129,2021-01-17,2021,1,Enero,domingo,08:00,8,Mañana,Sí,CALLAO,CALLAO,CALLAO,URBANA,-12.05437213181773,-77.14261674714892,CAÍDA DE PASAJERO,1,0,1,No,No,CARRETERA,NACIONAL,PE-20,DESPEJADO,INDUSTRIAL,TRAMO RECTO,PLANA,ASFALTADA,IMPRUDENCIA DEL PEATÓN,OTRO (IMPRUDENCIA DEL PEATÓN),2,1,0,1,1,1,0,0,0,1,0,2,0,2,27,25,29,0,0,0,0,1,0,No,1,0,0,1,0,0,0,0,0,0,0,0,No,Sí,No,No
A-2021-01-270,2021-01-19,2021,1,Enero,martes,09:30,9,Mañana,No,LIMA,LIMA,LURIGANCHO,URBANA,-12.017421,-76.946914,CHOQUE,1,4,5,Sí,No,AVENIDA,URBANO,NO CORRESPONDE,DESPEJADO,COMERCIAL,TRAMO RECTO,PLANA,ASFALTADA,IMPRUDENCIA DEL CONDUCTOR,OTRO (IMPRUDENCIA DEL CONDUCTOR),6,1,4,0,2,4,0,0,0,1,0,5,1,6,31.833333333333332,13,50,1,0,0,0,0,0,NA,2,0,0,1,1,0,0,0,0,0,0,0,No,Sí,No,No
A-2021-01-271,2021-01-23,2021,1,Enero,sábado,13:00,13,Tarde,Sí,LIMA,LIMA,LOS OLIVOS,URBANA,-11.991702,-77.070611,ATROPELLO,1,0,1,No,No,AVENIDA,URBANO,NO CORRESPONDE,DESPEJADO,COMERCIAL,TRAMO RECTO,PLANA,ASFALTADA,IMPRUDENCIA DEL CONDUCTOR,EXCESO DE VELOCIDAD,2,1,0,0,1,0,1,0,0,0,1,2,0,2,55,42,68,0,1,0,0,0,0,NA,1,1,0,0,0,0,0,0,0,0,0,0,Sí,No,No,No
A-2021-01-272,2021-01-23,2021,1,Enero,sábado,17:35,17,Tarde,Sí,LIMA,LIMA,PUENTE PIEDRA,URBANA,-11.897187,-77.067866,ATROPELLO,1,0,1,No,No,CARRETERA,NACIONAL,PE-1N,DESPEJADO,COMERCIAL,TRAMO RECTO,PLANA,ASFALTADA,EN PROCESO DE INVESTIGACIÓN,NO CUENTA CON CAUSA ESPECIFICA,2,1,0,0,1,0,1,0,0,0,1,2,0,2,37.5,31,44,0,0,0,0,0,0,NA,1,0,0,1,0,0,0,0,0,0,0,0,No,Sí,No,No
A-2021-01-195,2021-01-24,2021,1,Enero,domingo,20:10,20,Noche,Sí,CALLAO,CALLAO,VENTANILLA,URBANA,-11.881892360721375,-77.12626527470516,DESPISTE,1,0,1,No,No,CARRETERA,NACIONAL,PE-20,DESPEJADO,RESIDENCIAL,TRAMO RECTO,INCLINADA,ASFALTADA,EN PROCESO DE INVESTIGACIÓN,NO CUENTA CON CAUSA ESPECIFICA,2,1,0,1,2,0,0,0,1,0,0,2,0,2,22,10,34,1,0,0,0,0,0,NA,2,0,0,0,1,1,0,0,0,0,0,0,No,No,No,No
A-2021-01-273,2021-01-25,2021,1,Enero,lunes,08:00,8,Mañana,No,LIMA,LIMA,SAN MARTIN DE PORRES,URBANA,-11.9815573,-77.096882,ATROPELLO FUGA,1,0,1,No,No,AVENIDA,URBANO,NO CORRESPONDE,DESPEJADO,COMERCIAL,TRAMO RECTO,PLANA,ASFALTADA,IMPRUDENCIA DEL PEATÓN,OTRO (IMPRUDENCIA DEL PEATÓN),2,1,0,0,1,0,1,0,0,0,1,1,1,1,41,41,41,0,0,0,0,0,0,NA,1,0,0,0,0,0,1,0,0,0,0,1,No,No,No,Sí
A-2021-01-274,2021-01-25,2021,1,Enero,lunes,11:30,11,Mañana,No,LIMA,LIMA,VILLA MARIA DEL TRIUNFO,URBANA,-12.163841,-76.952571,CHOQUE,1,1,2,Sí,No,AVENIDA,URBANO,NO CORRESPONDE,DESPEJADO,COMERCIAL,TRAMO RECTO,PLANA,ASFALTADA,NEGLIGENCIA DEL CONDUCTOR,OTRO (NEGLIGENCIA DEL CONDUCTOR),4,1,1,0,2,2,0,0,0,1,0,2,2,4,44.75,18,73,0,1,0,0,0,0,NA,2,1,1,0,0,0,0,0,0,0,0,0,Sí,No,No,No
A-2021-01-381,2021-01-26,2021,1,Enero,martes,06:50,6,Mañana,No,LIMA,LIMA,SAN MARTIN DE PORRES,URBANA,-12.018966,-77.053367,ATROPELLO,1,0,1,No,No,JIRÓN,URBANO,NO CORRESPONDE,DESPEJADO,INDUSTRIAL,TRAMO RECTO,PLANA,ASFALTADA,EN PROCESO DE INVESTIGACIÓN,NO CUENTA CON CAUSA ESPECIFICA,2,1,0,0,1,0,1,0,0,0,1,2,0,2,41,25,57,0,0,0,0,0,0,NA,1,0,0,0,1,0,0,0,0,0,0,0,No,No,No,No
A-2021-01-282,2021-01-28,2021,1,Enero,jueves,05:00,5,Madrugada,No,LIMA,LIMA,COMAS,RURAL,-11.932369,-77.072179,CHOQUE FUGA,1,1,2,Sí,No,CARRETERA,NACIONAL,PE-1N,DESPEJADO,RURAL,TRAMO RECTO,PLANA,ASFALTADA,IMPRUDENCIA DEL CONDUCTOR,OTRO (IMPRUDENCIA DEL CONDUCTOR),3,1,1,0,2,1,0,0,0,1,0,2,1,2,42,38,46,0,0,0,0,0,0,NA,2,0,0,1,0,0,1,0,0,0,0,1,No,Sí,No,Sí
A-2021-01-284,2021-01-28,2021,1,Enero,jueves,17:20,17,Tarde,No,LIMA,LIMA,CARABAYLLO,URBANA,-11.89,-77.02691153,CHOQUE,1,0,1,No,No,AVENIDA,URBANO,NO CORRESPONDE,DESPEJADO,COMERCIAL,INTERSECCIÓN,PLANA,ASFALTADA,EN PROCESO DE INVESTIGACIÓN,NO CUENTA CON CAUSA ESPECIFICA,2,1,0,0,2,0,0,0,1,0,0,2,0,2,32.5,30,35,0,0,0,0,0,0,NA,2,0,0,1,0,1,0,0,0,0,0,0,No,Sí,No,No
A-2021-01-288,2021-01-29,2021,1,Enero,viernes,10:14,10,Mañana,No,LIMA,LIMA,SAN JUAN DE LURIGANCHO,URBANA,-12.02939938288795,-77.01008051633836,CHOQUE,1,0,1,No,No,AVENIDA,URBANO,NO CORRESPONDE,DESPEJADO,COMERCIAL,TRAMO RECTO,PLANA,ASFALTADA,IMPRUDENCIA DEL CONDUCTOR,OTRO (IMPRUDENCIA DEL CONDUCTOR),2,1,0,0,2,0,0,0,1,0,0,2,0,2,36.5,23,50,0,0,0,0,0,0,NA,2,1,1,0,0,0,0,0,0,0,0,0,Sí,No,No,No
A-2021-01-356,2021-01-30,2021,1,Enero,sábado,00:10,0,Madrugada,Sí,LIMA,LIMA,LURIGANCHO,URBANA,-11.987377,-76.897774,ATROPELLO FUGA,1,0,1,No,No,AVENIDA,URBANO,NO CORRESPONDE,DESPEJADO,COMERCIAL,TRAMO RECTO,PLANA,ASFALTADA,EN PROCESO DE INVESTIGACIÓN,NO CUENTA CON CAUSA ESPECIFICA,2,1,0,0,1,0,1,0,0,0,1,1,0,1,22,22,22,0,0,0,0,0,0,NA,1,0,0,0,0,0,1,0,0,0,0,1,No,No,No,Sí
A-2021-01-391,2021-01-30,2021,1,Enero,sábado,21:10,21,Noche,Sí,CALLAO,CALLAO,CALLAO,URBANA,-12.033276606846123,-77.10028573127246,CHOQUE,1,1,2,Sí,No,CARRETERA,NACIONAL,PE-20B,DESPEJADO,RESIDENCIAL,TRAMO RECTO,PLANA,CONCRETO,IMPRUDENCIA DEL CONDUCTOR,CONDUCIR EN ESTADO DE EBRIEDAD Y/O DROGADICCIÓN,2,1,1,0,2,0,0,0,1,0,0,2,0,2,48.5,38,59,0,0,0,0,0,0,NA,2,0,1,0,0,1,0,0,0,0,0,0,No,No,No,No
A-2021-02-248,2021-02-01,2021,2,Febrero,lunes,04:47,4,Madrugada,No,LIMA,LIMA,SAN ISIDRO,URBANA,-12.09219,-77.032178,CHOQUE,1,0,1,No,No,AVENIDA,URBANO,NO CORRESPONDE,DESPEJADO,RESIDENCIAL,INTERSECCIÓN,PLANA,ASFALTADA,NEGLIGENCIA DEL CONDUCTOR,CONDUCIR CON FALLAS DE DIRECCIÓN,2,1,0,1,2,0,0,0,1,0,0,2,0,2,48.5,28,69,0,1,0,0,2,0,No,2,0,2,0,0,0,0,0,0,0,0,0,No,No,No,No
A-2021-02-251,2021-02-01,2021,2,Febrero,lunes,07:10,7,Mañana,No,LIMA,LIMA,COMAS,URBANA,-11.937625632516268,-77.07126170396806,CHOQUE,1,0,1,No,No,AVENIDA,URBANO,NO CORRESPONDE,DESPEJADO,RESIDENCIAL,INTERSECCIÓN,PLANA,ASFALTADA,EN PROCESO DE INVESTIGACIÓN,NO CUENTA CON CAUSA ESPECIFICA,2,1,0,1,2,0,0,0,1,0,0,2,0,2,46.5,32,61,0,1,0,0,2,1,Sí,2,1,0,1,0,0,0,0,0,0,0,0,Sí,Sí,No,No
A-2021-02-124,2021-02-08,2021,2,Febrero,lunes,11:30,11,Mañana,No,LIMA,LIMA,SAN JUAN DE LURIGANCHO,URBANA,-12.025888,-76.98613,CHOQUE,1,0,1,No,No,AVENIDA,URBANO,NO CORRESPONDE,DESPEJADO,COMERCIAL,INTERSECCIÓN,PLANA,ASFALTADA,IMPRUDENCIA DEL CONDUCTOR,EXCESO DE VELOCIDAD,2,1,0,1,2,0,0,0,1,0,0,1,1,2,38.5,35,42,0,0,1,1,0,0,NA,2,1,1,0,0,0,0,0,2,0,0,0,Sí,No,No,No
A-2021-02-127,2021-02-08,2021,2,Febrero,lunes,15:40,15,Tarde,No,LIMA,LIMA,EL AGUSTINO,URBANA,-12.029121,-76.99979,ATROPELLO,1,0,1,No,No,AVENIDA,URBANO,NO CORRESPONDE,DESPEJADO,COMERCIAL,INTERSECCIÓN,PLANA,ASFALTADA,IMPRUDENCIA DEL CONDUCTOR,CONDUCIR EN ESTADO DE EBRIEDAD Y/O DROGADICCIÓN,2,1,0,1,1,0,1,0,0,0,1,2,0,2,33,29,37,0,0,0,1,0,0,NA,1,0,0,1,0,0,0,0,0,0,0,0,No,Sí,No,No
A-2021-02-249,2021-02-09,2021,2,Febrero,martes,20:00,20,Noche,No,LIMA,LIMA,SAN JUAN DE MIRAFLORES,URBANA,-12.156762275040453,-76.98325306177139,ATROPELLO,1,0,1,No,No,CARRETERA,NACIONAL,PE-1S,DESPEJADO,RESIDENCIAL,TRAMO RECTO,PLANA,ASFALTADA,IMPRUDENCIA DEL PEATÓN,ESTADO DE EBRIEDAD Y/O DROGADICCIÓN,2,1,0,1,1,0,1,0,0,0,1,2,0,2,56.5,56,57,0,0,0,0,1,0,No,1,0,0,1,0,0,0,0,0,0,0,0,No,Sí,No,No
A-2021-02-250,2021-02-09,2021,2,Febrero,martes,21:12,21,Noche,No,LIMA,LIMA,LA VICTORIA,URBANA,-12.076163677993936,-77.02763028722859,DESPISTE,1,0,1,No,No,AVENIDA,URBANO,NO CORRESPONDE,DESPEJADO,RESIDENCIAL,TRAMO RECTO,INCLINADA,ASFALTADA,IMPRUDENCIA DEL CONDUCTOR,EXCESO DE VELOCIDAD,1,1,0,0,1,0,0,0,1,0,0,1,0,1,22,22,22,0,0,0,0,1,0,No,1,1,0,0,0,0,0,0,0,0,0,0,Sí,No,No,No
A-2021-02-254,2021-02-10,2021,2,Febrero,miércoles,13:00,13,Tarde,No,LIMA,LIMA,SURQUILLO,URBANA,-12.117716928281103,-77.00858920812608,CHOQUE,1,0,1,No,No,AVENIDA,URBANO,NO CORRESPONDE,DESPEJADO,COMERCIAL,INTERSECCIÓN,PLANA,ASFALTADA,IMPERICIA DEL CONDUCTOR,NA,3,1,0,2,2,1,0,0,0,1,0,3,0,3,30.333333333333332,29,33,0,0,0,0,2,0,No,2,1,1,0,0,0,0,1,0,0,0,0,Sí,No,Sí,No
A-2021-02-252,2021-02-10,2021,2,Febrero,miércoles,15:30,15,Tarde,No,LIMA,LIMA,LURIN,URBANA,-12.290935854275048,-76.86632484197618,DESPISTE,1,0,1,No,No,CARRETERA,NACIONAL,PE-1S,DESPEJADO,INDUSTRIAL,TRAMO RECTO,PLANA,ASFALTADA,IMPRUDENCIA DEL CONDUCTOR,EXCESO DE VELOCIDAD,2,1,0,1,2,0,0,0,1,0,0,2,0,2,35.5,21,50,0,0,0,0,2,0,No,2,0,1,0,0,1,0,0,0,0,0,0,No,No,No,No
A-2021-02-253,2021-02-10,2021,2,Febrero,miércoles,16:15,16,Tarde,No,LIMA,LIMA,SAN LUIS,URBANA,-12.081299174313552,-76.99488312005998,ATROPELLO,1,0,1,No,No,AVENIDA,URBANO,NO CORRESPONDE,DESPEJADO,RESIDENCIAL,TRAMO RECTO,PLANA,ASFALTADA,IMPRUDENCIA DEL PEATÓN,USO DE DISPOSITIVOS MÓVILES Y/O ELECTRÓNICOS,2,1,0,1,1,0,1,0,0,0,1,1,1,2,53.5,26,81,0,1,0,0,1,0,No,1,0,0,0,0,1,0,0,0,0,0,0,No,No,No,No
A-2021-02-255,2021-02-12,2021,2,Febrero,viernes,07:15,7,Mañana,No,LIMA,LIMA,SAN MARTIN DE PORRES,URBANA,-11.954708647868605,-77.08510190248491,ATROPELLO,1,0,1,No,No,CARRETERA,NACIONAL,PE-20F,DESPEJADO,COMERCIAL,INTERSECCIÓN,PLANA,ASFALTADA,EN PROCESO DE INVESTIGACIÓN,NO CUENTA CON CAUSA ESPECIFICA,2,1,0,0,1,0,1,0,0,0,1,2,0,2,44.5,34,55,0,0,0,0,1,0,No,1,0,1,0,0,0,0,0,0,0,0,0,No,No,No,No
A-2021-02-244,2021-02-12,2021,2,Febrero,viernes,11:50,11,Mañana,No,CALLAO,CALLAO,CALLAO,URBANA,-12.055772845365073,-77.12188849777318,CHOQUE,1,0,1,No,No,AVENIDA,URBANO,NO CORRESPONDE,DESPEJADO,RESIDENCIAL,TRAMO RECTO,PLANA,ASFALTADA,NEGLIGENCIA DEL CONDUCTOR,OTRO (NEGLIGENCIA DEL CONDUCTOR),2,1,0,1,2,0,0,0,1,0,0,2,0,2,48.5,47,50,0,0,0,1,0,0,NA,2,0,1,0,0,1,0,1,2,0,0,0,No,No,Sí,No
A-2021-02-258,2021-02-13,2021,2,Febrero,sábado,08:00,8,Mañana,Sí,LIMA,LIMA,EL AGUSTINO,URBANA,-12.030233594117089,-76.99354463022675,ATROPELLO,1,0,1,No,No,CARRETERA,NACIONAL,PE-1N,DESPEJADO,RESIDENCIAL,INTERSECCIÓN,PLANA,ASFALTADA,IMPRUDENCIA DEL CONDUCTOR,EXCESO DE VELOCIDAD,2,1,0,1,1,0,1,0,0,0,1,2,0,2,77,70,84,0,2,0,0,1,0,No,1,0,0,1,0,0,0,0,0,0,0,0,No,Sí,No,No
A-2021-02-256,2021-02-13,2021,2,Febrero,sábado,17:20,17,Tarde,Sí,LIMA,LIMA,VILLA EL SALVADOR,URBANA,-12.199057991412102,-76.94201409816743,CHOQUE,1,2,3,Sí,No,AVENIDA,URBANO,NO CORRESPONDE,DESPEJADO,RESIDENCIAL,INTERSECCIÓN,PLANA,ASFALTADA,IMPRUDENCIA DEL CONDUCTOR,EXCESO DE VELOCIDAD,4,1,2,1,2,2,0,0,1,0,0,2,2,4,21.75,19,25,0,0,0,0,2,0,No,2,1,1,0,0,0,0,0,2,0,1,0,Sí,No,No,No
A-2021-02-259,2021-02-13,2021,2,Febrero,sábado,18:50,18,Noche,Sí,LIMA,LIMA,MIRAFLORES,URBANA,-12.116940683422829,-77.03471392393112,VOLCADURA,1,0,1,No,No,CALLE,URBANO,NO CORRESPONDE,DESPEJADO,RESIDENCIAL,INTERSECCIÓN,PLANA,ASFALTADA,IMPRUDENCIA DEL CONDUCTOR,EXCESO DE VELOCIDAD,1,1,0,0,1,0,0,0,1,0,0,1,0,1,29,29,29,0,0,0,0,0,0,NA,1,1,0,0,0,0,0,0,0,0,0,0,Sí,No,No,No
A-2021-02-257,2021-02-13,2021,2,Febrero,sábado,20:40,20,Noche,Sí,LIMA,LIMA,CARABAYLLO,URBANA,-11.861366118567192,-77.05357243780493,ATROPELLO FUGA,1,0,1,No,No,AVENIDA,URBANO,NO CORRESPONDE,DESPEJADO,INDUSTRIAL,INTERSECCIÓN,PLANA,ASFALTADA,IMPRUDENCIA DEL PEATÓN,CRUCE INDEBIDO POR LA CALZADA,2,1,0,1,1,0,1,0,0,0,1,2,0,2,35.5,30,41,0,0,0,0,1,0,No,1,0,0,0,1,0,0,1,0,0,0,0,No,No,Sí,No
A-2021-02-261,2021-02-16,2021,2,Febrero,martes,08:00,8,Mañana,No,LIMA,LIMA,LIMA,URBANA,-12.07343065154641,-77.0361972507521,CHOQUE,1,0,1,No,No,AVENIDA,URBANO,NO CORRESPONDE,DESPEJADO,RESIDENCIAL,INTERSECCIÓN,PLANA,ASFALTADA,IMPRUDENCIA DEL CONDUCTOR,EXCESO DE VELOCIDAD,2,1,0,1,2,0,0,0,1,0,0,2,0,2,42,35,49,0,0,0,0,2,0,No,2,0,1,0,0,1,0,0,0,0,0,0,No,No,No,No
A-2021-02-260,2021-02-16,2021,2,Febrero,martes,18:30,18,Noche,No,LIMA,LIMA,LINCE,URBANA,-12.08513,-77.04855,CHOQUE,1,0,1,No,No,AVENIDA,URBANO,NO CORRESPONDE,DESPEJADO,RESIDENCIAL,TRAMO RECTO,PLANA,ASFALTADA,IMPRUDENCIA DEL CONDUCTOR,OTRO (IMPRUDENCIA DEL CONDUCTOR),2,1,0,1,2,0,0,0,1,0,0,2,0,2,43.5,38,49,0,0,0,0,2,0,No,2,0,0,0,1,1,0,1,2,0,0,0,No,No,Sí,No
A-2021-02-262,2021-02-17,2021,2,Febrero,miércoles,11:30,11,Mañana,No,LIMA,LIMA,RIMAC,URBANA,-12.026901980340385,-77.04017210949648,ATROPELLO,1,0,1,No,No,AVENIDA,URBANO,NO CORRESPONDE,DESPEJADO,RESIDENCIAL,INTERSECCIÓN,PLANA,ASFALTADA,IMPRUDENCIA DEL PEATÓN,DESACATO DE SEÑAL DE TRÁNSITO,2,1,0,1,1,0,1,0,0,0,1,2,0,2,55.5,37,74,0,1,0,0,1,0,No,1,0,0,1,0,0,0,0,1,0,0,0,No,Sí,No,No
A-2021-02-264,2021-02-18,2021,2,Febrero,jueves,15:25,15,Tarde,No,LIMA,LIMA,VILLA MARIA DEL TRIUNFO,RURAL,-12.14029,-76.9112,CHOQUE CON OBJETO FIJO,1,3,4,Sí,No,CALLE,URBANO,NO CORRESPONDE,DESPEJADO,RURAL,PASE A DESNIVEL,INCLINADA,AFIRMADO,IMPRUDENCIA DEL CONDUCTOR,EXCESO DE VELOCIDAD,5,1,3,1,1,4,0,0,0,1,0,1,4,5,23,2,39,2,0,1,1,1,0,No,1,0,0,1,0,0,0,0,1,0,1,0,No,Sí,No,No
A-2021-02-263,2021-02-18,2021,2,Febrero,jueves,18:00,18,Noche,No,LIMA,LIMA,RIMAC,URBANA,-12.043103204032894,-77.02317771163345,ATROPELLO FUGA,1,0,1,No,No,CARRETERA,NACIONAL,PE-1N,DESPEJADO,INDUSTRIAL,TRAMO RECTO,PLANA,ASFALTADA,EN PROCESO DE INVESTIGACIÓN,NO CUENTA CON CAUSA ESPECIFICA,2,1,0,0,1,0,1,0,0,0,1,1,0,1,30,30,30,0,0,0,0,0,0,NA,1,0,0,0,0,0,1,0,0,0,0,1,No,No,No,Sí
A-2021-02-235,2021-02-19,2021,2,Febrero,viernes,08:30,8,Mañana,No,CALLAO,CALLAO,CALLAO,URBANA,-11.959804478406474,-77.12836781252078,CHOQUE,1,0,1,No,No,CARRETERA,NACIONAL,PE-20,DESPEJADO,INDUSTRIAL,TRAMO RECTO,PLANA,CONCRETO,EN PROCESO DE INVESTIGACIÓN,NO CUENTA CON CAUSA ESPECIFICA,2,1,0,1,2,0,0,0,1,0,0,2,0,2,43.5,21,66,0,1,0,0,0,0,NA,2,1,0,1,0,0,0,0,0,0,0,0,Sí,Sí,No,No
A-2021-02-265,2021-02-19,2021,2,Febrero,viernes,20:20,20,Noche,No,LIMA,LIMA,LIMA,URBANA,-12.061018898523395,-77.01281365599989,ATROPELLO,2,0,2,No,Sí,AVENIDA,URBANO,NO CORRESPONDE,DESPEJADO,COMERCIAL,INTERSECCIÓN,PLANA,ASFALTADA,IMPRUDENCIA DEL CONDUCTOR,EXCESO DE VELOCIDAD,3,2,0,1,1,0,2,0,0,0,2,1,2,3,22.666666666666668,7,34,1,0,0,0,1,0,No,1,0,0,0,1,0,0,1,1,0,0,0,No,No,Sí,No
A-2021-02-237,2021-02-21,2021,2,Febrero,domingo,21:40,21,Noche,Sí,LIMA,LIMA,MAGDALENA DEL MAR,URBANA,-12.096810104208997,-77.0752579074752,CHOQUE CON OBJETO FIJO,1,0,1,No,No,OTRO,URBANO,NO CORRESPONDE,SOLEADO,RURAL,TRAMO RECTO,PLANA,ASFALTADA,EN PROCESO DE INVESTIGACIÓN,NO CUENTA CON CAUSA ESPECIFICA,2,1,0,0,1,0,1,0,0,0,1,1,1,2,22.5,20,25,0,0,0,0,0,0,NA,1,1,0,0,0,0,0,0,0,0,0,0,Sí,No,No,No
A-2021-02-266,2021-02-22,2021,2,Febrero,lunes,07:30,7,Mañana,No,LIMA,LIMA,INDEPENDENCIA,URBANA,-11.988294226428462,-77.06414607991313,VOLCADURA,1,0,1,No,No,CARRETERA,NACIONAL,PE-1N,DESPEJADO,COMERCIAL,INTERSECCIÓN,PLANA,ASFALTADA,IMPRUDENCIA DEL CONDUCTOR,EXCESO DE VELOCIDAD,2,1,0,0,1,0,1,0,0,0,1,1,0,0,NA,NA,NA,NA,NA,0,0,0,0,NA,1,0,0,0,1,0,0,1,0,0,0,0,No,No,Sí,No
A-2021-02-236,2021-02-23,2021,2,Febrero,martes,17:00,17,Tarde,No,CALLAO,CALLAO,CALLAO,URBANA,-12.050285363986184,-77.11806391190329,DESPISTE,1,0,1,No,No,CARRETERA,NACIONAL,PE-20I,DESPEJADO,RESIDENCIAL,TRAMO RECTO,PLANA,CONCRETO,EN PROCESO DE INVESTIGACIÓN,NO CUENTA CON CAUSA ESPECIFICA,1,1,0,0,1,0,0,0,1,0,0,1,0,1,32,32,32,0,0,0,0,0,0,NA,1,1,0,0,0,0,0,0,0,0,0,0,Sí,No,No,No
A-2021-02-267,2021-02-23,2021,2,Febrero,martes,21:00,21,Noche,No,LIMA,LIMA,SANTA ANITA,URBANA,-12.057,-76.974,ATROPELLO FUGA,1,0,1,No,No,CARRETERA,NACIONAL,PE-1N,DESPEJADO,RESIDENCIAL,TRAMO RECTO,PLANA,ASFALTADA,EN PROCESO DE INVESTIGACIÓN,NO CUENTA CON CAUSA ESPECIFICA,2,1,0,0,1,0,1,0,0,0,1,1,0,0,NA,NA,NA,NA,NA,0,0,0,0,NA,1,0,0,0,0,0,1,0,0,0,0,1,No,No,No,Sí
A-2021-02-268,2021-02-24,2021,2,Febrero,miércoles,08:30,8,Mañana,No,LIMA,LIMA,RIMAC,URBANA,-12.034806871808192,-77.02985840706565,CHOQUE,1,0,1,No,No,AVENIDA,URBANO,NO CORRESPONDE,DESPEJADO,RESIDENCIAL,INTERSECCIÓN,PLANA,ASFALTADA,EN PROCESO DE INVESTIGACIÓN,NO CUENTA CON CAUSA ESPECIFICA,2,1,0,1,2,0,0,0,1,0,0,2,0,1,34,34,34,0,0,1,1,0,0,NA,2,1,1,0,0,0,0,0,0,0,0,0,Sí,No,No,No
A-2021-02-269,2021-02-26,2021,2,Febrero,viernes,07:30,7,Mañana,No,LIMA,LIMA,SAN JUAN DE MIRAFLORES,URBANA,-12.162491,-76.962732,ATROPELLO,1,0,1,No,No,AVENIDA,URBANO,NO CORRESPONDE,DESPEJADO,RESIDENCIAL,TRAMO RECTO,PLANA,ASFALTADA,IMPRUDENCIA DEL CONDUCTOR,OTRO (IMPRUDENCIA DEL CONDUCTOR),2,1,0,1,1,0,1,0,0,0,1,2,0,2,57,28,86,0,1,0,0,1,0,No,1,0,0,0,0,1,0,0,0,0,0,0,No,No,No,No
A-2021-02-270,2021-02-27,2021,2,Febrero,sábado,12:30,12,Tarde,Sí,LIMA,LIMA,EL AGUSTINO,URBANA,-12.032477409451634,-76.99107365892452,ATROPELLO,1,0,1,No,No,CARRETERA,NACIONAL,PE-1N,SOLEADO,RESIDENCIAL,TRAMO RECTO,PLANA,ASFALTADA,EN PROCESO DE INVESTIGACIÓN,NO CUENTA CON CAUSA ESPECIFICA,2,1,0,1,1,0,1,0,0,0,1,2,0,1,30,30,30,0,0,0,0,0,0,NA,1,0,0,0,1,0,0,1,0,0,0,0,No,No,Sí,No
A-2021-02-271,2021-02-27,2021,2,Febrero,sábado,22:30,22,Noche,Sí,LIMA,LIMA,CARABAYLLO,URBANA,-11.889978,-77.02457,DESPISTE,1,0,1,No,No,JIRÓN,URBANO,NO CORRESPONDE,DESPEJADO,RESIDENCIAL,TRAMO RECTO,INCLINADA,ASFALTADA,IMPRUDENCIA DEL CONDUCTOR,CONDUCIR EN ESTADO DE EBRIEDAD Y/O DROGADICCIÓN,1,1,0,0,1,0,0,0,1,0,0,1,0,1,46,46,46,0,0,0,0,1,1,Sí,1,1,0,0,0,0,0,0,0,1,0,0,Sí,No,No,No
A-2021-03-69,2021-03-01,2021,3,Marzo,lunes,08:00,8,Mañana,No,LIMA,LIMA,INDEPENDENCIA,URBANA,-11.9969,-77.0544,CAÍDA DE PASAJERO,1,0,1,No,No,AVENIDA,URBANO,NO CORRESPONDE,DESPEJADO,COMERCIAL,TRAMO RECTO,PLANA,ASFALTADA,EN PROCESO DE INVESTIGACIÓN,NO CUENTA CON CAUSA ESPECIFICA,2,1,0,0,1,1,0,0,0,1,0,1,1,2,22,21,23,0,0,0,0,0,0,NA,1,0,0,0,1,0,0,1,0,0,0,0,No,No,Sí,No
A-2021-03-170,2021-03-03,2021,3,Marzo,miércoles,18:00,18,Noche,No,LIMA,LIMA,SAN JUAN DE LURIGANCHO,URBANA,-11.960103612746728,-76.98185596768646,ATROPELLO,1,0,1,No,No,CARRETERA,SIN CLASIFICAR,SIN CLASIFICAR,DESPEJADO,RESIDENCIAL,INTERSECCIÓN,PLANA,ASFALTADA,IMPRUDENCIA DEL PEATÓN,OTRO (IMPRUDENCIA DEL PEATÓN),2,1,0,0,1,0,1,0,0,0,1,2,0,2,44,20,68,0,1,0,0,0,0,NA,1,0,1,0,0,0,0,0,1,0,0,0,No,No,No,No
A-2021-03-171,2021-03-04,2021,3,Marzo,jueves,20:40,20,Noche,No,LIMA,LIMA,SAN JUAN DE LURIGANCHO,URBANA,-11.961697,-76.982522,VOLCADURA,1,0,1,No,No,AVENIDA,URBANO,NO CORRESPONDE,DESPEJADO,RURAL,SINUOSA,INCLINADA,ASFALTADA,EN PROCESO DE INVESTIGACIÓN,NO CUENTA CON CAUSA ESPECIFICA,1,1,0,0,1,0,0,0,1,0,0,1,0,1,26,26,26,0,0,0,0,0,0,NA,1,1,0,0,0,0,0,0,0,0,0,0,Sí,No,No,No
A-2021-03-175,2021-03-05,2021,3,Marzo,viernes,00:30,0,Madrugada,No,LIMA,LIMA,SAN MARTIN DE PORRES,URBANA,-12.031772,-77.077474,DESPISTE,1,0,1,No,No,AVENIDA,URBANO,NO CORRESPONDE,DESPEJADO,COMERCIAL,INTERSECCIÓN,PLANA,ASFALTADA,INFRAESTRUCTURA Y ENTORNO VIAL,OTRO (INFRAESTRUCTURA Y ENTORNO VIAL),1,1,0,0,1,0,0,0,1,0,0,1,0,1,29,29,29,0,0,0,0,0,0,NA,1,1,0,0,0,0,0,0,0,0,0,0,Sí,No,No,No
A-2021-03-352,2021-03-05,2021,3,Marzo,viernes,19:00,19,Noche,No,LIMA,LIMA,LIMA,URBANA,-12.050964,-77.039908,ATROPELLO,1,0,1,No,No,JIRÓN,URBANO,NO CORRESPONDE,DESPEJADO,RESIDENCIAL,INTERSECCIÓN,PLANA,ASFALTADA,IMPRUDENCIA DEL PEATÓN,ESTADO DE EBRIEDAD Y/O DROGADICCIÓN,2,1,0,1,1,0,1,0,0,0,1,2,0,2,54,49,59,0,0,0,0,1,0,No,1,0,0,1,0,0,0,0,0,0,0,0,No,Sí,No,No
A-2021-03-201,2021-03-05,2021,3,Marzo,viernes,21:30,21,Noche,No,LIMA,LIMA,SAN JUAN DE MIRAFLORES,URBANA,-12.185667,-76.974538,ATROPELLO,1,0,1,No,No,CARRETERA,NACIONAL,PE-1S,DESPEJADO,RURAL,TRAMO RECTO,PLANA,ASFALTADA,IMPRUDENCIA DEL CONDUCTOR,OTRO (IMPRUDENCIA DEL CONDUCTOR),2,1,0,0,1,0,1,0,0,0,1,1,1,2,35.5,33,38,0,0,0,1,0,0,NA,1,0,1,0,0,0,0,0,0,1,0,0,No,No,No,No
A-2021-03-202,2021-03-06,2021,3,Marzo,sábado,03:50,3,Madrugada,Sí,LIMA,LIMA,COMAS,URBANA,-11.939114,-77.071492,ATROPELLO,3,0,3,No,Sí,CARRETERA,NACIONAL,PE-1N,DESPEJADO,RESIDENCIAL,OTRO,PLANA,ASFALTADA,IMPRUDENCIA DEL CONDUCTOR,OTRO (IMPRUDENCIA DEL CONDUCTOR),4,3,0,0,1,0,3,0,0,0,3,1,3,4,17.25,0,24,1,0,0,0,0,0,NA,1,0,1,0,0,0,0,0,0,0,0,0,No,No,No,No
A-2021-03-349,2021-03-07,2021,3,Marzo,domingo,12:30,12,Tarde,Sí,LIMA,LIMA,SANTA ROSA,URBANA,-11.790793427187955,-77.14873099633672,CHOQUE CON OBJETO FIJO,1,0,1,No,No,CARRETERA,NACIONAL,PE-1N,DESPEJADO,RESIDENCIAL,TRAMO RECTO,PLANA,ASFALTADA,IMPRUDENCIA DEL CONDUCTOR,OTRO (IMPRUDENCIA DEL CONDUCTOR),1,1,0,0,1,0,0,0,1,0,0,1,0,0,NA,NA,NA,NA,NA,1,1,0,0,NA,1,0,1,0,0,0,0,0,0,0,0,0,No,No,No,No
A-2021-03-218,2021-03-11,2021,3,Marzo,jueves,17:40,17,Tarde,No,LIMA,LIMA,PUENTE PIEDRA,URBANA,-11.91275,-77.07335,CHOQUE CON OBJETO FIJO,1,0,1,No,No,CARRETERA,NACIONAL,PE-1N,DESPEJADO,INDUSTRIAL,TRAMO RECTO,PLANA,ASFALTADA,IMPRUDENCIA DEL CONDUCTOR,EXCESO DE VELOCIDAD,1,1,0,0,1,0,0,0,1,0,0,1,0,0,NA,NA,NA,NA,NA,0,0,0,0,NA,1,0,0,0,0,1,0,0,0,0,0,0,No,No,No,No
A-2021-03-221,2021-03-12,2021,3,Marzo,viernes,16:00,16,Tarde,No,LIMA,LIMA,PUEBLO LIBRE,URBANA,-12.08142,-77.05889,ATROPELLO,1,0,1,No,No,AVENIDA,URBANO,NO CORRESPONDE,DESPEJADO,INDUSTRIAL,TRAMO RECTO,PLANA,ASFALTADA,EN PROCESO DE INVESTIGACIÓN,NO CUENTA CON CAUSA ESPECIFICA,2,1,0,0,1,0,1,0,0,0,1,2,0,2,51,39,63,0,1,0,0,0,0,NA,1,0,0,0,1,0,0,1,0,1,0,0,No,No,Sí,No
A-2021-03-346,2021-03-14,2021,3,Marzo,domingo,03:00,3,Madrugada,Sí,LIMA,LIMA,COMAS,URBANA,-11.946883,-77.070858,ATROPELLO FUGA,1,0,1,No,No,CARRETERA,NACIONAL,PE-1N,DESPEJADO,RESIDENCIAL,INTERSECCIÓN,PLANA,ASFALTADA,EN PROCESO DE INVESTIGACIÓN,NO CUENTA CON CAUSA ESPECIFICA,2,1,0,0,1,0,1,0,0,0,1,1,0,0,NA,NA,NA,NA,NA,0,0,0,0,NA,1,0,0,0,0,0,1,0,0,0,0,1,No,No,No,Sí
A-2021-03-228,2021-03-16,2021,3,Marzo,martes,16:00,16,Tarde,No,LIMA,LIMA,INDEPENDENCIA,URBANA,-12.00466,-77.06125,ATROPELLO FUGA,1,0,1,No,No,AVENIDA,URBANO,NO CORRESPONDE,DESPEJADO,INDUSTRIAL,TRAMO RECTO,PLANA,ASFALTADA,EN PROCESO DE INVESTIGACIÓN,NO CUENTA CON CAUSA ESPECIFICA,2,1,0,0,1,0,1,0,0,0,1,1,0,0,NA,NA,NA,NA,NA,0,0,0,0,NA,1,0,0,0,0,0,1,0,0,0,0,1,No,No,No,Sí
A-2021-03-311,2021-03-16,2021,3,Marzo,martes,17:30,17,Tarde,No,CALLAO,CALLAO,CALLAO,URBANA,-12.0474209170896,-77.08599033016722,ATROPELLO,1,1,2,Sí,No,AVENIDA,URBANO,NO CORRESPONDE,DESPEJADO,COMERCIAL,TRAMO RECTO,PLANA,CONCRETO,IMPRUDENCIA DEL PEATÓN,CRUCE INDEBIDO POR LA CALZADA,2,1,1,0,1,0,1,0,0,0,1,1,1,2,60,36,84,0,1,0,0,0,0,NA,1,1,0,0,0,0,0,0,0,0,0,0,Sí,No,No,No
A-2021-03-230,2021-03-17,2021,3,Marzo,miércoles,10:30,10,Mañana,No,LIMA,LIMA,SAN MARTIN DE PORRES,URBANA,-12.03756,-77.04597,ATROPELLO,1,0,1,No,No,AVENIDA,URBANO,NO CORRESPONDE,SOLEADO,INDUSTRIAL,TRAMO RECTO,PLANA,ASFALTADA,IMPRUDENCIA DEL PEATÓN,OTRO (IMPRUDENCIA DEL PEATÓN),2,1,0,0,1,0,1,0,0,0,1,2,0,2,60,40,80,0,1,0,0,0,0,NA,1,0,1,0,0,0,0,0,0,0,0,0,No,No,No,No
A-2021-03-233,2021-03-17,2021,3,Marzo,miércoles,17:00,17,Tarde,No,LIMA,LIMA,PUNTA NEGRA,URBANA,-12.38028,-76.78787,VOLCADURA,1,0,1,No,No,AVENIDA,URBANO,NO CORRESPONDE,DESPEJADO,INDUSTRIAL,TRAMO RECTO,PLANA,ASFALTADA,EN PROCESO DE INVESTIGACIÓN,NO CUENTA CON CAUSA ESPECIFICA,1,1,0,0,1,0,0,0,1,0,0,0,1,1,62,62,62,0,1,0,0,0,0,NA,1,0,0,0,0,1,0,0,0,0,0,0,No,No,No,No
A-2021-03-236,2021-03-19,2021,3,Marzo,viernes,08:40,8,Mañana,No,LIMA,LIMA,SANTIAGO DE SURCO,URBANA,-12.13744,-77.01514,DESPISTE,1,0,1,No,No,AVENIDA,URBANO,NO CORRESPONDE,DESPEJADO,INDUSTRIAL,TRAMO RECTO,PLANA,ASFALTADA,IMPRUDENCIA DEL CONDUCTOR,EXCESO DE VELOCIDAD,1,1,0,0,1,0,0,0,1,0,0,1,0,1,35,35,35,0,0,0,0,0,0,NA,1,0,0,1,0,0,0,0,0,0,0,0,No,Sí,No,No
A-2021-03-237,2021-03-20,2021,3,Marzo,sábado,07:00,7,Mañana,Sí,LIMA,LIMA,SAN MARTIN DE PORRES,URBANA,-12.00624,-77.0827,ATROPELLO,1,0,1,No,No,AVENIDA,URBANO,NO CORRESPONDE,DESPEJADO,INDUSTRIAL,TRAMO RECTO,PLANA,ASFALTADA,IMPRUDENCIA DEL CONDUCTOR,OTRO (IMPRUDENCIA DEL CONDUCTOR),2,1,0,0,1,0,1,0,0,0,1,2,0,2,57,40,74,0,1,1,1,0,0,NA,1,0,0,1,0,0,0,0,0,1,0,0,No,Sí,No,No
A-2021-03-238,2021-03-20,2021,3,Marzo,sábado,14:10,14,Tarde,Sí,LIMA,LIMA,EL AGUSTINO,URBANA,-12.0427,-76.98674,CHOQUE,1,0,1,No,No,CARRETERA,NACIONAL,PE-1N,DESPEJADO,RURAL,INTERSECCIÓN,PLANA,ASFALTADA,IMPRUDENCIA DEL CONDUCTOR,CONDUCIR EN ESTADO DE EBRIEDAD Y/O DROGADICCIÓN,2,1,0,0,2,0,0,0,1,0,0,1,0,1,43,43,43,0,0,0,0,0,0,NA,2,1,0,1,0,0,0,0,0,0,0,0,Sí,Sí,No,No
A-2021-03-326,2021-03-21,2021,3,Marzo,domingo,12:30,12,Tarde,Sí,LIMA,LIMA,INDEPENDENCIA,URBANA,-11.999400281006354,-77.0437503319536,DESPISTE,1,0,1,No,No,PASAJE,URBANO,NO CORRESPONDE,DESPEJADO,INDUSTRIAL,TRAMO RECTO,PLANA,ASFALTADA,EN PROCESO DE INVESTIGACIÓN,NO CUENTA CON CAUSA ESPECIFICA,2,1,0,1,1,0,1,0,0,0,1,2,0,1,59,59,59,0,0,0,1,0,0,NA,1,0,1,0,0,0,0,0,0,0,0,0,No,No,No,No
A-2021-03-240,2021-03-21,2021,3,Marzo,domingo,20:00,20,Noche,Sí,LIMA,LIMA,SAN MARTIN DE PORRES,URBANA,-12.00193,-77.087,ATROPELLO,1,0,1,No,No,AVENIDA,URBANO,NO CORRESPONDE,DESPEJADO,INDUSTRIAL,TRAMO RECTO,PLANA,ASFALTADA,IMPRUDENCIA DEL CONDUCTOR,EXCESO DE VELOCIDAD,2,1,0,0,1,0,1,0,0,0,1,2,0,1,60,60,60,0,1,0,0,0,0,NA,1,1,0,0,0,0,0,0,0,1,0,0,Sí,No,No,No
A-2021-03-243,2021-03-24,2021,3,Marzo,miércoles,09:30,9,Mañana,No,LIMA,LIMA,LA MOLINA,RURAL,-12.0607,-76.94719,CHOQUE,1,0,1,No,No,AVENIDA,URBANO,NO CORRESPONDE,DESPEJADO,INDUSTRIAL,TRAMO RECTO,PLANA,ASFALTADA,IMPRUDENCIA DEL CONDUCTOR,OTRO (IMPRUDENCIA DEL CONDUCTOR),2,1,0,0,2,0,0,0,1,0,0,2,0,1,20,20,20,0,0,0,0,0,0,NA,2,1,1,0,0,0,0,0,0,0,0,0,Sí,No,No,No
A-2021-03-353,2021-03-24,2021,3,Marzo,miércoles,14:30,14,Tarde,No,LIMA,LIMA,LURIGANCHO,URBANA,-11.945180194293133,-76.71322899549537,ATROPELLO,1,0,1,No,No,AVENIDA,URBANO,NO CORRESPONDE,SOLEADO,RESIDENCIAL,TRAMO RECTO,INCLINADA,ASFALTADA,EN PROCESO DE INVESTIGACIÓN,NO CUENTA CON CAUSA ESPECIFICA,2,1,0,1,1,0,1,0,0,0,1,2,0,2,65,51,79,0,1,0,0,0,0,NA,1,0,0,1,0,0,0,0,0,0,0,0,No,Sí,No,No
A-2021-03-354,2021-03-26,2021,3,Marzo,viernes,03:50,3,Madrugada,No,LIMA,LIMA,COMAS,URBANA,-11.953623,-77.051583,DESPISTE,1,0,1,No,No,AVENIDA,URBANO,NO CORRESPONDE,DESPEJADO,RESIDENCIAL,TRAMO RECTO,PLANA,ASFALTADA,IMPRUDENCIA DEL CONDUCTOR,OTRO (IMPRUDENCIA DEL CONDUCTOR),2,1,0,1,1,0,1,0,0,0,1,2,0,2,61.5,37,86,0,1,0,0,1,0,No,1,0,1,0,0,0,0,0,0,0,0,0,No,No,No,No
A-2021-03-355,2021-03-26,2021,3,Marzo,viernes,22:00,22,Noche,No,LIMA,LIMA,VILLA MARIA DEL TRIUNFO,URBANA,-12.193128,-76.935911,CHOQUE,1,0,1,No,No,AVENIDA,URBANO,NO CORRESPONDE,DESPEJADO,RESIDENCIAL,INTERSECCIÓN,INCLINADA,ASFALTADA,IMPRUDENCIA DEL CONDUCTOR,OTRO (IMPRUDENCIA DEL CONDUCTOR),2,1,0,1,2,0,0,0,1,0,0,2,0,2,33,28,38,0,0,0,0,2,0,No,2,1,0,0,1,0,0,1,0,0,0,0,Sí,No,Sí,No
A-2021-03-356,2021-03-27,2021,3,Marzo,sábado,17:00,17,Tarde,Sí,LIMA,LIMA,VILLA EL SALVADOR,URBANA,-12.244081782334527,-76.94098072336237,CHOQUE,1,2,3,Sí,No,CARRETERA,NACIONAL,PE-1S,DESPEJADO,RESIDENCIAL,TRAMO RECTO,PLANA,ASFALTADA,EN PROCESO DE INVESTIGACIÓN,NO CUENTA CON CAUSA ESPECIFICA,4,1,2,1,2,2,0,0,1,0,0,4,0,2,45,40,50,0,0,0,0,0,0,NA,2,0,2,0,0,0,0,0,0,0,1,0,No,No,No,No
A-2021-03-297,2021-03-27,2021,3,Marzo,sábado,23:30,23,Noche,Sí,CALLAO,CALLAO,LA PERLA,URBANA,-12.06490615771504,-77.11599952363943,DESPISTE,1,0,1,No,No,AVENIDA,URBANO,NO CORRESPONDE,DESPEJADO,COMERCIAL,TRAMO RECTO,PLANA,CONCRETO,IMPRUDENCIA DEL CONDUCTOR,CONDUCIR EN ESTADO DE EBRIEDAD Y/O DROGADICCIÓN,1,1,0,0,1,0,0,0,1,0,0,1,0,1,42,42,42,0,0,0,0,0,0,NA,1,1,0,0,0,0,0,0,0,0,0,0,Sí,No,No,No
A-2021-03-357,2021-03-29,2021,3,Marzo,lunes,05:50,5,Madrugada,No,LIMA,LIMA,VILLA EL SALVADOR,URBANA,-12.224975,-76.932972,CHOQUE,1,2,3,Sí,No,AVENIDA,URBANO,NO CORRESPONDE,DESPEJADO,ESCOLAR,INTERSECCIÓN,INCLINADA,ASFALTADA,IMPRUDENCIA DEL CONDUCTOR,OTRO (IMPRUDENCIA DEL CONDUCTOR),4,1,2,1,2,2,0,0,1,0,0,2,2,3,37.333333333333336,22,46,0,0,1,1,0,0,NA,2,1,1,0,0,0,0,1,0,0,0,0,Sí,No,Sí,No
A-2021-03-358,2021-03-29,2021,3,Marzo,lunes,07:45,7,Mañana,No,LIMA,LIMA,CHORRILLOS,URBANA,-12.183982,-77.008011,CHOQUE,1,0,1,No,No,AVENIDA,URBANO,NO CORRESPONDE,DESPEJADO,RESIDENCIAL,INTERSECCIÓN,PLANA,ASFALTADA,IMPRUDENCIA DEL CONDUCTOR,EXCESO DE VELOCIDAD,3,1,0,2,2,0,1,0,0,0,1,3,0,0,NA,NA,NA,NA,NA,0,0,0,0,NA,2,0,1,0,1,0,0,2,0,0,0,0,No,No,Sí,No
A-2021-03-359,2021-03-29,2021,3,Marzo,lunes,19:00,19,Noche,No,LIMA,LIMA,SAN JUAN DE LURIGANCHO,URBANA,-12.027828,-77.001119,ATROPELLO,1,0,1,No,No,AVENIDA,URBANO,NO CORRESPONDE,DESPEJADO,RESIDENCIAL,INTERSECCIÓN,PLANA,ASFALTADA,IMPRUDENCIA DEL CONDUCTOR,EXCESO DE VELOCIDAD,2,1,0,1,1,0,1,0,0,0,1,2,0,1,75,75,75,0,1,0,0,0,0,NA,1,1,0,0,0,0,0,0,1,0,0,0,Sí,No,No,No
A-2021-03-360,2021-03-29,2021,3,Marzo,lunes,20:00,20,Noche,No,LIMA,LIMA,COMAS,URBANA,-11.91039907384613,-77.02092664971087,DESPISTE,1,0,1,No,No,JIRÓN,URBANO,NO CORRESPONDE,DESPEJADO,RESIDENCIAL,INTERSECCIÓN,INCLINADA,TROCHA,EN PROCESO DE INVESTIGACIÓN,NO CUENTA CON CAUSA ESPECIFICA,1,1,0,0,1,0,0,0,1,0,0,1,0,0,NA,NA,NA,NA,NA,0,0,0,0,NA,1,1,0,0,0,0,0,0,0,1,0,0,Sí,No,No,No
A-2021-03-361,2021-03-31,2021,3,Marzo,miércoles,15:45,15,Tarde,No,LIMA,LIMA,SAN ISIDRO,URBANA,-12.096617,-77.055005,ATROPELLO,1,0,1,No,No,AVENIDA,URBANO,NO CORRESPONDE,SOLEADO,RESIDENCIAL,TRAMO RECTO,PLANA,ASFALTADA,IMPRUDENCIA DEL CONDUCTOR,OTRO (IMPRUDENCIA DEL CONDUCTOR),2,1,0,1,1,0,1,0,0,0,1,1,1,2,71,53,89,0,1,0,0,0,0,NA,1,0,0,0,1,0,0,1,0,0,0,0,No,No,Sí,No
A-2021-03-299,2021-03-31,2021,3,Marzo,miércoles,21:40,21,Noche,No,LIMA,LIMA,LURIN,URBANA,-12.2617770804141,-76.8831283306641,ATROPELLO,1,0,1,No,No,AVENIDA,URBANO,NO CORRESPONDE,DESPEJADO,RESIDENCIAL,TRAMO RECTO,PLANA,ASFALTADA,IMPRUDENCIA DEL PEATÓN,ESTADO DE EBRIEDAD Y/O DROGADICCIÓN,2,1,0,0,1,0,1,0,0,0,1,2,0,0,NA,NA,NA,NA,NA,0,0,0,0,NA,1,0,1,0,0,0,0,0,0,0,0,0,No,No,No,No
A-2021-04-6,2021-04-01,2021,4,Abril,jueves,21:40,21,Noche,No,CALLAO,CALLAO,VENTANILLA,URBANA,-11.918688730717221,-77.1287114439881,DESPISTE,2,5,7,Sí,Sí,AVENIDA,URBANO,NO CORRESPONDE,DESPEJADO,INDUSTRIAL,TRAMO RECTO,PLANA,CONCRETO,IMPRUDENCIA DEL CONDUCTOR,CONDUCIR EN ESTADO DE EBRIEDAD Y/O DROGADICCIÓN,8,2,5,1,1,7,0,0,0,2,0,8,0,8,27.875,21,35,0,0,0,0,0,0,NA,1,0,1,0,0,0,0,0,0,0,0,0,No,No,No,No
A-2021-04-219,2021-04-03,2021,4,Abril,sábado,10:30,10,Mañana,Sí,LIMA,LIMA,SAN MARTIN DE PORRES,RURAL,-12.015548,-77.052266,ATROPELLO,1,0,1,No,No,AVENIDA,URBANO,NO CORRESPONDE,DESPEJADO,INDUSTRIAL,TRAMO RECTO,PLANA,ASFALTADA,IMPRUDENCIA DEL PEATÓN,OTRO (IMPRUDENCIA DEL PEATÓN),2,1,0,1,1,0,1,0,0,0,1,2,0,1,47,47,47,0,0,0,1,0,0,NA,1,0,1,0,0,0,0,0,1,0,0,0,No,No,No,No
A-2021-04-220,2021-04-06,2021,4,Abril,martes,10:20,10,Mañana,No,LIMA,LIMA,EL AGUSTINO,URBANA,-12.054878,-77.004339,CHOQUE,1,4,5,Sí,No,AVENIDA,URBANO,NO CORRESPONDE,DESPEJADO,INDUSTRIAL,TRAMO RECTO,PLANA,ASFALTADA,EN PROCESO DE INVESTIGACIÓN,NO CUENTA CON CAUSA ESPECIFICA,7,1,4,2,3,4,0,0,1,0,0,2,5,5,42.4,35,46,0,0,0,1,0,0,NA,3,0,0,1,1,1,0,0,0,0,0,0,No,Sí,No,No
A-2021-04-221,2021-04-07,2021,4,Abril,miércoles,17:00,17,Tarde,No,LIMA,LIMA,RIMAC,URBANA,-12.041403,-77.020181,ATROPELLO,1,0,1,No,No,AVENIDA,URBANO,NO CORRESPONDE,DESPEJADO,RESIDENCIAL,TRAMO RECTO,PLANA,ASFALTADA,IMPRUDENCIA DEL PEATÓN,OTRO (IMPRUDENCIA DEL PEATÓN),2,1,0,0,1,0,1,0,0,0,1,2,0,2,49,30,68,0,1,0,0,0,0,NA,1,0,0,0,1,0,0,1,0,0,0,0,No,No,Sí,No
A-2021-04-222,2021-04-07,2021,4,Abril,miércoles,18:00,18,Noche,No,LIMA,LIMA,LIMA,URBANA,-12.05516205666465,-77.01369525044477,ATROPELLO FUGA,1,0,1,No,No,AVENIDA,URBANO,NO CORRESPONDE,DESPEJADO,INDUSTRIAL,TRAMO RECTO,PLANA,ASFALTADA,EN PROCESO DE INVESTIGACIÓN,NO CUENTA CON CAUSA ESPECIFICA,2,1,0,0,1,0,1,0,0,0,1,0,0,0,NA,NA,NA,NA,NA,0,0,0,0,NA,1,0,0,0,0,0,1,0,0,0,0,1,No,No,No,Sí
A-2021-04-232,2021-04-07,2021,4,Abril,miércoles,18:00,18,Noche,No,LIMA,LIMA,EL AGUSTINO,URBANA,-12.053118221273774,-77.00628305305597,ATROPELLO,1,0,1,No,No,JIRÓN,URBANO,NO CORRESPONDE,DESPEJADO,COMERCIAL,TRAMO RECTO,PLANA,ASFALTADA,NEGLIGENCIA DEL CONDUCTOR,OTRO (NEGLIGENCIA DEL CONDUCTOR),2,1,0,0,1,0,1,0,0,0,1,2,0,1,0,0,0,1,0,0,0,0,0,NA,1,0,0,1,0,0,0,0,0,0,0,0,No,Sí,No,No
A-2021-04-231,2021-04-07,2021,4,Abril,miércoles,21:20,21,Noche,No,LIMA,LIMA,PUENTE PIEDRA,URBANA,-11.83371,-77.113468,ATROPELLO,1,0,1,No,No,CARRETERA,NACIONAL,PE-1N,DESPEJADO,RURAL,TRAMO RECTO,PLANA,ASFALTADA,IMPRUDENCIA DEL CONDUCTOR,OTRO (IMPRUDENCIA DEL CONDUCTOR),2,1,0,0,1,0,1,0,0,0,1,1,0,0,NA,NA,NA,NA,NA,0,0,0,0,NA,1,0,0,1,0,0,0,0,0,0,0,0,No,Sí,No,No
A-2021-04-234,2021-04-09,2021,4,Abril,viernes,08:10,8,Mañana,No,LIMA,LIMA,SAN MARTIN DE PORRES,URBANA,-12.0208394,-77.0591224,DESPISTE,1,0,1,No,No,CARRETERA,NACIONAL,PE-1N,DESPEJADO,COMERCIAL,TRAMO RECTO,PLANA,ASFALTADA,EN PROCESO DE INVESTIGACIÓN,NO CUENTA CON CAUSA ESPECIFICA,1,1,0,0,1,0,0,0,1,0,0,1,0,1,40,40,40,0,0,0,1,0,0,NA,1,0,1,0,0,0,0,0,1,0,0,0,No,No,No,No
A-2021-04-233,2021-04-09,2021,4,Abril,viernes,20:20,20,Noche,No,LIMA,LIMA,SAN JUAN DE LURIGANCHO,URBANA,-11.969483,-77.005295,ATROPELLO FUGA,1,0,1,No,No,AVENIDA,URBANO,NO CORRESPONDE,DESPEJADO,INDUSTRIAL,TRAMO RECTO,PLANA,ASFALTADA,IMPRUDENCIA DEL PEATÓN,OTRO (IMPRUDENCIA DEL PEATÓN),2,1,0,0,1,0,1,0,0,0,1,1,0,1,49,49,49,0,0,0,0,0,0,NA,1,0,0,0,0,0,1,0,0,0,0,1,No,No,No,Sí
A-2021-04-235,2021-04-10,2021,4,Abril,sábado,08:00,8,Mañana,Sí,LIMA,LIMA,COMAS,URBANA,-11.936976,-77.057317,ATROPELLO,1,0,1,No,No,AVENIDA,URBANO,NO CORRESPONDE,DESPEJADO,COMERCIAL,TRAMO RECTO,PLANA,ASFALTADA,IMPRUDENCIA DEL CONDUCTOR,OTRO (IMPRUDENCIA DEL CONDUCTOR),2,1,0,1,1,0,1,0,0,0,1,2,0,1,26,26,26,0,0,1,1,0,0,NA,1,1,0,0,0,0,0,0,0,0,0,0,Sí,No,No,No
A-2021-04-239,2021-04-10,2021,4,Abril,sábado,14:30,14,Tarde,Sí,LIMA,LIMA,LIMA,URBANA,-12.046567,-77.045112,DESPISTE,1,6,7,Sí,No,AVENIDA,URBANO,NO CORRESPONDE,SOLEADO,INDUSTRIAL,TRAMO RECTO,PLANA,ASFALTADA,NEGLIGENCIA DEL CONDUCTOR,OTRO (NEGLIGENCIA DEL CONDUCTOR),8,1,6,1,4,2,2,0,1,0,0,4,4,7,39,0,77,1,1,0,0,0,0,NA,4,1,1,0,1,1,0,0,0,0,0,0,Sí,No,No,No
A-2021-04-39,2021-04-10,2021,4,Abril,sábado,22:30,22,Noche,Sí,CALLAO,CALLAO,MI PERU,URBANA,-11.856284191345669,-77.12128517216202,CHOQUE,1,2,3,Sí,No,AVENIDA,URBANO,NO CORRESPONDE,DESPEJADO,RESIDENCIAL,TRAMO RECTO,INCLINADA,ASFALTADA,IMPRUDENCIA DEL CONDUCTOR,OTRO (IMPRUDENCIA DEL CONDUCTOR),3,1,2,0,3,0,0,0,1,0,0,3,0,3,54.666666666666664,37,67,0,2,0,0,0,0,NA,3,1,1,0,1,0,0,1,0,0,0,0,Sí,No,Sí,No
A-2021-04-258,2021-04-11,2021,4,Abril,domingo,04:20,4,Madrugada,Sí,LIMA,LIMA,LURIN,RURAL,-12.28545,-76.87457,CHOQUE,1,0,1,No,No,CARRETERA,NACIONAL,PE-1S,DESPEJADO,INDUSTRIAL,TRAMO RECTO,PLANA,ASFALTADA,EN PROCESO DE INVESTIGACIÓN,NO CUENTA CON CAUSA ESPECIFICA,2,1,0,0,2,0,0,0,1,0,0,1,0,0,NA,NA,NA,NA,NA,0,0,0,0,NA,2,1,0,0,0,0,1,0,0,0,0,1,Sí,No,No,Sí
A-2021-04-240,2021-04-11,2021,4,Abril,domingo,09:40,9,Mañana,Sí,LIMA,LIMA,SAN JUAN DE LURIGANCHO,URBANA,-12.01158658248876,-77.00225764657088,ATROPELLO,1,0,1,No,No,CALLE,URBANO,NO CORRESPONDE,SOLEADO,INDUSTRIAL,TRAMO RECTO,PLANA,ASFALTADA,IMPRUDENCIA DEL CONDUCTOR,OTRO (IMPRUDENCIA DEL CONDUCTOR),2,1,0,1,1,0,1,0,0,0,1,2,0,1,34,34,34,0,0,0,1,0,0,NA,1,0,0,0,1,0,0,0,0,0,0,0,No,No,No,No
A-2021-04-241,2021-04-13,2021,4,Abril,martes,21:40,21,Noche,No,LIMA,LIMA,ATE,URBANA,-12.016930624496405,-76.89219493519806,ATROPELLO FUGA,1,0,1,No,No,CARRETERA,NACIONAL,PE-22,DESPEJADO,INDUSTRIAL,TRAMO RECTO,PLANA,ASFALTADA,EN PROCESO DE INVESTIGACIÓN,NO CUENTA CON CAUSA ESPECIFICA,2,1,0,0,1,0,1,0,0,0,1,0,0,0,NA,NA,NA,NA,NA,0,0,0,0,NA,1,0,0,0,0,0,1,0,0,0,0,1,No,No,No,Sí
A-2021-04-242,2021-04-14,2021,4,Abril,miércoles,17:40,17,Tarde,No,LIMA,LIMA,PUEBLO LIBRE,URBANA,-12.07116,-77.050526,CHOQUE,1,0,1,No,No,AVENIDA,URBANO,NO CORRESPONDE,DESPEJADO,INDUSTRIAL,TRAMO RECTO,PLANA,ASFALTADA,IMPRUDENCIA DEL CONDUCTOR,OTRO (IMPRUDENCIA DEL CONDUCTOR),2,1,0,1,2,0,0,0,1,0,0,2,0,0,NA,NA,NA,NA,NA,0,0,0,0,NA,2,1,0,0,1,0,0,0,0,0,0,0,Sí,No,No,No
A-2021-04-243,2021-04-15,2021,4,Abril,jueves,13:00,13,Tarde,No,LIMA,LIMA,LURIGANCHO,URBANA,-11.967223,-76.936176,CHOQUE,1,2,3,Sí,No,AVENIDA,URBANO,NO CORRESPONDE,DESPEJADO,RURAL,TRAMO RECTO,PLANA,ASFALTADA,IMPRUDENCIA DEL CONDUCTOR,EXCESO DE VELOCIDAD,6,1,2,3,3,2,1,0,0,0,1,5,1,6,48,41,57,0,0,0,0,0,0,NA,3,0,1,2,0,0,0,0,0,0,0,0,No,Sí,No,No
A-2021-04-244,2021-04-16,2021,4,Abril,viernes,07:20,7,Mañana,No,LIMA,LIMA,SAN LUIS,URBANA,-12.076392689319754,-76.99618090398323,ATROPELLO,1,0,1,No,No,AVENIDA,URBANO,NO CORRESPONDE,DESPEJADO,RESIDENCIAL,TRAMO RECTO,PLANA,ASFALTADA,EN PROCESO DE INVESTIGACIÓN,NO CUENTA CON CAUSA ESPECIFICA,2,1,0,1,1,0,1,0,0,0,1,2,0,1,21,21,21,0,0,0,0,0,0,NA,1,1,0,0,0,0,0,0,0,0,0,0,Sí,No,No,No
A-2021-04-84,2021-04-17,2021,4,Abril,sábado,04:45,4,Madrugada,Sí,CALLAO,CALLAO,CALLAO,URBANA,-12.061784813699617,-77.13568562333947,CHOQUE,1,3,4,Sí,No,AVENIDA,URBANO,NO CORRESPONDE,DESPEJADO,RESIDENCIAL,TRAMO RECTO,PLANA,ASFALTADA,EN PROCESO DE INVESTIGACIÓN,NO CUENTA CON CAUSA ESPECIFICA,5,1,3,0,2,2,1,0,0,0,1,3,1,4,30.25,22,47,0,0,0,0,0,0,NA,2,0,2,0,0,0,0,1,0,0,0,0,No,No,Sí,No
A-2021-04-245,2021-04-19,2021,4,Abril,lunes,19:45,19,Noche,No,LIMA,LIMA,SANTIAGO DE SURCO,URBANA,-12.143660765494351,-76.98169504559282,ATROPELLO,1,0,1,No,No,CARRETERA,NACIONAL,PE-1S,DESPEJADO,INDUSTRIAL,TRAMO RECTO,PLANA,ASFALTADA,IMPRUDENCIA DEL PEATÓN,OTRO (IMPRUDENCIA DEL PEATÓN),2,1,0,1,1,0,1,0,0,0,1,2,0,2,51.5,38,65,0,1,0,0,0,0,NA,1,0,1,0,0,0,0,0,0,0,0,0,No,No,No,No
A-2021-04-309,2021-04-21,2021,4,Abril,miércoles,08:00,8,Mañana,No,CALLAO,CALLAO,CARMEN DE LA LEGUA REYNOSO,URBANA,-12.039089714698626,-77.09487395265722,ATROPELLO,1,0,1,No,No,AVENIDA,URBANO,NO CORRESPONDE,DESPEJADO,RESIDENCIAL,TRAMO RECTO,PLANA,ASFALTADA,EN PROCESO DE INVESTIGACIÓN,NO CUENTA CON CAUSA ESPECIFICA,2,1,0,1,1,0,1,0,0,0,1,1,1,2,45,36,54,0,0,0,0,0,0,NA,1,0,0,1,0,0,0,0,0,0,0,0,No,Sí,No,No
A-2021-04-246,2021-04-21,2021,4,Abril,miércoles,10:00,10,Mañana,No,LIMA,LIMA,SAN JUAN DE LURIGANCHO,URBANA,-11.916645,-76.969383,ATROPELLO,1,0,1,No,No,AVENIDA,URBANO,NO CORRESPONDE,DESPEJADO,COMERCIAL,TRAMO RECTO,PLANA,ASFALTADA,IMPRUDENCIA DEL PEATÓN,OTRO (IMPRUDENCIA DEL PEATÓN),2,1,0,1,1,0,1,0,0,0,1,2,0,2,40.5,32,49,0,0,0,0,0,0,NA,1,0,0,1,0,0,0,0,0,0,0,0,No,Sí,No,No
A-2021-04-250,2021-04-22,2021,4,Abril,jueves,22:00,22,Noche,No,LIMA,LIMA,SANTIAGO DE SURCO,URBANA,-12.139552,-76.981017,ATROPELLO,1,0,1,No,No,CARRETERA,NACIONAL,PE-1S,DESPEJADO,INDUSTRIAL,TRAMO RECTO,PLANA,ASFALTADA,IMPRUDENCIA DEL PEATÓN,OTRO (IMPRUDENCIA DEL PEATÓN),2,1,0,1,1,0,1,0,0,0,1,2,0,2,36.5,27,46,0,0,0,0,0,0,NA,1,0,0,1,0,0,0,0,0,0,0,0,No,Sí,No,No
A-2021-04-140,2021-04-25,2021,4,Abril,domingo,02:15,2,Madrugada,Sí,CALLAO,CALLAO,CALLAO,URBANA,-12.050127977587698,-77.13967692583283,ATROPELLO,1,0,1,No,No,CARRETERA,NACIONAL,PE-20,DESPEJADO,COMERCIAL,TRAMO RECTO,PLANA,CONCRETO,EN PROCESO DE INVESTIGACIÓN,NO CUENTA CON CAUSA ESPECIFICA,2,1,0,1,1,0,1,0,0,0,1,2,0,2,53.5,48,59,0,0,0,0,0,0,NA,1,0,0,1,0,0,0,0,0,0,0,0,No,Sí,No,No
A-2021-04-141,2021-04-25,2021,4,Abril,domingo,22:00,22,Noche,Sí,CALLAO,CALLAO,CALLAO,URBANA,-11.969749205859333,-77.12548212654109,CHOQUE,1,0,1,No,No,CARRETERA,NACIONAL,PE-20,DESPEJADO,COMERCIAL,TRAMO RECTO,PLANA,CONCRETO,EN PROCESO DE INVESTIGACIÓN,NO CUENTA CON CAUSA ESPECIFICA,2,1,0,1,2,0,0,0,1,0,0,1,1,2,34,30,38,0,0,0,0,0,0,NA,2,0,1,0,0,1,0,0,0,0,0,0,No,No,No,No
A-2021-04-252,2021-04-26,2021,4,Abril,lunes,02:00,2,Madrugada,No,LIMA,LIMA,SAN MARTIN DE PORRES,URBANA,-12.018517,-77.059519,ATROPELLO FUGA,1,0,1,No,No,CARRETERA,NACIONAL,PE-1N,DESPEJADO,INDUSTRIAL,TRAMO RECTO,PLANA,ASFALTADA,EN PROCESO DE INVESTIGACIÓN,NO CUENTA CON CAUSA ESPECIFICA,2,1,0,0,1,0,1,0,0,0,1,1,0,0,NA,NA,NA,NA,NA,0,0,0,0,NA,1,0,0,0,0,0,1,0,0,0,0,1,No,No,No,Sí
A-2021-04-310,2021-04-26,2021,4,Abril,lunes,07:15,7,Mañana,No,LIMA,LIMA,EL AGUSTINO,RURAL,-12.036416235190407,-77.00151550062228,ATROPELLO FUGA,1,0,1,No,No,OTRO,URBANO,NO CORRESPONDE,DESPEJADO,RESIDENCIAL,TRAMO RECTO,PLANA,EMPEDRADO,EN PROCESO DE INVESTIGACIÓN,NO CUENTA CON CAUSA ESPECIFICA,2,1,0,1,1,0,1,0,0,0,1,2,0,2,70.5,63,78,0,2,1,1,0,0,NA,1,0,0,0,0,0,0,0,0,0,0,0,No,No,No,No
A-2021-04-253,2021-04-26,2021,4,Abril,lunes,12:00,12,Tarde,No,LIMA,LIMA,SAN JUAN DE LURIGANCHO,URBANA,-12.009293,-77.004063,CHOQUE CON OBJETO FIJO,1,0,1,No,No,AVENIDA,URBANO,NO CORRESPONDE,DESPEJADO,INDUSTRIAL,TRAMO RECTO,PLANA,ASFALTADA,IMPRUDENCIA DEL CONDUCTOR,EXCESO DE VELOCIDAD,1,1,0,0,1,0,0,0,1,0,0,1,0,1,30,30,30,0,0,0,1,0,0,NA,1,1,0,0,0,0,0,0,0,0,0,0,Sí,No,No,No
A-2021-04-254,2021-04-26,2021,4,Abril,lunes,18:20,18,Noche,No,LIMA,LIMA,LOS OLIVOS,URBANA,-12.007427,-77.061738,ATROPELLO,1,0,1,No,No,CARRETERA,NACIONAL,PE-1N,DESPEJADO,INDUSTRIAL,TRAMO RECTO,PLANA,ASFALTADA,IMPRUDENCIA DEL PEATÓN,OTRO (IMPRUDENCIA DEL PEATÓN),2,1,0,1,1,0,1,0,0,0,1,1,0,1,51,51,51,0,0,0,0,0,0,NA,1,0,0,0,1,0,0,0,0,0,0,0,No,No,No,No
A-2021-04-255,2021-04-26,2021,4,Abril,lunes,19:30,19,Noche,No,LIMA,LIMA,SAN JUAN DE LURIGANCHO,URBANA,-11.975217,-77.00532,ATROPELLO,1,0,1,No,No,JIRÓN,URBANO,NO CORRESPONDE,DESPEJADO,INDUSTRIAL,TRAMO RECTO,PLANA,ASFALTADA,IMPRUDENCIA DEL CONDUCTOR,OTRO (IMPRUDENCIA DEL CONDUCTOR),2,1,0,1,1,0,1,0,0,0,1,1,1,2,54,32,76,0,1,0,0,0,0,NA,1,0,0,1,0,0,0,0,0,0,0,0,No,Sí,No,No
A-2021-04-256,2021-04-26,2021,4,Abril,lunes,23:15,23,Noche,No,LIMA,LIMA,CHACLACAYO,URBANA,-11.980851,-76.792388,DESPISTE,2,2,4,Sí,Sí,CARRETERA,NACIONAL,PE-22,DESPEJADO,INDUSTRIAL,TRAMO RECTO,PLANA,ASFALTADA,IMPRUDENCIA DEL CONDUCTOR,EXCESO DE VELOCIDAD,5,2,2,1,2,3,0,0,1,1,0,4,1,3,57,53,60,0,1,1,1,0,0,NA,2,0,1,0,1,0,0,0,0,0,0,0,No,No,No,No
A-2021-04-259,2021-04-28,2021,4,Abril,miércoles,04:30,4,Madrugada,No,LIMA,LIMA,LOS OLIVOS,URBANA,-11.923226255573335,-77.07654145949084,CHOQUE,1,0,1,No,No,AVENIDA,URBANO,NO CORRESPONDE,DESPEJADO,INDUSTRIAL,TRAMO RECTO,PLANA,ASFALTADA,IMPRUDENCIA DEL CONDUCTOR,OTRO (IMPRUDENCIA DEL CONDUCTOR),2,1,0,1,2,0,0,0,1,0,0,2,0,2,60,59,61,0,1,0,1,0,0,NA,2,1,1,0,0,0,0,0,0,0,0,0,Sí,No,No,No
A-2021-04-261,2021-04-28,2021,4,Abril,miércoles,16:30,16,Tarde,No,LIMA,LIMA,LURIN,URBANA,-12.28618,-76.87237,ATROPELLO,1,0,1,No,No,CALLE,URBANO,NO CORRESPONDE,DESPEJADO,INDUSTRIAL,TRAMO RECTO,PLANA,ASFALTADA,IMPRUDENCIA DEL CONDUCTOR,OTRO (IMPRUDENCIA DEL CONDUCTOR),2,1,0,1,1,0,1,0,0,0,1,2,0,1,33,33,33,0,0,0,0,0,0,NA,1,0,0,1,0,0,0,0,0,0,0,0,No,Sí,No,No
A-2021-04-260,2021-04-29,2021,4,Abril,jueves,00:10,0,Madrugada,No,LIMA,LIMA,LOS OLIVOS,URBANA,-11.937824603362309,-77.07888112938127,CHOQUE,1,1,2,Sí,No,AVENIDA,URBANO,NO CORRESPONDE,DESPEJADO,INDUSTRIAL,TRAMO RECTO,PLANA,ASFALTADA,EN PROCESO DE INVESTIGACIÓN,NO CUENTA CON CAUSA ESPECIFICA,3,1,1,1,2,1,0,0,1,0,0,3,0,3,37.333333333333336,21,64,0,1,0,0,0,0,NA,2,1,0,0,0,0,0,0,0,2,0,0,Sí,No,No,No
A-2021-04-200,2021-04-29,2021,4,Abril,jueves,16:00,16,Tarde,No,CALLAO,CALLAO,CALLAO,URBANA,-11.994407401910234,-77.12599190223546,ATROPELLO,1,0,1,No,No,CARRETERA,NACIONAL,PE-20,DESPEJADO,COMERCIAL,TRAMO RECTO,PLANA,CONCRETO,EN PROCESO DE INVESTIGACIÓN,NO CUENTA CON CAUSA ESPECIFICA,2,1,0,1,1,0,1,0,0,0,1,1,1,2,65,58,72,0,1,0,0,0,0,NA,1,0,0,1,0,0,0,0,0,0,0,0,No,Sí,No,No
A-2021-05-124,2021-05-01,2021,5,Mayo,sábado,05:30,5,Madrugada,Sí,LIMA,LIMA,LURIGANCHO,URBANA,-11.930175,-76.69002,CHOQUE FUGA,1,0,1,No,No,AVENIDA,URBANO,NO CORRESPONDE,DESPEJADO,RESIDENCIAL,TRAMO RECTO,PLANA,ASFALTADA,EN PROCESO DE INVESTIGACIÓN,NO CUENTA CON CAUSA ESPECIFICA,2,1,0,0,2,0,0,0,1,0,0,1,0,1,27,27,27,0,0,0,1,0,0,NA,2,1,0,0,0,0,1,0,2,0,0,1,Sí,No,No,Sí
A-2021-05-123,2021-05-01,2021,5,Mayo,sábado,15:30,15,Tarde,Sí,LIMA,LIMA,COMAS,URBANA,-11.962209,-77.054503,ATROPELLO,1,0,1,No,No,AVENIDA,URBANO,NO CORRESPONDE,DESPEJADO,INDUSTRIAL,TRAMO RECTO,PLANA,ASFALTADA,EN PROCESO DE INVESTIGACIÓN,NO CUENTA CON CAUSA ESPECIFICA,2,1,0,1,1,0,1,0,0,0,1,1,1,1,23,23,23,0,0,0,0,0,0,NA,1,1,0,0,0,0,0,0,0,0,0,0,Sí,No,No,No
A-2021-05-125,2021-05-02,2021,5,Mayo,domingo,09:00,9,Mañana,Sí,LIMA,LIMA,LIMA,URBANA,-12.053072448541597,-77.01305632819688,CHOQUE,1,0,1,No,No,AVENIDA,URBANO,NO CORRESPONDE,SOLEADO,INDUSTRIAL,TRAMO RECTO,PLANA,ASFALTADA,IMPRUDENCIA DEL CONDUCTOR,EXCESO DE VELOCIDAD,2,1,0,1,2,0,0,0,1,0,0,2,0,2,37,26,48,0,0,1,2,0,0,NA,2,1,1,0,0,0,0,0,0,0,1,0,Sí,No,No,No
A-2021-05-126,2021-05-03,2021,5,Mayo,lunes,06:00,6,Mañana,No,LIMA,LIMA,EL AGUSTINO,URBANA,-12.033464037862172,-76.99048730611834,ATROPELLO,1,0,1,No,No,CARRETERA,NACIONAL,PE-1N,SOLEADO,INDUSTRIAL,TRAMO RECTO,PLANA,ASFALTADA,IMPRUDENCIA DEL PEATÓN,ESTADO DE EBRIEDAD Y/O DROGADICCIÓN,2,1,0,1,1,0,1,0,0,0,1,1,0,1,38,38,38,0,0,0,0,0,0,NA,1,0,1,0,0,0,0,0,0,0,0,0,No,No,No,No
A-2021-05-127,2021-05-03,2021,5,Mayo,lunes,15:30,15,Tarde,No,LIMA,LIMA,COMAS,URBANA,-11.905596557455068,-77.04212480216349,ATROPELLO,1,0,1,No,No,AVENIDA,URBANO,NO CORRESPONDE,DESPEJADO,INDUSTRIAL,TRAMO RECTO,PLANA,ASFALTADA,IMPRUDENCIA DEL PEATÓN,OTRO (IMPRUDENCIA DEL PEATÓN),2,1,0,1,1,0,1,0,0,0,1,2,0,1,53,53,53,0,0,1,1,0,0,NA,1,0,0,0,1,0,0,0,0,0,0,0,No,No,No,No
A-2021-05-128,2021-05-05,2021,5,Mayo,miércoles,21:50,21,Noche,No,LIMA,LIMA,LIMA,URBANA,-12.044108,-77.046872,ATROPELLO,1,1,2,Sí,No,AVENIDA,URBANO,NO CORRESPONDE,DESPEJADO,INDUSTRIAL,TRAMO RECTO,PLANA,ASFALTADA,IMPRUDENCIA DEL PEATÓN,OTRO (IMPRUDENCIA DEL PEATÓN),3,1,1,0,1,1,1,0,0,0,1,2,0,1,56,56,56,0,0,0,0,0,0,NA,1,0,1,0,0,0,0,0,1,0,1,0,No,No,No,No
A-2021-05-129,2021-05-06,2021,5,Mayo,jueves,13:45,13,Tarde,No,LIMA,LIMA,CHACLACAYO,URBANA,-11.9919966,-76.8256921,ATROPELLO,1,0,1,No,No,CARRETERA,NACIONAL,PE-22,DESPEJADO,INDUSTRIAL,TRAMO RECTO,PLANA,CONCRETO,EN PROCESO DE INVESTIGACIÓN,NO CUENTA CON CAUSA ESPECIFICA,2,1,0,1,1,0,1,0,0,0,1,1,1,1,24,24,24,0,0,0,0,0,0,NA,1,0,1,0,0,0,0,0,0,0,1,0,No,No,No,No
A-2021-05-130,2021-05-09,2021,5,Mayo,domingo,02:00,2,Madrugada,Sí,LIMA,LIMA,SAN JUAN DE MIRAFLORES,URBANA,-12.17513,-76.97776,ATROPELLO,1,0,1,No,No,CARRETERA,NACIONAL,PE-1S,DESPEJADO,INDUSTRIAL,TRAMO RECTO,PLANA,ASFALTADA,IMPRUDENCIA DEL PEATÓN,ESTADO DE EBRIEDAD Y/O DROGADICCIÓN,2,1,0,1,1,0,1,0,0,0,1,1,1,2,40.5,34,47,0,0,0,0,0,0,NA,1,0,1,0,0,0,0,0,1,0,0,0,No,No,No,No
A-2021-05-131,2021-05-10,2021,5,Mayo,lunes,22:00,22,Noche,No,LIMA,LIMA,LOS OLIVOS,URBANA,-11.965534,-77.067883,ATROPELLO FUGA,1,0,1,No,No,CARRETERA,NACIONAL,PE-1N,DESPEJADO,INDUSTRIAL,TRAMO RECTO,PLANA,CONCRETO,EN PROCESO DE INVESTIGACIÓN,NO CUENTA CON CAUSA ESPECIFICA,2,1,0,0,1,0,1,0,0,0,1,1,0,1,61,61,61,0,1,0,0,0,0,NA,1,0,0,0,0,0,1,0,0,0,0,1,No,No,No,Sí
A-2021-05-132,2021-05-14,2021,5,Mayo,viernes,17:45,17,Tarde,No,LIMA,LIMA,SANTA ANITA,URBANA,-12.042317376940451,-76.97828863347918,ATROPELLO,1,0,1,No,No,AVENIDA,URBANO,NO CORRESPONDE,DESPEJADO,INDUSTRIAL,TRAMO RECTO,PLANA,ASFALTADA,IMPRUDENCIA DEL CONDUCTOR,EXCESO DE VELOCIDAD,2,1,0,1,1,0,1,0,0,0,1,2,0,2,70.5,58,83,0,1,0,1,0,0,NA,1,0,1,0,0,0,0,0,1,0,1,0,No,No,No,No
A-2021-05-80,2021-05-17,2021,5,Mayo,lunes,16:10,16,Tarde,No,CALLAO,CALLAO,VENTANILLA,URBANA,-11.904060014292073,-77.1284922344765,ATROPELLO,1,0,1,No,No,CARRETERA,NACIONAL,PE-20,DESPEJADO,COMERCIAL,TRAMO RECTO,PLANA,ASFALTADA,IMPRUDENCIA DEL PEATÓN,ESTADO DE EBRIEDAD Y/O DROGADICCIÓN,2,1,0,1,1,0,1,0,0,0,1,2,0,2,40.5,22,59,0,0,0,0,0,0,NA,1,0,0,1,0,0,0,0,0,0,0,0,No,Sí,No,No
A-2021-05-133,2021-05-18,2021,5,Mayo,martes,12:00,12,Tarde,No,LIMA,LIMA,ATE,URBANA,-12.007770915494971,-76.85896757387667,CHOQUE,1,0,1,No,No,CARRETERA,NACIONAL,PE-22,DESPEJADO,INDUSTRIAL,TRAMO RECTO,PLANA,ASFALTADA,IMPRUDENCIA DEL CONDUCTOR,ADELANTAR INDEBIDAMENTE,2,1,0,1,2,0,0,0,1,0,0,1,0,1,34,34,34,0,0,0,0,0,0,NA,2,0,1,0,0,1,0,0,0,0,1,0,No,No,No,No
A-2021-05-134,2021-05-20,2021,5,Mayo,jueves,07:10,7,Mañana,No,LIMA,LIMA,LA MOLINA,URBANA,-12.078943,-76.930904,VOLCADURA,1,0,1,No,No,AVENIDA,URBANO,NO CORRESPONDE,DESPEJADO,INDUSTRIAL,TRAMO RECTO,PLANA,ASFALTADA,IMPRUDENCIA DEL CONDUCTOR,EXCESO DE VELOCIDAD,1,1,0,0,1,0,0,0,1,0,0,1,0,0,NA,NA,NA,NA,NA,1,1,0,0,NA,1,1,0,0,0,0,0,0,0,0,0,0,Sí,No,No,No
A-2021-05-116,2021-05-22,2021,5,Mayo,sábado,21:00,21,Noche,Sí,CALLAO,CALLAO,LA PERLA,URBANA,-12.06817959541864,-77.11449708038921,DESPISTE,1,0,1,No,No,AVENIDA,URBANO,NO CORRESPONDE,DESPEJADO,RESIDENCIAL,TRAMO RECTO,PLANA,ASFALTADA,EN PROCESO DE INVESTIGACIÓN,NO CUENTA CON CAUSA ESPECIFICA,1,1,0,0,1,0,0,0,1,0,0,1,0,1,65,65,65,0,1,0,1,0,0,NA,1,0,1,0,0,0,0,1,0,1,0,0,No,No,Sí,No
A-2021-05-311,2021-05-26,2021,5,Mayo,miércoles,07:00,7,Mañana,No,LIMA,LIMA,LURIN,URBANA,-12.295693338530304,-76.85870128496227,CHOQUE,1,0,1,No,No,CARRETERA,NACIONAL,PE-1S,DESPEJADO,RESIDENCIAL,TRAMO RECTO,PLANA,ASFALTADA,IMPRUDENCIA DEL CONDUCTOR,OTRO (IMPRUDENCIA DEL CONDUCTOR),2,1,0,1,2,0,0,0,1,0,0,2,0,2,38.5,29,48,0,0,0,0,0,0,NA,2,1,0,0,1,0,0,1,2,0,0,0,Sí,No,Sí,No
A-2021-05-312,2021-05-27,2021,5,Mayo,jueves,17:40,17,Tarde,No,LIMA,LIMA,COMAS,URBANA,-11.961375,-77.062622,ATROPELLO,1,0,1,No,No,AVENIDA,URBANO,NO CORRESPONDE,DESPEJADO,RESIDENCIAL,INTERSECCIÓN,PLANA,ASFALTADA,IMPRUDENCIA DEL PEATÓN,ESTADO DE EBRIEDAD Y/O DROGADICCIÓN,2,1,0,1,1,0,1,0,0,0,1,2,0,1,48,48,48,0,0,0,0,0,0,NA,1,0,0,0,1,0,0,1,0,0,0,0,No,No,Sí,No
A-2021-05-313,2021-05-28,2021,5,Mayo,viernes,19:00,19,Noche,No,LIMA,LIMA,LURIN,URBANA,-12.249579685482042,-76.9317592700767,ATROPELLO,2,0,2,No,Sí,CARRETERA,NACIONAL,PE-1S,DESPEJADO,RESIDENCIAL,TRAMO RECTO,PLANA,ASFALTADA,IMPRUDENCIA DEL PEATÓN,ESTADO DE EBRIEDAD Y/O DROGADICCIÓN,3,2,0,1,1,0,2,0,0,0,2,3,0,1,35,35,35,0,0,0,0,0,0,NA,1,0,1,0,0,0,0,0,0,0,0,0,No,No,No,No
A-2021-05-314,2021-05-29,2021,5,Mayo,sábado,18:30,18,Noche,Sí,LIMA,LIMA,SAN JUAN DE LURIGANCHO,URBANA,-11.939689,-77.002096,CHOQUE,1,0,1,No,No,CALLE,URBANO,NO CORRESPONDE,DESPEJADO,RESIDENCIAL,TRAMO RECTO,INCLINADA,ASFALTADA,EN PROCESO DE INVESTIGACIÓN,NO CUENTA CON CAUSA ESPECIFICA,2,1,0,0,2,0,0,0,1,0,0,2,0,1,26,26,26,0,0,0,0,0,0,NA,2,1,1,0,0,0,0,0,0,2,0,0,Sí,No,No,No
A-2021-05-315,2021-05-31,2021,5,Mayo,lunes,08:20,8,Mañana,No,LIMA,LIMA,CHORRILLOS,URBANA,-12.16852548054847,-77.02117475237579,ATROPELLO,1,0,1,No,No,CALLE,URBANO,NO CORRESPONDE,DESPEJADO,RESIDENCIAL,TRAMO RECTO,PLANA,ASFALTADA,IMPRUDENCIA DEL PEATÓN,OTRO (IMPRUDENCIA DEL PEATÓN),2,1,0,1,1,0,1,0,0,0,1,2,0,1,47,47,47,0,0,0,0,0,0,NA,1,0,1,0,0,0,0,0,1,0,0,0,No,No,No,No
A-2021-06-100,2021-06-01,2021,6,Junio,martes,08:15,8,Mañana,No,LIMA,LIMA,LOS OLIVOS,URBANA,-11.954411,-77.076149,ATROPELLO,1,0,1,No,No,AVENIDA,URBANO,NO CORRESPONDE,DESPEJADO,INDUSTRIAL,TRAMO RECTO,PLANA,ASFALTADA,IMPRUDENCIA DEL CONDUCTOR,OTRO (IMPRUDENCIA DEL CONDUCTOR),2,1,0,1,1,0,1,0,0,0,1,2,0,1,83,83,83,0,1,1,1,0,0,NA,1,0,0,1,0,0,0,0,0,0,0,0,No,Sí,No,No
A-2021-06-101,2021-06-01,2021,6,Junio,martes,10:00,10,Mañana,No,LIMA,LIMA,PUENTE PIEDRA,URBANA,-11.839958,-77.105521,ATROPELLO,1,0,1,No,No,CARRETERA,NACIONAL,PE-1N,SOLEADO,INDUSTRIAL,TRAMO RECTO,PLANA,CONCRETO,IMPRUDENCIA DEL PEATÓN,OTRO (IMPRUDENCIA DEL PEATÓN),2,1,0,1,1,0,1,0,0,0,1,2,0,2,27,26,28,0,0,0,0,0,0,NA,1,0,0,1,0,0,0,0,0,0,0,0,No,Sí,No,No
A-2021-06-102,2021-06-01,2021,6,Junio,martes,21:30,21,Noche,No,LIMA,LIMA,CHACLACAYO,URBANA,-11.995138,-76.832106,CHOQUE,1,0,1,No,No,CARRETERA,NACIONAL,PE-22,DESPEJADO,INDUSTRIAL,TRAMO RECTO,PLANA,CONCRETO,EN PROCESO DE INVESTIGACIÓN,NO CUENTA CON CAUSA ESPECIFICA,2,1,0,1,2,0,0,0,1,0,0,2,0,2,44,37,51,0,0,0,1,0,0,NA,2,1,0,0,1,0,0,1,0,0,0,0,Sí,No,Sí,No
A-2021-06-293,2021-06-03,2021,6,Junio,jueves,04:40,4,Madrugada,No,CALLAO,CALLAO,CARMEN DE LA LEGUA REYNOSO,URBANA,-12.047462887228148,-77.0874816745895,ATROPELLO FUGA,1,0,1,No,No,AVENIDA,URBANO,NO CORRESPONDE,NA,NA,NA,NA,NA,EN PROCESO DE INVESTIGACIÓN,NO CUENTA CON CAUSA ESPECIFICA,2,1,0,0,1,0,1,0,0,0,1,1,0,1,44,44,44,0,0,0,0,0,0,NA,1,0,0,0,0,0,1,0,0,0,0,1,No,No,No,Sí
A-2021-06-103,2021-06-03,2021,6,Junio,jueves,13:10,13,Tarde,No,LIMA,LIMA,VILLA EL SALVADOR,URBANA,-12.23578,-76.9232,CHOQUE,1,0,1,No,No,AVENIDA,URBANO,NO CORRESPONDE,DESPEJADO,INDUSTRIAL,TRAMO RECTO,PLANA,ASFALTADA,IMPRUDENCIA DEL CONDUCTOR,CONDUCIR EN ESTADO DE EBRIEDAD Y/O DROGADICCIÓN,2,1,0,1,2,0,0,0,1,0,0,2,0,2,51,39,63,0,1,0,0,0,0,NA,2,1,0,1,0,0,0,0,0,0,0,0,Sí,Sí,No,No
A-2021-06-111,2021-06-03,2021,6,Junio,jueves,17:00,17,Tarde,No,LIMA,LIMA,LIMA,URBANA,-12.053264648063148,-77.06394977468713,CHOQUE,1,0,1,No,No,JIRÓN,URBANO,NO CORRESPONDE,DESPEJADO,INDUSTRIAL,TRAMO RECTO,PLANA,ASFALTADA,EN PROCESO DE INVESTIGACIÓN,NO CUENTA CON CAUSA ESPECIFICA,2,1,0,1,2,0,0,0,1,0,0,2,0,2,59,55,63,0,1,0,0,0,0,NA,2,0,1,1,0,0,0,0,0,0,0,0,No,Sí,No,No
A-2021-06-112,2021-06-04,2021,6,Junio,viernes,08:30,8,Mañana,No,LIMA,LIMA,LA MOLINA,URBANA,-12.086141,-76.895195,ATROPELLO,1,0,1,No,No,AVENIDA,URBANO,NO CORRESPONDE,DESPEJADO,INDUSTRIAL,TRAMO RECTO,PLANA,ASFALTADA,NEGLIGENCIA DEL CONDUCTOR,OTRO (NEGLIGENCIA DEL CONDUCTOR),2,1,0,1,1,0,1,0,0,0,1,1,1,1,23,23,23,0,0,0,0,0,0,NA,1,1,0,0,0,0,0,0,0,0,0,0,Sí,No,No,No
A-2021-06-271,2021-06-05,2021,6,Junio,sábado,19:30,19,Noche,Sí,CALLAO,CALLAO,CALLAO,URBANA,-11.964816246932532,-77.12666276482737,ATROPELLO,1,0,1,No,No,CARRETERA,NACIONAL,PE-20,DESPEJADO,COMERCIAL,TRAMO RECTO,PLANA,ASFALTADA,NEGLIGENCIA DEL CONDUCTOR,OTRO (NEGLIGENCIA DEL CONDUCTOR),2,1,0,1,1,0,1,0,0,0,1,2,0,2,54.5,45,64,0,1,0,0,0,0,NA,1,0,0,0,1,0,0,1,0,1,0,0,No,No,Sí,No
A-2021-06-31,2021-06-06,2021,6,Junio,domingo,02:05,2,Madrugada,Sí,CALLAO,CALLAO,MI PERU,URBANA,-11.85189517804455,-77.12801286450129,DESPISTE,1,1,2,Sí,No,AVENIDA,URBANO,NO CORRESPONDE,DESPEJADO,COMERCIAL,TRAMO RECTO,PLANA,ASFALTADA,IMPRUDENCIA DEL CONDUCTOR,OTRO (IMPRUDENCIA DEL CONDUCTOR),2,1,1,0,1,1,0,0,0,1,0,2,0,2,31.5,31,32,0,0,0,0,0,0,NA,1,0,1,0,0,0,0,1,0,0,0,0,No,No,Sí,No
A-2021-06-113,2021-06-06,2021,6,Junio,domingo,23:10,23,Noche,Sí,LIMA,LIMA,SANTIAGO DE SURCO,URBANA,-12.128586,-76.997693,VOLCADURA,1,0,1,No,No,AVENIDA,URBANO,NO CORRESPONDE,DESPEJADO,INDUSTRIAL,TRAMO RECTO,PLANA,CONCRETO,EN PROCESO DE INVESTIGACIÓN,NO CUENTA CON CAUSA ESPECIFICA,1,1,0,0,1,0,0,0,1,0,0,1,0,0,NA,NA,NA,NA,NA,0,0,0,0,NA,1,1,0,0,0,0,0,0,0,0,0,0,Sí,No,No,No
A-2021-06-114,2021-06-09,2021,6,Junio,miércoles,10:00,10,Mañana,No,LIMA,LIMA,EL AGUSTINO,URBANA,-12.031138,-77.002644,CHOQUE,1,0,1,No,No,CARRETERA,NACIONAL,PE-1N,DESPEJADO,INDUSTRIAL,TRAMO RECTO,PLANA,CONCRETO,IMPRUDENCIA DEL CONDUCTOR,OTRO (IMPRUDENCIA DEL CONDUCTOR),2,1,0,1,2,0,0,0,1,0,0,2,0,1,43,43,43,0,0,0,0,0,0,NA,2,0,0,2,0,0,0,0,0,0,0,0,No,Sí,No,No
A-2021-06-115,2021-06-09,2021,6,Junio,miércoles,18:45,18,Noche,No,LIMA,LIMA,PUEBLO LIBRE,URBANA,-12.071682,-77.050911,ATROPELLO,1,0,1,No,No,AVENIDA,URBANO,NO CORRESPONDE,DESPEJADO,INDUSTRIAL,TRAMO RECTO,PLANA,ASFALTADA,IMPRUDENCIA DEL PEATÓN,OTRO (IMPRUDENCIA DEL PEATÓN),2,1,0,1,1,0,1,0,0,0,1,1,1,2,47,36,58,0,0,0,0,0,0,NA,1,0,1,0,0,0,0,0,0,0,0,0,No,No,No,No
A-2021-06-74,2021-06-11,2021,6,Junio,viernes,09:00,9,Mañana,No,LIMA,LIMA,SANTIAGO DE SURCO,URBANA,-12.128939251337965,-76.98157574472145,CHOQUE,1,0,1,No,No,AVENIDA,URBANO,NO CORRESPONDE,DESPEJADO,INDUSTRIAL,TRAMO RECTO,PLANA,CONCRETO,IMPRUDENCIA DEL CONDUCTOR,OTRO (IMPRUDENCIA DEL CONDUCTOR),3,1,0,2,3,0,0,0,1,0,0,2,1,2,50.5,34,67,0,1,0,0,0,0,NA,3,0,1,1,0,1,0,0,0,0,0,0,No,Sí,No,No
A-2021-06-116,2021-06-15,2021,6,Junio,martes,12:30,12,Tarde,No,LIMA,LIMA,VILLA MARIA DEL TRIUNFO,URBANA,-12.169581,-76.928672,ATROPELLO,1,0,1,No,No,AVENIDA,URBANO,NO CORRESPONDE,DESPEJADO,INDUSTRIAL,TRAMO RECTO,PLANA,ASFALTADA,IMPRUDENCIA DEL CONDUCTOR,EXCESO DE VELOCIDAD,2,1,0,1,1,0,1,0,0,0,1,1,0,1,60,60,60,0,1,0,1,0,0,NA,1,0,0,0,1,0,0,1,0,0,0,0,No,No,Sí,No
A-2021-06-117,2021-06-16,2021,6,Junio,miércoles,08:00,8,Mañana,No,LIMA,LIMA,SAN MARTIN DE PORRES,URBANA,-12.031643,-77.075594,DESPISTE,1,0,1,No,No,AVENIDA,URBANO,NO CORRESPONDE,DESPEJADO,INDUSTRIAL,TRAMO RECTO,PLANA,ASFALTADA,EN PROCESO DE INVESTIGACIÓN,NO CUENTA CON CAUSA ESPECIFICA,3,1,0,2,3,0,0,0,1,0,0,3,0,2,43,39,47,0,0,1,1,0,0,NA,3,1,1,0,1,0,0,0,3,0,0,0,Sí,No,No,No
A-2021-06-125,2021-06-19,2021,6,Junio,sábado,12:50,12,Tarde,Sí,LIMA,LIMA,BARRANCO,URBANA,-12.144939880924204,-77.0218308315467,CHOQUE,1,0,1,No,No,AVENIDA,URBANO,NO CORRESPONDE,DESPEJADO,INDUSTRIAL,TRAMO RECTO,PLANA,ASFALTADA,IMPRUDENCIA DEL CONDUCTOR,OTRO (IMPRUDENCIA DEL CONDUCTOR),2,1,0,1,2,0,0,0,1,0,0,2,0,2,46.5,24,69,0,1,0,1,0,0,NA,2,1,0,0,1,0,0,0,0,0,0,0,Sí,No,No,No
A-2021-06-145,2021-06-19,2021,6,Junio,sábado,23:30,23,Noche,Sí,CALLAO,CALLAO,CALLAO,URBANA,-11.994543831713845,-77.1258039981221,ATROPELLO FUGA,1,0,1,No,No,CARRETERA,NACIONAL,PE-20,DESPEJADO,COMERCIAL,TRAMO RECTO,PLANA,ASFALTADA,IMPRUDENCIA DEL PEATÓN,ESTADO DE EBRIEDAD Y/O DROGADICCIÓN,2,1,0,0,1,0,1,0,0,0,1,1,0,1,50,50,50,0,0,0,0,0,0,NA,1,0,0,0,0,0,1,0,0,0,0,1,No,No,No,Sí
A-2021-06-245,2021-06-21,2021,6,Junio,lunes,05:50,5,Madrugada,No,LIMA,LIMA,LURIN,URBANA,-12.25263,-76.92798,ATROPELLO FUGA,1,0,1,No,No,CARRETERA,NACIONAL,PE-1S,DESPEJADO,INDUSTRIAL,TRAMO RECTO,PLANA,ASFALTADA,EN PROCESO DE INVESTIGACIÓN,NO CUENTA CON CAUSA ESPECIFICA,2,1,0,0,1,0,1,0,0,0,1,1,0,1,63,63,63,0,1,0,0,0,0,NA,1,0,0,0,0,0,1,0,0,0,0,1,No,No,No,Sí
A-2021-06-246,2021-06-21,2021,6,Junio,lunes,12:20,12,Tarde,No,LIMA,LIMA,ATE,URBANA,-12.014492,-76.819179,ATROPELLO,1,0,1,No,No,AVENIDA,URBANO,NO CORRESPONDE,DESPEJADO,RESIDENCIAL,TRAMO RECTO,PLANA,ASFALTADA,IMPRUDENCIA DEL CONDUCTOR,OTRO (IMPRUDENCIA DEL CONDUCTOR),2,1,0,1,1,0,1,0,0,0,1,1,0,0,NA,NA,NA,NA,NA,0,0,0,0,NA,1,0,0,0,1,0,0,0,0,0,0,0,No,No,No,No
A-2021-06-247,2021-06-21,2021,6,Junio,lunes,13:45,13,Tarde,No,LIMA,LIMA,VILLA EL SALVADOR,RURAL,-12.24393,-76.92189,CHOQUE,1,2,3,Sí,No,AVENIDA,URBANO,NO CORRESPONDE,DESPEJADO,COMERCIAL,TRAMO RECTO,PLANA,ASFALTADA,EN PROCESO DE INVESTIGACIÓN,NO CUENTA CON CAUSA ESPECIFICA,4,1,2,1,2,2,0,0,0,1,0,3,1,3,35,0,66,1,1,0,0,0,0,NA,2,1,0,1,0,0,0,1,0,0,0,0,Sí,Sí,Sí,No
A-2021-06-249,2021-06-21,2021,6,Junio,lunes,22:50,22,Noche,No,LIMA,LIMA,LURIGANCHO,URBANA,-11.921471,-76.676499,CHOQUE,1,0,1,No,No,CARRETERA,NACIONAL,PE-22,DESPEJADO,COMERCIAL,TRAMO RECTO,PLANA,CONCRETO,IMPRUDENCIA DEL CONDUCTOR,EXCESO DE VELOCIDAD,2,1,0,1,2,0,0,0,1,0,0,2,0,2,40.5,27,54,0,0,0,1,0,0,NA,2,1,1,0,0,0,0,0,0,0,0,0,Sí,No,No,No
A-2021-06-248,2021-06-22,2021,6,Junio,martes,02:30,2,Madrugada,No,LIMA,LIMA,INDEPENDENCIA,URBANA,-11.988199,-77.0645344,ATROPELLO FUGA,1,0,1,No,No,CARRETERA,NACIONAL,PE-1N,DESPEJADO,RESIDENCIAL,TRAMO RECTO,PLANA,ASFALTADA,EN PROCESO DE INVESTIGACIÓN,NO CUENTA CON CAUSA ESPECIFICA,2,1,0,0,1,0,1,0,0,0,1,0,0,0,NA,NA,NA,NA,NA,0,0,0,0,NA,1,0,1,0,0,0,0,0,0,0,0,0,No,No,No,No
A-2021-06-250,2021-06-22,2021,6,Junio,martes,13:35,13,Tarde,No,LIMA,LIMA,LOS OLIVOS,URBANA,-11.99179,-77.07511,CHOQUE,1,0,1,No,No,AVENIDA,URBANO,NO CORRESPONDE,DESPEJADO,COMERCIAL,TRAMO RECTO,PLANA,ASFALTADA,EN PROCESO DE INVESTIGACIÓN,NO CUENTA CON CAUSA ESPECIFICA,2,1,0,1,2,0,0,0,1,0,0,2,0,0,NA,NA,NA,NA,NA,1,1,0,0,NA,2,1,1,0,0,0,0,0,0,0,0,0,Sí,No,No,No
A-2021-06-251,2021-06-22,2021,6,Junio,martes,21:30,21,Noche,No,LIMA,LIMA,LURIN,URBANA,-12.25702,-76.88783,ATROPELLO,1,0,1,No,No,AVENIDA,URBANO,NO CORRESPONDE,DESPEJADO,COMERCIAL,TRAMO RECTO,PLANA,ASFALTADA,EN PROCESO DE INVESTIGACIÓN,NO CUENTA CON CAUSA ESPECIFICA,2,1,0,0,1,0,1,0,0,0,1,1,1,2,36.5,27,46,0,0,0,0,0,0,NA,1,0,1,0,0,0,0,0,0,0,0,0,No,No,No,No
A-2021-06-252,2021-06-23,2021,6,Junio,miércoles,00:50,0,Madrugada,No,LIMA,LIMA,LOS OLIVOS,URBANA,-11.986489,-77.072359,DESPISTE,1,1,2,Sí,No,AVENIDA,URBANO,NO CORRESPONDE,DESPEJADO,INDUSTRIAL,TRAMO RECTO,PLANA,ASFALTADA,EN PROCESO DE INVESTIGACIÓN,NO CUENTA CON CAUSA ESPECIFICA,2,1,1,0,1,1,0,0,1,0,0,1,0,0,NA,NA,NA,NA,NA,0,0,0,0,NA,1,1,0,0,0,0,0,0,0,0,0,0,Sí,No,No,No
A-2021-06-258,2021-06-23,2021,6,Junio,miércoles,14:30,14,Tarde,No,LIMA,LIMA,ATE,URBANA,-12.0251552,-76.9204075,ATROPELLO FUGA,1,0,1,No,No,AVENIDA,URBANO,NO CORRESPONDE,DESPEJADO,COMERCIAL,TRAMO RECTO,PLANA,ASFALTADA,IMPRUDENCIA DEL CONDUCTOR,CONDUCIR EN ESTADO DE EBRIEDAD Y/O DROGADICCIÓN,2,1,0,0,1,0,1,0,0,0,1,2,0,2,41,41,41,0,0,0,1,0,0,NA,1,0,0,0,0,0,1,0,0,0,0,1,No,No,No,Sí
A-2021-06-257,2021-06-23,2021,6,Junio,miércoles,15:40,15,Tarde,No,LIMA,LIMA,LIMA,URBANA,-12.060343,-77.0083172,ATROPELLO FUGA,1,0,1,No,No,AVENIDA,URBANO,NO CORRESPONDE,DESPEJADO,COMERCIAL,TRAMO RECTO,PLANA,CONCRETO,EN PROCESO DE INVESTIGACIÓN,NO CUENTA CON CAUSA ESPECIFICA,2,1,0,0,1,0,1,0,0,0,1,0,0,0,NA,NA,NA,NA,NA,0,0,0,0,NA,1,0,0,0,0,0,1,0,0,0,0,1,No,No,No,Sí
A-2021-06-259,2021-06-24,2021,6,Junio,jueves,18:30,18,Noche,No,LIMA,LIMA,ATE,URBANA,-12.037300048041462,-76.93201594492336,CHOQUE,1,0,1,No,No,CALLE,URBANO,NO CORRESPONDE,NUBLADO,COMERCIAL,TRAMO RECTO,PLANA,ASFALTADA,EN PROCESO DE INVESTIGACIÓN,NO CUENTA CON CAUSA ESPECIFICA,3,1,0,2,2,1,0,0,0,1,0,3,0,3,29.333333333333332,21,35,0,0,0,0,0,0,NA,2,1,1,0,0,0,0,0,0,2,2,0,Sí,No,No,No
A-2021-06-294,2021-06-25,2021,6,Junio,viernes,05:35,5,Madrugada,No,CALLAO,CALLAO,VENTANILLA,URBANA,-11.873062591288354,-77.12711328495267,CHOQUE,1,0,1,No,No,CARRETERA,NACIONAL,PE-20,DESPEJADO,COMERCIAL,TRAMO RECTO,PLANA,ASFALTADA,NEGLIGENCIA DEL CONDUCTOR,OTRO (NEGLIGENCIA DEL CONDUCTOR),2,1,0,1,2,0,0,0,1,0,0,2,0,2,38.5,35,42,0,0,0,0,0,0,NA,2,1,0,1,0,0,0,1,0,0,0,0,Sí,Sí,Sí,No
A-2021-06-260,2021-06-25,2021,6,Junio,viernes,12:30,12,Tarde,No,LIMA,LIMA,RIMAC,URBANA,-12.04274739463909,-77.02300806760132,ATROPELLO FUGA,1,0,1,No,No,CARRETERA,NACIONAL,PE-1N,DESPEJADO,INDUSTRIAL,TRAMO RECTO,PLANA,ASFALTADA,EN PROCESO DE INVESTIGACIÓN,NO CUENTA CON CAUSA ESPECIFICA,2,1,0,0,1,0,1,0,0,0,1,0,0,0,NA,NA,NA,NA,NA,0,0,0,0,NA,1,0,0,0,0,0,1,0,0,0,0,1,No,No,No,Sí
A-2021-06-358,2021-06-27,2021,6,Junio,domingo,17:30,17,Tarde,Sí,CALLAO,CALLAO,CALLAO,URBANA,-11.99989364,-77.118705716,ATROPELLO FUGA,1,0,1,No,No,CARRETERA,NACIONAL,PE-20B,DESPEJADO,INDUSTRIAL,TRAMO RECTO,PLANA,ASFALTADA,NEGLIGENCIA DEL CONDUCTOR,OTRO (NEGLIGENCIA DEL CONDUCTOR),2,1,0,0,1,0,1,0,0,0,1,1,0,1,27,27,27,0,0,0,0,0,0,NA,1,0,0,0,0,0,1,0,0,0,0,1,No,No,No,Sí
A-2021-06-199,2021-06-27,2021,6,Junio,domingo,20:00,20,Noche,Sí,CALLAO,CALLAO,CALLAO,URBANA,-11.999880281798202,-77.118723779655,ATROPELLO FUGA,1,0,1,No,No,CARRETERA,NACIONAL,PE-20B,DESPEJADO,RESIDENCIAL,TRAMO RECTO,PLANA,ASFALTADA,EN PROCESO DE INVESTIGACIÓN,NO CUENTA CON CAUSA ESPECIFICA,2,1,0,0,1,0,1,0,0,0,1,1,0,0,NA,NA,NA,NA,NA,0,0,0,0,NA,1,0,0,0,0,0,1,0,0,0,0,1,No,No,No,Sí
A-2021-06-261,2021-06-28,2021,6,Junio,lunes,09:00,9,Mañana,No,LIMA,LIMA,COMAS,URBANA,-11.924998397515166,-77.07287307237524,CHOQUE,1,2,3,Sí,No,CARRETERA,NACIONAL,PE-1N,DESPEJADO,COMERCIAL,TRAMO RECTO,PLANA,ASFALTADA,EN PROCESO DE INVESTIGACIÓN,NO CUENTA CON CAUSA ESPECIFICA,4,1,2,1,2,2,0,0,0,1,0,3,1,4,39,34,45,0,0,0,0,0,0,NA,2,0,2,0,0,0,0,0,0,0,0,0,No,No,No,No
A-2021-06-262,2021-06-28,2021,6,Junio,lunes,20:30,20,Noche,No,LIMA,LIMA,EL AGUSTINO,URBANA,-12.032365258669795,-77.00653383140924,ATROPELLO FUGA,1,0,1,No,No,CARRETERA,NACIONAL,PE-1N,DESPEJADO,INDUSTRIAL,TRAMO RECTO,PLANA,ASFALTADA,EN PROCESO DE INVESTIGACIÓN,NO CUENTA CON CAUSA ESPECIFICA,2,1,0,0,1,0,1,0,0,0,1,0,0,0,NA,NA,NA,NA,NA,0,0,0,0,NA,1,0,0,0,0,0,1,0,0,0,0,1,No,No,No,Sí
A-2021-06-263,2021-06-28,2021,6,Junio,lunes,23:00,23,Noche,No,LIMA,LIMA,BREÑA,URBANA,-12.068456129021952,-77.04824710442705,ATROPELLO,1,0,1,No,No,AVENIDA,URBANO,NO CORRESPONDE,DESPEJADO,INDUSTRIAL,TRAMO RECTO,PLANA,ASFALTADA,EN PROCESO DE INVESTIGACIÓN,NO CUENTA CON CAUSA ESPECIFICA,2,1,0,1,1,0,1,0,0,0,1,2,0,2,16.5,0,33,1,0,0,0,0,0,NA,1,0,0,0,1,0,0,1,0,0,0,0,No,No,Sí,No
A-2021-06-264,2021-06-29,2021,6,Junio,martes,08:30,8,Mañana,No,LIMA,LIMA,SANTA ANITA,URBANA,-12.033213,-76.942706,ATROPELLO FUGA,1,0,1,No,No,AVENIDA,URBANO,NO CORRESPONDE,DESPEJADO,INDUSTRIAL,TRAMO RECTO,PLANA,ASFALTADA,EN PROCESO DE INVESTIGACIÓN,NO CUENTA CON CAUSA ESPECIFICA,2,1,0,0,1,0,1,0,0,0,1,1,0,1,0,0,0,1,0,0,0,0,0,NA,1,0,0,0,0,0,1,0,0,0,0,1,No,No,No,Sí
A-2021-06-265,2021-06-30,2021,6,Junio,miércoles,10:30,10,Mañana,No,LIMA,LIMA,SAN JUAN DE LURIGANCHO,URBANA,-12.012326,-77.011352,CHOQUE,1,0,1,No,No,AVENIDA,URBANO,NO CORRESPONDE,DESPEJADO,COMERCIAL,TRAMO RECTO,PLANA,ASFALTADA,IMPRUDENCIA DEL CONDUCTOR,OTRO (IMPRUDENCIA DEL CONDUCTOR),2,1,0,1,2,0,0,0,1,0,0,1,1,2,32.5,20,45,0,0,1,2,0,0,NA,2,0,0,1,0,0,0,0,0,0,0,0,No,Sí,No,No
A-2021-06-266,2021-06-30,2021,6,Junio,miércoles,19:15,19,Noche,No,LIMA,LIMA,LURIN,URBANA,-12.28184,-76.88049,CHOQUE,1,2,3,Sí,No,CARRETERA,NACIONAL,PE-1S,NUBLADO,RESIDENCIAL,TRAMO RECTO,PLANA,ASFALTADA,IMPRUDENCIA DEL CONDUCTOR,CONDUCIR EN ESTADO DE EBRIEDAD Y/O DROGADICCIÓN,4,1,2,1,3,1,0,0,0,1,0,3,1,4,47.75,40,61,0,1,0,0,0,0,NA,3,2,1,0,0,0,0,0,3,0,0,0,Sí,No,No,No
A-2021-06-267,2021-06-30,2021,6,Junio,miércoles,20:20,20,Noche,No,LIMA,LIMA,COMAS,URBANA,-11.9661628,-77.0559275,CHOQUE,1,0,1,No,No,AVENIDA,URBANO,NO CORRESPONDE,DESPEJADO,COMERCIAL,TRAMO RECTO,PLANA,CONCRETO,EN PROCESO DE INVESTIGACIÓN,NO CUENTA CON CAUSA ESPECIFICA,2,1,0,1,2,0,0,0,1,0,0,2,0,2,39,30,48,0,0,1,1,0,0,NA,2,1,1,0,0,0,0,0,0,2,0,0,Sí,No,No,No
A-2021-07-11,2021-07-01,2021,7,Julio,jueves,20:30,20,Noche,No,LIMA,LIMA,SANTIAGO DE SURCO,URBANA,-12.132164945357,-76.97838078248924,VOLCADURA,1,0,1,No,No,CARRETERA,NACIONAL,PE-1S,DESPEJADO,COMERCIAL,TRAMO RECTO,PLANA,ASFALTADA,IMPRUDENCIA DEL PEATÓN,OTRO (IMPRUDENCIA DEL PEATÓN),2,1,0,1,1,1,0,0,0,1,0,2,0,2,9.5,0,19,1,0,0,0,0,0,NA,1,1,0,0,0,0,0,0,0,1,0,0,Sí,No,No,No
A-2021-07-13,2021-07-02,2021,7,Julio,viernes,15:00,15,Tarde,No,LIMA,LIMA,CHORRILLOS,URBANA,-12.196577,-76.990935,CHOQUE,1,1,2,Sí,No,AVENIDA,URBANO,NO CORRESPONDE,DESPEJADO,INDUSTRIAL,TRAMO RECTO,PLANA,ASFALTADA,EN PROCESO DE INVESTIGACIÓN,NO CUENTA CON CAUSA ESPECIFICA,2,1,1,0,2,0,0,0,1,0,0,1,0,1,42,42,42,0,0,0,0,0,0,NA,2,0,0,1,0,1,0,0,0,0,0,0,No,Sí,No,No
A-2021-07-12,2021-07-02,2021,7,Julio,viernes,15:30,15,Tarde,No,LIMA,LIMA,LOS OLIVOS,NA,-11.967712,-77.067618,ATROPELLO,1,0,1,No,No,CARRETERA,NACIONAL,PE-1N,DESPEJADO,INDUSTRIAL,TRAMO RECTO,PLANA,ASFALTADA,EN PROCESO DE INVESTIGACIÓN,NO CUENTA CON CAUSA ESPECIFICA,2,1,0,1,1,0,1,0,0,0,1,2,0,1,38,38,38,0,0,0,0,0,0,NA,1,0,1,0,0,0,0,0,0,0,0,0,No,No,No,No
A-2021-07-14,2021-07-03,2021,7,Julio,sábado,01:12,1,Madrugada,Sí,LIMA,LIMA,LA VICTORIA,URBANA,-12.059242242659254,-77.02981069274405,CHOQUE,1,0,1,No,No,AVENIDA,URBANO,NO CORRESPONDE,DESPEJADO,INDUSTRIAL,TRAMO RECTO,PLANA,CONCRETO,IMPRUDENCIA DEL CONDUCTOR,CONDUCIR EN ESTADO DE EBRIEDAD Y/O DROGADICCIÓN,2,1,0,1,2,0,0,0,1,0,0,2,0,2,30,28,32,0,0,0,0,0,0,NA,2,1,1,0,0,0,0,0,2,0,0,0,Sí,No,No,No
A-2021-07-15,2021-07-03,2021,7,Julio,sábado,19:40,19,Noche,Sí,LIMA,LIMA,ATE,URBANA,-12.064744,-76.978404,CHOQUE,1,2,3,Sí,No,AVENIDA,URBANO,NO CORRESPONDE,DESPEJADO,COMERCIAL,TRAMO RECTO,PLANA,CONCRETO,EN PROCESO DE INVESTIGACIÓN,NO CUENTA CON CAUSA ESPECIFICA,4,1,2,1,2,2,0,0,1,0,0,3,1,4,52,42,62,0,1,0,1,0,0,NA,2,0,1,0,1,0,0,0,0,0,1,0,No,No,No,No
A-2021-07-16,2021-07-03,2021,7,Julio,sábado,22:00,22,Noche,Sí,LIMA,LIMA,ATE,URBANA,-12.00750801125261,-76.85646207678862,ATROPELLO,1,0,1,No,No,CARRETERA,NACIONAL,PE-22,DESPEJADO,INDUSTRIAL,TRAMO RECTO,PLANA,CONCRETO,IMPRUDENCIA DEL PEATÓN,ESTADO DE EBRIEDAD Y/O DROGADICCIÓN,2,1,0,1,1,0,1,0,0,0,1,2,0,1,48,48,48,0,0,0,0,0,0,NA,1,0,1,0,0,0,0,0,0,0,1,0,No,No,No,No
A-2021-07-17,2021-07-04,2021,7,Julio,domingo,03:30,3,Madrugada,Sí,LIMA,LIMA,SANTIAGO DE SURCO,URBANA,-12.131299,-76.978347,VOLCADURA,1,0,1,No,No,CARRETERA,NACIONAL,PE-1S,DESPEJADO,RESIDENCIAL,TRAMO RECTO,PLANA,ASFALTADA,EN PROCESO DE INVESTIGACIÓN,NO CUENTA CON CAUSA ESPECIFICA,2,1,0,1,1,1,0,0,0,1,0,1,1,2,26,25,27,0,0,1,1,0,0,NA,1,1,0,0,0,0,0,0,0,0,0,0,Sí,No,No,No
A-2021-07-10,2021-07-04,2021,7,Julio,domingo,19:00,19,Noche,Sí,CALLAO,CALLAO,VENTANILLA,URBANA,-11.915812389435017,-77.12852595735622,ATROPELLO,1,0,1,No,No,CARRETERA,NACIONAL,PE-20,DESPEJADO,INDUSTRIAL,TRAMO RECTO,PLANA,ASFALTADA,IMPRUDENCIA DEL CONDUCTOR,OTRO (IMPRUDENCIA DEL CONDUCTOR),3,1,0,2,2,0,1,0,0,0,1,3,0,3,43.333333333333336,33,50,0,0,0,0,0,0,NA,2,0,2,0,0,0,0,0,0,0,0,0,No,No,No,No
A-2021-07-21,2021-07-05,2021,7,Julio,lunes,17:30,17,Tarde,No,CALLAO,CALLAO,VENTANILLA,URBANA,-11.846209305910964,-77.13424790406403,DESPISTE,1,2,3,Sí,No,AVENIDA,URBANO,NO CORRESPONDE,DESPEJADO,RESIDENCIAL,OTRO,INCLINADA,AFIRMADO,NEGLIGENCIA DEL CONDUCTOR,OTRO (NEGLIGENCIA DEL CONDUCTOR),4,1,2,0,1,2,1,0,0,0,1,1,2,3,66.66666666666667,55,81,0,2,0,0,0,0,NA,1,0,0,0,1,0,0,1,0,0,0,0,No,No,Sí,No
A-2021-07-229,2021-07-05,2021,7,Julio,lunes,21:20,21,Noche,No,LIMA,LIMA,SAN MARTIN DE PORRES,URBANA,-12.001002,-77.090998,ATROPELLO FUGA,1,0,1,No,No,AVENIDA,URBANO,NO CORRESPONDE,DESPEJADO,COMERCIAL,INTERSECCIÓN,PLANA,ASFALTADA,EN PROCESO DE INVESTIGACIÓN,NO CUENTA CON CAUSA ESPECIFICA,2,1,0,0,1,0,1,0,0,0,1,0,1,1,69,69,69,0,1,0,0,0,0,NA,1,0,0,0,0,0,1,0,0,0,0,1,No,No,No,Sí
A-2021-07-231,2021-07-06,2021,7,Julio,martes,20:00,20,Noche,No,LIMA,LIMA,SAN JUAN DE LURIGANCHO,URBANA,-11.990197,-77.015389,ATROPELLO FUGA,2,0,2,No,Sí,AVENIDA,URBANO,NO CORRESPONDE,NUBLADO,COMERCIAL,INTERSECCIÓN,PLANA,ASFALTADA,IMPRUDENCIA DEL CONDUCTOR,EXCESO DE VELOCIDAD,3,2,0,0,1,0,2,0,0,0,2,1,1,2,37,22,52,0,0,0,0,0,0,NA,1,0,0,1,0,0,0,0,1,0,1,0,No,Sí,No,No
A-2021-07-233,2021-07-07,2021,7,Julio,miércoles,11:30,11,Mañana,No,LIMA,LIMA,COMAS,URBANA,-11.910779,-77.05586,CHOQUE,1,0,1,No,No,CARRETERA,NACIONAL,PE-20A,NUBLADO,ESCOLAR,INTERSECCIÓN,PLANA,ASFALTADA,EN PROCESO DE INVESTIGACIÓN,NO CUENTA CON CAUSA ESPECIFICA,2,1,0,1,1,1,0,0,0,1,0,2,0,2,33,31,35,0,0,0,0,0,0,NA,2,0,0,1,0,1,0,0,0,0,0,0,No,Sí,No,No
A-2021-07-276,2021-07-09,2021,7,Julio,viernes,06:35,6,Mañana,No,LIMA,LIMA,RIMAC,URBANA,-12.038363,-77.016899,CHOQUE,1,0,1,No,No,VIA EXPRESA,URBANO,NO CORRESPONDE,DESPEJADO,RESIDENCIAL,TRAMO RECTO,PLANA,ASFALTADA,IMPRUDENCIA DEL CONDUCTOR,EXCESO DE VELOCIDAD,2,1,0,1,2,0,0,0,1,0,0,2,0,2,43,36,50,0,0,0,0,0,0,NA,2,0,1,0,0,1,0,0,0,0,0,0,No,No,No,No
A-2021-07-242,2021-07-09,2021,7,Julio,viernes,22:30,22,Noche,No,LIMA,LIMA,SANTIAGO DE SURCO,URBANA,-12.1240797,-76.9883922,CHOQUE FUGA,1,0,1,No,No,AVENIDA,URBANO,NO CORRESPONDE,DESPEJADO,RESIDENCIAL,TRAMO RECTO,PLANA,ASFALTADA,IMPRUDENCIA DEL CONDUCTOR,EXCESO DE VELOCIDAD,2,1,0,0,2,0,0,0,1,0,0,1,0,1,26,26,26,0,0,1,1,1,0,No,2,1,1,0,0,0,0,0,0,0,0,0,Sí,No,No,No
A-2021-07-36,2021-07-10,2021,7,Julio,sábado,05:45,5,Madrugada,Sí,CALLAO,CALLAO,CALLAO,URBANA,-12.038659507054833,-77.12718311012668,CHOQUE,1,0,1,No,No,CARRETERA,NACIONAL,PE-20,DESPEJADO,INDUSTRIAL,TRAMO RECTO,PLANA,ASFALTADA,IMPRUDENCIA DEL CONDUCTOR,GIRAR IMPRUDENTEMENTE,2,1,0,1,2,0,0,0,1,0,0,2,0,2,51.5,47,56,0,0,0,1,0,0,NA,2,0,0,1,0,1,0,0,0,0,0,0,No,Sí,No,No
A-2021-07-243,2021-07-11,2021,7,Julio,domingo,13:00,13,Tarde,Sí,LIMA,LIMA,RIMAC,URBANA,-12.0304145,-77.0238564,DESPISTE,1,0,1,No,No,AVENIDA,URBANO,NO CORRESPONDE,DESPEJADO,RESIDENCIAL,TÚNEL,PLANA,ASFALTADA,IMPRUDENCIA DEL CONDUCTOR,EXCESO DE VELOCIDAD,1,1,0,0,1,0,0,0,1,0,0,1,0,1,41,41,41,0,0,1,1,1,0,No,1,1,0,0,0,0,0,0,0,0,0,0,Sí,No,No,No
A-2021-07-43,2021-07-11,2021,7,Julio,domingo,20:00,20,Noche,Sí,CALLAO,CALLAO,CALLAO,URBANA,-11.994312950467311,-77.1259433100459,ATROPELLO,1,0,1,No,No,CARRETERA,NACIONAL,PE-20,DESPEJADO,INDUSTRIAL,TRAMO RECTO,PLANA,ASFALTADA,IMPRUDENCIA DEL PEATÓN,ESTADO DE EBRIEDAD Y/O DROGADICCIÓN,2,1,0,1,1,0,1,0,0,0,1,2,0,2,49.5,47,52,0,0,0,0,0,0,NA,1,0,1,0,0,0,0,0,0,0,0,0,No,No,No,No
A-2021-07-244,2021-07-12,2021,7,Julio,lunes,14:30,14,Tarde,No,LIMA,LIMA,LIMA,RURAL,-12.0580984,-77.0159842,CHOQUE,1,0,1,No,No,AVENIDA,URBANO,NO CORRESPONDE,DESPEJADO,RESIDENCIAL,TRAMO RECTO,PLANA,ASFALTADA,IMPRUDENCIA DEL CONDUCTOR,EXCESO DE VELOCIDAD,3,1,0,2,3,0,0,0,1,0,0,3,0,3,37.333333333333336,26,54,0,0,0,1,3,0,No,3,2,0,0,0,1,0,0,0,0,0,0,Sí,No,No,No
A-2021-07-245,2021-07-12,2021,7,Julio,lunes,19:00,19,Noche,No,LIMA,LIMA,ATE,URBANA,-12.0197036,-76.9007886,ATROPELLO,2,0,2,No,Sí,AVENIDA,URBANO,NO CORRESPONDE,DESPEJADO,COMERCIAL,TRAMO RECTO,PLANA,ASFALTADA,IMPRUDENCIA DEL PEATÓN,USO DE DISPOSITIVOS MÓVILES Y/O ELECTRÓNICOS,2,2,0,0,1,0,1,0,1,0,1,1,0,0,NA,NA,NA,NA,NA,0,0,1,0,No,1,0,0,0,1,0,0,1,0,0,0,0,No,No,Sí,No
A-2021-07-246,2021-07-13,2021,7,Julio,martes,07:30,7,Mañana,No,LIMA,LIMA,LIMA,URBANA,-12.05899008,-77.071171,ATROPELLO,1,0,1,No,No,AVENIDA,URBANO,NO CORRESPONDE,DESPEJADO,RESIDENCIAL,TRAMO RECTO,PLANA,ASFALTADA,IMPRUDENCIA DEL CONDUCTOR,EXCESO DE VELOCIDAD,2,1,0,1,1,0,1,0,0,0,1,0,2,2,33,28,38,0,0,0,0,1,0,No,1,0,1,0,0,0,0,0,0,0,0,0,No,No,No,No
A-2021-07-71,2021-07-14,2021,7,Julio,miércoles,18:20,18,Noche,No,CALLAO,CALLAO,VENTANILLA,URBANA,-11.91642125254102,-77.1289141925749,ATROPELLO FUGA,1,0,1,No,No,CARRETERA,NACIONAL,PE-20,DESPEJADO,INDUSTRIAL,OTRO,INCLINADA,ASFALTADA,EN PROCESO DE INVESTIGACIÓN,NO CUENTA CON CAUSA ESPECIFICA,2,1,0,0,1,0,1,0,0,0,1,1,0,1,60,60,60,0,1,0,0,0,0,NA,1,0,0,0,0,0,1,0,0,0,0,1,No,No,No,Sí
A-2021-07-247,2021-07-14,2021,7,Julio,miércoles,18:35,18,Noche,No,LIMA,LIMA,SANTA ANITA,URBANA,-12.0532414,-76.9632317,ATROPELLO,1,0,1,No,No,AVENIDA,URBANO,NO CORRESPONDE,DESPEJADO,COMERCIAL,INTERSECCIÓN,PLANA,ASFALTADA,IMPRUDENCIA DEL CONDUCTOR,NO DAR PASO PREFERENTE AL PEATÓN,2,1,0,1,1,0,1,0,0,0,1,2,0,2,30.5,29,32,0,0,0,0,1,0,No,1,0,0,1,0,0,0,0,0,0,0,0,No,Sí,No,No
A-2021-07-248,2021-07-15,2021,7,Julio,jueves,04:30,4,Madrugada,No,LIMA,LIMA,SAN MARTIN DE PORRES,URBANA,-12.018492884416814,-77.05971127194398,ATROPELLO,1,0,1,No,No,CARRETERA,NACIONAL,PE-1N,DESPEJADO,COMERCIAL,TRAMO RECTO,PLANA,ASFALTADA,EN PROCESO DE INVESTIGACIÓN,NO CUENTA CON CAUSA ESPECIFICA,2,1,0,1,1,0,1,0,0,0,1,1,0,1,44,44,44,0,0,0,1,1,0,No,1,0,1,0,0,0,0,0,0,0,0,0,No,No,No,No
A-2021-07-250,2021-07-16,2021,7,Julio,viernes,07:30,7,Mañana,No,LIMA,LIMA,SAN MARTIN DE PORRES,URBANA,-12.029194,-77.076803,CHOQUE,1,0,1,No,No,AVENIDA,URBANO,NO CORRESPONDE,DESPEJADO,ESCOLAR,INTERSECCIÓN,PLANA,ASFALTADA,IMPRUDENCIA DEL CONDUCTOR,EXCESO DE VELOCIDAD,2,1,0,1,2,0,0,0,1,0,0,2,0,2,51,37,65,0,1,0,1,2,0,No,2,0,1,0,0,1,0,1,0,0,0,0,No,No,Sí,No
A-2021-07-96,2021-07-16,2021,7,Julio,viernes,18:15,18,Noche,No,CALLAO,CALLAO,CALLAO,URBANA,-11.988771741260638,-77.12541766532088,ATROPELLO FUGA,1,0,1,No,No,CARRETERA,NACIONAL,PE-20,DESPEJADO,RESIDENCIAL,TRAMO RECTO,PLANA,TROCHA,EN PROCESO DE INVESTIGACIÓN,NO CUENTA CON CAUSA ESPECIFICA,2,1,0,0,1,0,1,0,0,0,1,1,0,1,29,29,29,0,0,0,0,0,0,NA,1,0,0,0,0,0,1,0,0,0,0,1,No,No,No,Sí
A-2021-07-253,2021-07-17,2021,7,Julio,sábado,01:20,1,Madrugada,Sí,LIMA,LIMA,VILLA EL SALVADOR,URBANA,-12.216319369506603,-76.96818478841601,DESPISTE,1,1,2,Sí,No,AVENIDA,URBANO,NO CORRESPONDE,DESPEJADO,RESIDENCIAL,INTERSECCIÓN,PLANA,ASFALTADA,IMPRUDENCIA DEL CONDUCTOR,EXCESO DE VELOCIDAD,3,1,1,1,1,2,0,0,0,1,0,3,0,3,29.666666666666668,29,30,0,0,0,0,1,0,No,1,0,1,0,0,0,0,0,0,0,0,0,No,No,No,No
A-2021-07-274,2021-07-17,2021,7,Julio,sábado,19:00,19,Noche,Sí,CALLAO,CALLAO,CALLAO,URBANA,-12.001538390304228,-77.12682896429786,ATROPELLO FUGA,1,0,1,No,No,CARRETERA,NACIONAL,PE-20,DESPEJADO,INDUSTRIAL,TRAMO RECTO,PLANA,ASFALTADA,IMPRUDENCIA DEL CONDUCTOR,CONDUCIR EN ESTADO DE EBRIEDAD Y/O DROGADICCIÓN,2,1,0,0,1,0,1,0,0,0,1,1,0,1,51,51,51,0,0,0,0,0,0,NA,1,0,0,0,0,0,1,0,0,0,0,1,No,No,No,Sí
A-2021-07-254,2021-07-18,2021,7,Julio,domingo,19:00,19,Noche,Sí,LIMA,LIMA,CARABAYLLO,URBANA,-11.749137125445165,-76.96752013826908,CHOQUE,1,0,1,No,No,AVENIDA,URBANO,NO CORRESPONDE,DESPEJADO,RESIDENCIAL,TRAMO RECTO,PLANA,ASFALTADA,IMPRUDENCIA DEL CONDUCTOR,EXCESO DE VELOCIDAD,2,1,0,1,2,0,0,0,1,0,0,2,0,2,48,24,72,0,1,1,1,2,0,No,2,1,1,0,0,0,0,0,0,0,0,0,Sí,No,No,No
A-2021-07-294,2021-07-19,2021,7,Julio,lunes,11:00,11,Mañana,No,CALLAO,CALLAO,CALLAO,URBANA,-11.944257565480138,-77.13135089364027,CAÍDA DE PASAJERO,1,0,1,No,No,CARRETERA,NACIONAL,PE-20,DESPEJADO,INDUSTRIAL,TRAMO RECTO,PLANA,ASFALTADA,IMPRUDENCIA DEL CONDUCTOR,FRENAR INTEMPESTIVAMENTE,2,1,0,1,1,1,0,0,0,1,0,1,1,2,49,37,61,0,1,0,0,0,0,NA,1,0,1,0,0,0,0,1,0,0,0,0,No,No,Sí,No
A-2021-07-255,2021-07-21,2021,7,Julio,miércoles,10:30,10,Mañana,No,LIMA,LIMA,INDEPENDENCIA,URBANA,-11.988853881135219,-77.05678408991467,ATROPELLO,1,0,1,No,No,AVENIDA,URBANO,NO CORRESPONDE,DESPEJADO,RESIDENCIAL,INTERSECCIÓN,PLANA,ASFALTADA,NEGLIGENCIA DEL CONDUCTOR,OTRO (NEGLIGENCIA DEL CONDUCTOR),2,1,0,1,1,0,1,0,0,0,1,1,1,1,53,53,53,0,0,1,1,0,0,NA,1,0,1,0,0,0,0,0,0,0,0,0,No,No,No,No
A-2021-07-256,2021-07-21,2021,7,Julio,miércoles,13:00,13,Tarde,No,LIMA,LIMA,SAN MARTIN DE PORRES,URBANA,-11.996599900441687,-77.1126382063782,CHOQUE,2,0,2,No,Sí,CARRETERA,NACIONAL,PE-20B,DESPEJADO,RESIDENCIAL,TRAMO RECTO,PLANA,ASFALTADA,IMPRUDENCIA DEL CONDUCTOR,EXCESO DE VELOCIDAD,4,2,0,2,2,0,2,0,0,0,2,4,0,2,35.5,33,38,0,0,1,1,2,0,No,2,0,2,0,0,0,0,1,0,0,0,0,No,No,Sí,No
A-2021-07-275,2021-07-22,2021,7,Julio,jueves,04:50,4,Madrugada,No,CALLAO,CALLAO,CALLAO,URBANA,-12.044608902861453,-77.12655512713319,ATROPELLO,1,0,1,No,No,CARRETERA,NACIONAL,PE-20,DESPEJADO,INDUSTRIAL,TRAMO RECTO,PLANA,ASFALTADA,IMPRUDENCIA DEL PEATÓN,CRUCE INDEBIDO POR LA CALZADA,2,1,0,1,1,0,1,0,0,0,1,1,1,2,43.5,36,51,0,0,0,0,0,0,NA,1,0,1,0,0,0,0,0,0,0,0,0,No,No,No,No
A-2021-07-257,2021-07-22,2021,7,Julio,jueves,15:30,15,Tarde,No,LIMA,LIMA,ATE,URBANA,-12.033012461127711,-76.93837525187416,ATROPELLO,1,0,1,No,No,AVENIDA,URBANO,NO CORRESPONDE,DESPEJADO,RESIDENCIAL,INTERSECCIÓN,PLANA,ASFALTADA,IMPRUDENCIA DEL CONDUCTOR,EXCESO DE VELOCIDAD,2,1,0,1,1,0,1,0,0,0,1,2,0,2,44.5,31,58,0,0,0,0,1,0,No,1,0,1,0,0,0,0,0,0,0,0,0,No,No,No,No
A-2021-07-258,2021-07-24,2021,7,Julio,sábado,07:10,7,Mañana,Sí,LIMA,LIMA,SAN JUAN DE MIRAFLORES,URBANA,-12.161923483339992,-76.98217035419115,DESPISTE,1,0,1,No,No,CARRETERA,NACIONAL,PE-1S,DESPEJADO,RESIDENCIAL,TRAMO RECTO,PLANA,ASFALTADA,IMPRUDENCIA DEL CONDUCTOR,EXCESO DE VELOCIDAD,2,1,0,1,1,0,1,0,0,0,1,1,1,1,27,27,27,0,0,0,1,1,0,No,1,0,0,0,1,0,0,0,0,0,0,0,No,No,No,No
A-2021-07-259,2021-07-24,2021,7,Julio,sábado,16:10,16,Tarde,Sí,LIMA,LIMA,CARABAYLLO,URBANA,-11.7697199377438,-76.9776987730433,CHOQUE,1,1,2,Sí,No,CARRETERA,NACIONAL,PE-20A,DESPEJADO,RURAL,TRAMO RECTO,PLANA,ASFALTADA,IMPRUDENCIA DEL CONDUCTOR,EXCESO DE VELOCIDAD,3,1,1,1,2,1,0,0,1,0,0,3,0,3,39.666666666666664,35,49,0,0,0,0,2,0,No,2,1,1,0,0,0,0,0,0,0,0,0,Sí,No,No,No
A-2021-07-124,2021-07-24,2021,7,Julio,sábado,21:00,21,Noche,Sí,CALLAO,CALLAO,CALLAO,URBANA,-11.989217770835008,-77.13327621323725,ATROPELLO,1,0,1,No,No,AVENIDA,URBANO,NO CORRESPONDE,DESPEJADO,RESIDENCIAL,TRAMO RECTO,PLANA,ASFALTADA,IMPRUDENCIA DEL PEATÓN,ESTADO DE EBRIEDAD Y/O DROGADICCIÓN,2,1,0,1,1,0,1,0,0,0,1,2,0,2,29,28,30,0,0,0,0,0,0,NA,1,0,0,1,0,0,0,0,0,0,0,0,No,Sí,No,No
A-2021-07-260,2021-07-26,2021,7,Julio,lunes,05:00,5,Madrugada,No,LIMA,LIMA,LURIN,URBANA,-12.27417798072395,-76.89269725178508,ATROPELLO FUGA,1,0,1,No,No,CARRETERA,NACIONAL,PE-1S,DESPEJADO,COMERCIAL,TRAMO RECTO,PLANA,ASFALTADA,IMPRUDENCIA DEL CONDUCTOR,EXCESO DE VELOCIDAD,2,1,0,0,1,0,1,0,0,0,1,0,1,0,NA,NA,NA,NA,NA,0,0,0,0,NA,1,0,0,0,0,0,1,0,0,0,0,1,No,No,No,Sí
A-2021-07-261,2021-07-27,2021,7,Julio,martes,00:30,0,Madrugada,No,LIMA,LIMA,EL AGUSTINO,URBANA,-12.040261600219106,-76.98175109999394,ATROPELLO,1,0,1,No,No,AVENIDA,URBANO,NO CORRESPONDE,DESPEJADO,RESIDENCIAL,TRAMO RECTO,PLANA,ASFALTADA,EN PROCESO DE INVESTIGACIÓN,NO CUENTA CON CAUSA ESPECIFICA,2,1,0,1,1,0,1,0,0,0,1,2,0,2,63.5,57,70,0,1,0,0,1,0,No,1,0,1,0,0,0,0,0,0,0,0,0,No,No,No,No
A-2021-07-262,2021-07-28,2021,7,Julio,miércoles,06:45,6,Mañana,No,LIMA,LIMA,SANTIAGO DE SURCO,URBANA,-12.122129181041263,-76.97709000235113,CHOQUE,1,0,1,No,No,CARRETERA,NACIONAL,PE-1S,DESPEJADO,RESIDENCIAL,TRAMO RECTO,PLANA,ASFALTADA,IMPRUDENCIA DEL CONDUCTOR,EXCESO DE VELOCIDAD,2,1,0,1,2,0,0,0,1,0,0,2,0,2,30,22,38,0,0,0,0,2,0,No,2,1,0,1,0,0,0,0,0,0,0,0,Sí,Sí,No,No
A-2021-07-263,2021-07-30,2021,7,Julio,viernes,20:30,20,Noche,No,LIMA,LIMA,SAN MIGUEL,URBANA,-12.064318,-77.078369,CHOQUE,1,1,2,Sí,No,AVENIDA,URBANO,NO CORRESPONDE,DESPEJADO,COMERCIAL,TRAMO RECTO,PLANA,ASFALTADA,EN PROCESO DE INVESTIGACIÓN,NO CUENTA CON CAUSA ESPECIFICA,3,1,1,1,2,1,0,0,0,1,0,2,1,3,45.333333333333336,30,68,0,1,0,0,0,0,NA,2,0,0,1,1,0,0,1,0,0,0,0,No,Sí,Sí,No
A-2021-08-215,2021-08-01,2021,8,Agosto,domingo,19:00,19,Noche,Sí,LIMA,LIMA,SAN MARTIN DE PORRES,URBANA,-12.020936452251252,-77.05918365829173,CHOQUE CON OBJETO FIJO,1,0,1,No,No,CARRETERA,NACIONAL,PE-1N,DESPEJADO,ESCOLAR,PUENTE,PLANA,ASFALTADA,EN PROCESO DE INVESTIGACIÓN,NO CUENTA CON CAUSA ESPECIFICA,1,1,0,0,1,0,0,0,1,0,0,1,0,1,26,26,26,0,0,0,0,1,1,Sí,1,1,0,0,0,0,0,0,0,1,0,0,Sí,No,No,No
A-2021-08-220,2021-08-02,2021,8,Agosto,lunes,19:00,19,Noche,No,LIMA,LIMA,SAN BARTOLO,URBANA,-12.38429587608215,-76.77102851603604,DESPISTE,1,0,1,No,No,CARRETERA,NACIONAL,PE-1S,DESPEJADO,RESIDENCIAL,TRAMO RECTO,PLANA,ASFALTADA,EN PROCESO DE INVESTIGACIÓN,NO CUENTA CON CAUSA ESPECIFICA,2,1,0,1,2,0,0,0,1,0,0,2,0,1,27,27,27,0,0,0,1,0,0,NA,2,0,1,1,0,0,0,0,0,2,0,0,No,Sí,No,No
A-2021-08-14,2021-08-03,2021,8,Agosto,martes,05:15,5,Madrugada,No,CALLAO,CALLAO,VENTANILLA,URBANA,-11.829234987499738,-77.12120340024269,CHOQUE,1,1,2,Sí,No,AVENIDA,URBANO,NO CORRESPONDE,DESPEJADO,RESIDENCIAL,TRAMO RECTO,PLANA,ASFALTADA,NEGLIGENCIA DEL CONDUCTOR,OTRO (NEGLIGENCIA DEL CONDUCTOR),3,1,1,1,2,1,0,0,0,1,0,3,0,3,55.666666666666664,30,77,0,2,0,1,0,0,NA,2,1,0,0,1,0,0,2,0,0,0,0,Sí,No,Sí,No
A-2021-08-227,2021-08-03,2021,8,Agosto,martes,15:00,15,Tarde,No,LIMA,LIMA,COMAS,URBANA,-11.945384,-77.063179,ATROPELLO,1,0,1,No,No,AVENIDA,URBANO,NO CORRESPONDE,DESPEJADO,ESCOLAR,TRAMO RECTO,PLANA,ASFALTADA,EN PROCESO DE INVESTIGACIÓN,NO CUENTA CON CAUSA ESPECIFICA,2,1,0,1,1,0,1,0,0,0,1,2,0,0,NA,NA,NA,NA,NA,1,1,0,0,NA,1,1,0,0,0,0,0,0,0,0,0,0,Sí,No,No,No
A-2021-08-224,2021-08-03,2021,8,Agosto,martes,17:00,17,Tarde,No,LIMA,LIMA,CARABAYLLO,URBANA,-11.8635734,-77.008134,CHOQUE,1,1,2,Sí,No,AVENIDA,URBANO,NO CORRESPONDE,DESPEJADO,RURAL,TRAMO RECTO,PLANA,ASFALTADA,EN PROCESO DE INVESTIGACIÓN,NO CUENTA CON CAUSA ESPECIFICA,4,1,1,2,2,2,0,0,0,1,0,3,1,4,37.5,0,59,1,0,0,0,0,0,NA,2,0,1,0,1,0,0,1,2,0,0,0,No,No,Sí,No
A-2021-08-225,2021-08-04,2021,8,Agosto,miércoles,13:00,13,Tarde,No,LIMA,LIMA,CHORRILLOS,URBANA,-12.17003,-77.02477,ATROPELLO FUGA,1,0,1,No,No,CALLE,URBANO,NO CORRESPONDE,DESPEJADO,RESIDENCIAL,INTERSECCIÓN,PLANA,ASFALTADA,EN PROCESO DE INVESTIGACIÓN,NO CUENTA CON CAUSA ESPECIFICA,2,1,0,1,1,0,1,0,0,0,1,2,0,2,51,25,77,0,1,0,0,0,0,NA,1,1,0,0,0,0,0,0,0,1,0,0,Sí,No,No,No
A-2021-08-228,2021-08-05,2021,8,Agosto,jueves,10:30,10,Mañana,No,LIMA,LIMA,SAN MARTIN DE PORRES,URBANA,-11.981456751057491,-77.09696517185316,CHOQUE,1,1,2,Sí,No,AVENIDA,URBANO,NO CORRESPONDE,DESPEJADO,COMERCIAL,TRAMO RECTO,PLANA,ASFALTADA,EN PROCESO DE INVESTIGACIÓN,NO CUENTA CON CAUSA ESPECIFICA,2,1,1,0,2,0,0,0,1,0,0,2,0,0,NA,NA,NA,NA,NA,0,0,0,0,NA,2,1,0,0,0,1,0,0,0,0,0,0,Sí,No,No,No
A-2021-08-261,2021-08-05,2021,8,Agosto,jueves,10:31,10,Mañana,No,LIMA,LIMA,LA VICTORIA,URBANA,-12.06384,-77.021884,ATROPELLO,1,0,1,No,No,AVENIDA,URBANO,NO CORRESPONDE,SOLEADO,COMERCIAL,TRAMO RECTO,PLANA,ASFALTADA,EN PROCESO DE INVESTIGACIÓN,NO CUENTA CON CAUSA ESPECIFICA,2,1,0,1,1,0,1,0,0,0,1,2,0,2,56,31,81,0,1,0,0,0,0,NA,1,0,0,1,0,0,0,0,0,0,0,0,No,Sí,No,No
A-2021-08-229,2021-08-07,2021,8,Agosto,sábado,21:37,21,Noche,Sí,LIMA,LIMA,LOS OLIVOS,URBANA,-11.959326912370559,-77.06894151054783,CHOQUE FUGA,1,0,1,No,No,CARRETERA,NACIONAL,PE-1N,DESPEJADO,ESCOLAR,TRAMO RECTO,PLANA,ASFALTADA,EN PROCESO DE INVESTIGACIÓN,NO CUENTA CON CAUSA ESPECIFICA,2,1,0,0,2,0,0,0,1,0,0,1,0,1,26,26,26,0,0,0,0,0,0,NA,2,0,0,0,0,1,1,0,0,0,0,1,No,No,No,Sí
A-2021-08-230,2021-08-10,2021,8,Agosto,martes,06:00,6,Mañana,No,LIMA,LIMA,SAN MARTIN DE PORRES,URBANA,-12.01270901836095,-77.08082839775994,ATROPELLO,1,0,1,No,No,AVENIDA,URBANO,NO CORRESPONDE,NUBLADO,ESCOLAR,INTERSECCIÓN,PLANA,ASFALTADA,EN PROCESO DE INVESTIGACIÓN,NO CUENTA CON CAUSA ESPECIFICA,2,1,0,1,1,0,1,0,0,0,1,1,0,1,37,37,37,0,0,0,0,0,0,NA,1,0,0,1,0,0,0,0,0,0,0,0,No,Sí,No,No
A-2021-08-231,2021-08-10,2021,8,Agosto,martes,07:00,7,Mañana,No,LIMA,LIMA,VILLA EL SALVADOR,URBANA,-12.19729624143275,-76.95296828691491,ATROPELLO,1,0,1,No,No,AVENIDA,URBANO,NO CORRESPONDE,NUBLADO,RESIDENCIAL,TRAMO RECTO,PLANA,ASFALTADA,EN PROCESO DE INVESTIGACIÓN,NO CUENTA CON CAUSA ESPECIFICA,2,1,0,1,1,0,1,0,0,0,1,2,0,2,58,29,87,0,1,0,0,1,0,No,1,0,0,1,0,0,0,0,0,0,0,0,No,Sí,No,No
A-2021-08-232,2021-08-10,2021,8,Agosto,martes,07:45,7,Mañana,No,LIMA,LIMA,CHORRILLOS,URBANA,-12.179248116652882,-77.01428886492306,ATROPELLO,1,0,1,No,No,AVENIDA,URBANO,NO CORRESPONDE,NUBLADO,RESIDENCIAL,TRAMO RECTO,PLANA,ASFALTADA,EN PROCESO DE INVESTIGACIÓN,NO CUENTA CON CAUSA ESPECIFICA,2,1,0,1,1,0,1,0,0,0,1,2,0,2,49.5,35,64,0,1,0,0,0,0,NA,1,0,0,1,0,0,0,0,0,0,0,0,No,Sí,No,No
A-2021-08-234,2021-08-11,2021,8,Agosto,miércoles,09:15,9,Mañana,No,LIMA,LIMA,COMAS,URBANA,-11.935141,-77.069255,CHOQUE,1,0,1,No,No,JIRÓN,URBANO,NO CORRESPONDE,DESPEJADO,RESIDENCIAL,TRAMO RECTO,PLANA,ASFALTADA,IMPRUDENCIA DEL CONDUCTOR,EXCESO DE VELOCIDAD,2,1,0,1,2,0,0,0,1,0,0,2,0,0,NA,NA,NA,NA,NA,1,1,2,0,No,2,2,0,0,0,0,0,0,0,0,0,0,Sí,No,No,No
A-2021-08-235,2021-08-13,2021,8,Agosto,viernes,09:30,9,Mañana,No,LIMA,LIMA,LOS OLIVOS,URBANA,-11.959972413515425,-77.06822335632252,ATROPELLO,1,0,1,No,No,AVENIDA,URBANO,NO CORRESPONDE,NUBLADO,ESCOLAR,INTERSECCIÓN,PLANA,ASFALTADA,EN PROCESO DE INVESTIGACIÓN,NO CUENTA CON CAUSA ESPECIFICA,2,1,0,1,1,0,1,0,0,0,1,2,0,2,63,47,79,0,1,0,0,0,0,NA,1,0,0,0,1,0,0,1,0,0,0,0,No,No,Sí,No
A-2021-08-236,2021-08-13,2021,8,Agosto,viernes,16:30,16,Tarde,No,LIMA,LIMA,VILLA EL SALVADOR,URBANA,-12.236408526628125,-76.92045476347974,ATROPELLO,1,0,1,No,No,OTRO,URBANO,NO CORRESPONDE,DESPEJADO,ESCOLAR,TRAMO RECTO,PLANA,ASFALTADA,EN PROCESO DE INVESTIGACIÓN,NO CUENTA CON CAUSA ESPECIFICA,2,1,0,1,1,0,1,0,0,0,1,2,0,2,34.5,3,66,1,1,0,0,0,0,NA,1,0,0,0,0,0,0,0,0,0,0,0,No,No,No,No
A-2021-08-237,2021-08-14,2021,8,Agosto,sábado,15:30,15,Tarde,Sí,LIMA,LIMA,COMAS,URBANA,-11.925832212882137,-77.04288118284668,ATROPELLO,1,0,1,No,No,AVENIDA,URBANO,NO CORRESPONDE,NUBLADO,ESCOLAR,TRAMO RECTO,PLANA,ASFALTADA,EN PROCESO DE INVESTIGACIÓN,NO CUENTA CON CAUSA ESPECIFICA,2,1,0,1,1,0,1,0,0,0,1,2,0,2,56.5,30,83,0,1,0,0,0,0,NA,1,0,0,1,0,0,0,0,0,0,0,0,No,Sí,No,No
A-2021-08-238,2021-08-16,2021,8,Agosto,lunes,09:40,9,Mañana,No,LIMA,LIMA,VILLA EL SALVADOR,URBANA,-12.212207826552731,-76.95801077649516,ATROPELLO,1,0,1,No,No,AVENIDA,URBANO,NO CORRESPONDE,DESPEJADO,INDUSTRIAL,INTERSECCIÓN,PLANA,ASFALTADA,EN PROCESO DE INVESTIGACIÓN,NO CUENTA CON CAUSA ESPECIFICA,2,1,0,1,1,0,1,0,0,0,1,2,0,1,32,32,32,0,0,0,0,0,0,NA,1,0,0,1,0,0,0,0,0,0,0,0,No,Sí,No,No
A-2021-08-332,2021-08-17,2021,8,Agosto,martes,08:15,8,Mañana,No,LIMA,LIMA,LIMA,URBANA,-12.04456464,-77.073666116,CHOQUE FUGA,1,10,11,Sí,No,AVENIDA,URBANO,NO CORRESPONDE,DESPEJADO,INDUSTRIAL,TRAMO RECTO,PLANA,ASFALTADA,IMPRUDENCIA DEL CONDUCTOR,EXCESO DE VELOCIDAD,12,1,10,1,2,10,0,0,1,0,0,4,8,12,43.833333333333336,26,66,0,2,0,0,0,0,NA,2,1,1,0,0,0,0,2,0,0,0,0,Sí,No,Sí,No
A-2021-08-239,2021-08-18,2021,8,Agosto,miércoles,09:50,9,Mañana,No,LIMA,LIMA,BREÑA,URBANA,-12.06631826683648,-77.04661535781963,ATROPELLO,1,0,1,No,No,AVENIDA,URBANO,NO CORRESPONDE,DESPEJADO,RESIDENCIAL,TRAMO RECTO,PLANA,ASFALTADA,IMPRUDENCIA DEL PEATÓN,OTRO (IMPRUDENCIA DEL PEATÓN),2,1,0,1,1,0,1,0,0,0,1,2,0,1,40,40,40,0,0,0,0,0,0,NA,1,0,0,0,1,0,0,1,0,1,0,0,No,No,Sí,No
A-2021-08-240,2021-08-18,2021,8,Agosto,miércoles,19:53,19,Noche,No,LIMA,LIMA,ANCON,URBANA,-11.766540978342897,-77.1585640015816,ATROPELLO FUGA,1,0,1,No,No,CARRETERA,NACIONAL,PE-1N,NUBLADO,RURAL,TRAMO RECTO,PLANA,ASFALTADA,EN PROCESO DE INVESTIGACIÓN,NO CUENTA CON CAUSA ESPECIFICA,2,1,0,1,1,0,1,0,0,0,1,1,1,2,53,39,67,0,1,0,1,0,0,NA,1,0,1,0,0,0,0,0,0,0,0,0,No,No,No,No
A-2021-08-242,2021-08-19,2021,8,Agosto,jueves,13:20,13,Tarde,No,LIMA,LIMA,ATE,URBANA,-12.009152403430903,-76.8665668308386,ESPECIAL,1,0,1,No,No,CARRETERA,NACIONAL,PE-22,SOLEADO,ESCOLAR,TRAMO RECTO,PLANA,ASFALTADA,EN PROCESO DE INVESTIGACIÓN,NO CUENTA CON CAUSA ESPECIFICA,2,1,0,1,1,0,1,0,0,0,1,1,1,2,36,29,43,0,0,1,1,0,0,NA,1,0,0,0,0,0,0,0,0,0,0,0,No,No,No,No
A-2021-08-241,2021-08-20,2021,8,Agosto,viernes,21:40,21,Noche,No,LIMA,LIMA,COMAS,URBANA,-11.912096195365205,-77.05229577269911,ATROPELLO FUGA,1,0,1,No,No,AVENIDA,URBANO,NO CORRESPONDE,SOLEADO,RESIDENCIAL,INTERSECCIÓN,PLANA,ASFALTADA,EN PROCESO DE INVESTIGACIÓN,NO CUENTA CON CAUSA ESPECIFICA,1,1,0,0,0,0,1,0,0,0,1,1,0,1,77,77,77,0,1,0,0,0,0,NA,1,0,0,0,0,0,1,0,0,0,0,1,No,No,No,Sí
A-2021-08-243,2021-08-21,2021,8,Agosto,sábado,23:00,23,Noche,Sí,LIMA,LIMA,CHORRILLOS,URBANA,-12.172279177547223,-76.98347013548386,ATROPELLO,1,0,1,No,No,AVENIDA,URBANO,NO CORRESPONDE,NUBLADO,RESIDENCIAL,TRAMO RECTO,PLANA,ASFALTADA,EN PROCESO DE INVESTIGACIÓN,NO CUENTA CON CAUSA ESPECIFICA,2,1,0,1,1,0,1,0,0,0,1,2,0,2,49.5,29,70,0,1,0,0,0,0,NA,1,0,0,0,1,0,0,1,0,0,0,0,No,No,Sí,No
A-2021-08-244,2021-08-22,2021,8,Agosto,domingo,04:30,4,Madrugada,Sí,LIMA,LIMA,SAN MARTIN DE PORRES,URBANA,-12.011633742167675,-77.08918158952721,VOLCADURA,1,0,1,No,No,AVENIDA,URBANO,NO CORRESPONDE,NUBLADO,ESCOLAR,INTERSECCIÓN,PLANA,ASFALTADA,EN PROCESO DE INVESTIGACIÓN,NO CUENTA CON CAUSA ESPECIFICA,2,1,0,1,1,1,0,0,0,1,0,1,1,2,26,23,29,0,0,0,0,0,0,NA,1,1,0,0,0,0,0,0,0,0,0,0,Sí,No,No,No
A-2021-08-245,2021-08-22,2021,8,Agosto,domingo,18:15,18,Noche,Sí,LIMA,LIMA,SAN BARTOLO,URBANA,-12.385301876174216,-76.77000388201724,ATROPELLO,1,0,1,No,No,CARRETERA,NACIONAL,PE-1S,NUBLADO,COMERCIAL,TRAMO RECTO,PLANA,ASFALTADA,EN PROCESO DE INVESTIGACIÓN,NO CUENTA CON CAUSA ESPECIFICA,2,1,0,1,1,0,1,0,0,0,1,1,0,1,39,39,39,0,0,0,0,0,0,NA,1,0,1,0,0,0,0,0,0,0,0,0,No,No,No,No
A-2021-08-247,2021-08-22,2021,8,Agosto,domingo,23:45,23,Noche,Sí,LIMA,LIMA,SANTIAGO DE SURCO,URBANA,-12.136135592917787,-76.98027384452413,CHOQUE,1,1,2,Sí,No,CARRETERA,NACIONAL,PE-1S,NUBLADO,RESIDENCIAL,INTERSECCIÓN,PLANA,ASFALTADA,EN PROCESO DE INVESTIGACIÓN,NO CUENTA CON CAUSA ESPECIFICA,4,1,1,2,2,2,0,0,0,1,0,4,0,3,34.333333333333336,23,42,0,0,1,1,0,0,NA,2,0,0,2,0,0,0,0,0,0,0,0,No,Sí,No,No
A-2021-08-249,2021-08-24,2021,8,Agosto,martes,14:00,14,Tarde,No,LIMA,LIMA,SAN MARTIN DE PORRES,URBANA,-12.018424,-77.055792,ATROPELLO,1,0,1,No,No,AVENIDA,URBANO,NO CORRESPONDE,DESPEJADO,RESIDENCIAL,TRAMO RECTO,PLANA,ASFALTADA,IMPRUDENCIA DEL CONDUCTOR,EXCESO DE VELOCIDAD,2,1,0,1,1,0,1,0,0,0,1,2,0,2,55.5,31,80,0,1,1,1,1,0,No,1,1,0,0,0,0,0,0,0,0,0,0,Sí,No,No,No
A-2021-08-290,2021-08-24,2021,8,Agosto,martes,19:00,19,Noche,No,CALLAO,CALLAO,CALLAO,URBANA,-12.040086534640439,-77.11817511604997,ATROPELLO FUGA,1,0,1,No,No,CARRETERA,NACIONAL,PE-20B,DESPEJADO,COMERCIAL,TRAMO RECTO,PLANA,ASFALTADA,IMPRUDENCIA DEL CONDUCTOR,EXCESO DE VELOCIDAD,2,1,0,0,1,0,1,0,0,0,1,1,0,1,32,32,32,0,0,0,0,0,0,NA,1,0,0,0,0,0,1,0,0,0,0,1,No,No,No,Sí
A-2021-08-248,2021-08-24,2021,8,Agosto,martes,23:30,23,Noche,No,LIMA,LIMA,LURIN,URBANA,-12.254683409652397,-76.9166081287385,ATROPELLO,1,0,1,No,No,AVENIDA,URBANO,NO CORRESPONDE,DESPEJADO,RESIDENCIAL,TRAMO RECTO,PLANA,CONCRETO,EN PROCESO DE INVESTIGACIÓN,NO CUENTA CON CAUSA ESPECIFICA,3,1,0,2,2,0,1,0,0,0,1,3,0,2,48.5,28,69,0,1,0,0,0,0,NA,2,0,1,1,0,0,0,0,0,0,0,0,No,Sí,No,No
A-2021-08-250,2021-08-25,2021,8,Agosto,miércoles,12:00,12,Tarde,No,LIMA,LIMA,EL AGUSTINO,URBANA,-12.043371,-77.008517,CHOQUE,1,0,1,No,No,AVENIDA,URBANO,NO CORRESPONDE,NUBLADO,COMERCIAL,INTERSECCIÓN,PLANA,ASFALTADA,EN PROCESO DE INVESTIGACIÓN,NO CUENTA CON CAUSA ESPECIFICA,2,1,0,1,2,0,0,0,1,0,0,2,0,2,22,21,23,0,0,0,0,0,0,NA,2,2,0,0,0,0,0,0,0,0,0,0,Sí,No,No,No
A-2021-08-251,2021-08-25,2021,8,Agosto,miércoles,14:30,14,Tarde,No,LIMA,LIMA,ANCON,URBANA,-11.747908536582289,-77.14419924189143,CHOQUE,1,0,1,No,No,CARRETERA,NACIONAL,PE-1N,SOLEADO,INDUSTRIAL,INTERSECCIÓN,PLANA,ASFALTADA,EN PROCESO DE INVESTIGACIÓN,NO CUENTA CON CAUSA ESPECIFICA,3,1,0,2,2,1,0,0,0,1,0,3,0,3,33.666666666666664,21,46,0,0,0,0,0,0,NA,2,0,2,0,0,0,0,1,0,0,0,0,No,No,Sí,No
A-2021-08-253,2021-08-26,2021,8,Agosto,jueves,19:35,19,Noche,No,LIMA,LIMA,SAN ISIDRO,URBANA,-12.094675132144515,-77.03303748783208,CHOQUE,1,0,1,No,No,AVENIDA,URBANO,NO CORRESPONDE,NUBLADO,RESIDENCIAL,INTERSECCIÓN,PLANA,ASFALTADA,IMPRUDENCIA DEL CONDUCTOR,DESACATO DE SEÑAL DE TRÁNSITO,2,1,0,1,2,0,0,0,1,0,0,1,1,2,47.5,26,69,0,1,0,0,0,0,NA,2,0,0,0,1,1,0,1,0,0,0,0,No,No,Sí,No
A-2021-08-252,2021-08-29,2021,8,Agosto,domingo,02:00,2,Madrugada,Sí,LIMA,LIMA,RIMAC,URBANA,-12.017942602546908,-77.0510368571967,DESPISTE,1,0,1,No,No,AVENIDA,URBANO,NO CORRESPONDE,DESPEJADO,INDUSTRIAL,TRAMO RECTO,PLANA,ASFALTADA,EN PROCESO DE INVESTIGACIÓN,NO CUENTA CON CAUSA ESPECIFICA,1,1,0,0,1,0,0,0,1,0,0,1,0,0,NA,NA,NA,NA,NA,0,0,0,0,NA,1,1,0,0,0,0,0,0,0,0,0,0,Sí,No,No,No
A-2021-08-254,2021-08-29,2021,8,Agosto,domingo,14:00,14,Tarde,Sí,LIMA,LIMA,SAN MIGUEL,URBANA,-12.080890016829136,-77.08821051519837,CHOQUE,1,0,1,No,No,AVENIDA,URBANO,NO CORRESPONDE,SOLEADO,RESIDENCIAL,INTERSECCIÓN,PLANA,ASFALTADA,IMPRUDENCIA DEL CONDUCTOR,OTRO (IMPRUDENCIA DEL CONDUCTOR),2,1,0,1,2,0,0,0,1,0,0,2,0,2,36.5,28,45,0,0,0,0,0,0,NA,2,1,1,0,0,0,0,0,0,0,0,0,Sí,No,No,No
A-2021-09-51,2021-09-01,2021,9,Setiembre,miércoles,17:30,17,Tarde,No,LIMA,LIMA,ANCON,URBANA,-11.81507,-77.1277,ATROPELLO,1,0,1,No,No,AVENIDA,URBANO,NO CORRESPONDE,NUBLADO,RESIDENCIAL,TRAMO RECTO,PLANA,ASFALTADA,IMPRUDENCIA DEL PEATÓN,OTRO (IMPRUDENCIA DEL PEATÓN),2,1,0,1,1,0,1,0,0,0,1,2,0,1,31,31,31,0,0,0,0,0,0,NA,1,0,1,0,0,0,0,0,0,0,0,0,No,No,No,No
A-2021-09-52,2021-09-01,2021,9,Setiembre,miércoles,17:45,17,Tarde,No,LIMA,LIMA,SAN JUAN DE MIRAFLORES,URBANA,-12.159394810974108,-76.95887978807589,ATROPELLO,1,0,1,No,No,AVENIDA,URBANO,NO CORRESPONDE,DESPEJADO,COMERCIAL,INTERSECCIÓN,PLANA,ASFALTADA,IMPRUDENCIA DEL CONDUCTOR,DESACATO DE SEÑAL DE TRÁNSITO,2,1,0,1,1,0,1,0,0,0,1,2,0,2,61.5,33,90,0,1,0,0,0,0,NA,1,0,0,1,0,0,0,0,0,0,0,0,No,Sí,No,No
A-2021-09-53,2021-09-03,2021,9,Setiembre,viernes,13:40,13,Tarde,No,LIMA,LIMA,VILLA EL SALVADOR,URBANA,-12.224591563708854,-76.9388602205455,ATROPELLO,1,0,1,No,No,AVENIDA,URBANO,NO CORRESPONDE,DESPEJADO,RESIDENCIAL,TRAMO RECTO,PLANA,ASFALTADA,IMPRUDENCIA DEL CONDUCTOR,OTRO (IMPRUDENCIA DEL CONDUCTOR),2,1,0,1,1,0,1,0,0,0,1,1,1,1,37,37,37,0,0,0,0,0,0,NA,1,0,0,0,1,0,0,1,0,0,0,0,No,No,Sí,No
A-2021-09-54,2021-09-04,2021,9,Setiembre,sábado,16:45,16,Tarde,Sí,LIMA,LIMA,EL AGUSTINO,URBANA,-12.030794980090977,-76.99901098728667,ATROPELLO,1,0,1,No,No,AVENIDA,URBANO,NO CORRESPONDE,DESPEJADO,RESIDENCIAL,INTERSECCIÓN,PLANA,ASFALTADA,IMPRUDENCIA DEL PEATÓN,OTRO (IMPRUDENCIA DEL PEATÓN),2,1,0,1,1,0,1,0,0,0,1,2,0,2,44,27,61,0,1,0,0,0,0,NA,1,0,0,1,0,0,0,0,0,0,0,0,No,Sí,No,No
A-2021-09-55,2021-09-05,2021,9,Setiembre,domingo,06:00,6,Mañana,Sí,LIMA,LIMA,LOS OLIVOS,URBANA,-11.995378150934302,-77.07985320453479,ATROPELLO,1,0,1,No,No,AVENIDA,URBANO,NO CORRESPONDE,DESPEJADO,RESIDENCIAL,INTERSECCIÓN,PLANA,ASFALTADA,IMPRUDENCIA DEL CONDUCTOR,CONDUCIR EN ESTADO DE EBRIEDAD Y/O DROGADICCIÓN,2,1,0,1,1,0,1,0,0,0,1,2,0,1,29,29,29,0,0,0,0,0,0,NA,1,1,0,0,0,0,0,0,0,1,0,0,Sí,No,No,No
A-2021-09-114,2021-09-09,2021,9,Setiembre,jueves,08:50,8,Mañana,No,LIMA,LIMA,EL AGUSTINO,URBANA,-12.029105679812279,-76.99168294364385,ATROPELLO,1,0,1,No,No,AVENIDA,URBANO,NO CORRESPONDE,SOLEADO,COMERCIAL,TRAMO RECTO,PLANA,ASFALTADA,IMPRUDENCIA DEL PEATÓN,CRUCE INDEBIDO POR LA CALZADA,2,1,0,1,1,0,1,0,0,0,1,1,1,1,68,68,68,0,1,0,0,0,0,NA,1,1,0,0,0,0,0,0,0,0,0,0,Sí,No,No,No
A-2021-09-118,2021-09-11,2021,9,Setiembre,sábado,17:40,17,Tarde,Sí,LIMA,LIMA,CHACLACAYO,URBANA,-11.985570801507548,-76.8095719742455,ESPECIAL,1,0,1,No,No,CARRETERA,NACIONAL,PE-22,DESPEJADO,RESIDENCIAL,TRAMO RECTO,PLANA,ASFALTADA,EN PROCESO DE INVESTIGACIÓN,NO CUENTA CON CAUSA ESPECIFICA,2,1,0,1,1,0,1,0,0,0,1,1,1,2,46,41,51,0,0,0,0,0,0,NA,1,0,0,0,0,0,0,0,0,1,0,0,No,No,No,No
A-2021-09-119,2021-09-12,2021,9,Setiembre,domingo,19:58,19,Noche,Sí,LIMA,LIMA,VILLA EL SALVADOR,URBANA,-12.192849867990839,-76.96236713957965,CHOQUE,1,0,1,No,No,AVENIDA,URBANO,NO CORRESPONDE,DESPEJADO,RESIDENCIAL,TRAMO RECTO,PLANA,ASFALTADA,IMPRUDENCIA DEL CONDUCTOR,OTRO (IMPRUDENCIA DEL CONDUCTOR),2,1,0,1,2,0,0,0,1,0,0,2,0,1,28,28,28,0,0,0,0,0,0,NA,2,1,0,1,0,0,0,0,0,0,0,0,Sí,Sí,No,No
A-2021-09-121,2021-09-14,2021,9,Setiembre,martes,21:00,21,Noche,No,LIMA,LIMA,LOS OLIVOS,URBANA,-11.9661888,-77.0678143,DESPISTE,1,0,1,No,No,CARRETERA,NACIONAL,PE-1N,DESPEJADO,RESIDENCIAL,TRAMO RECTO,PLANA,ASFALTADA,EN PROCESO DE INVESTIGACIÓN,NO CUENTA CON CAUSA ESPECIFICA,1,1,0,0,1,0,0,0,1,0,0,1,0,0,NA,NA,NA,NA,NA,0,0,0,0,NA,1,1,0,0,0,0,0,0,0,0,0,0,Sí,No,No,No
A-2021-09-124,2021-09-15,2021,9,Setiembre,miércoles,06:40,6,Mañana,No,LIMA,LIMA,MIRAFLORES,URBANA,-12.129439000029457,-77.02302743852582,ATROPELLO,1,0,1,No,No,AVENIDA,URBANO,NO CORRESPONDE,DESPEJADO,COMERCIAL,INTERSECCIÓN,PLANA,ASFALTADA,EN PROCESO DE INVESTIGACIÓN,NO CUENTA CON CAUSA ESPECIFICA,2,1,0,1,1,0,1,0,0,0,1,2,0,2,30,30,30,0,0,0,0,0,0,NA,1,0,0,0,1,0,0,1,0,0,0,0,No,No,Sí,No
A-2021-09-126,2021-09-19,2021,9,Setiembre,domingo,09:00,9,Mañana,Sí,LIMA,LIMA,VILLA EL SALVADOR,URBANA,-12.223894272996022,-76.91989657734099,ATROPELLO,1,0,1,No,No,AVENIDA,URBANO,NO CORRESPONDE,SOLEADO,COMERCIAL,INTERSECCIÓN,PLANA,ASFALTADA,EN PROCESO DE INVESTIGACIÓN,NO CUENTA CON CAUSA ESPECIFICA,2,1,0,1,1,0,1,0,0,0,1,1,1,2,32.5,29,36,0,0,0,0,0,0,NA,1,0,1,0,0,0,0,0,0,0,0,0,No,No,No,No
A-2021-09-127,2021-09-20,2021,9,Setiembre,lunes,23:30,23,Noche,No,LIMA,LIMA,RIMAC,URBANA,-12.037242898540958,-77.0134369893703,VOLCADURA,1,0,1,No,No,AVENIDA,URBANO,NO CORRESPONDE,SOLEADO,COMERCIAL,TRAMO RECTO,PLANA,ASFALTADA,EN PROCESO DE INVESTIGACIÓN,NO CUENTA CON CAUSA ESPECIFICA,1,1,0,0,1,0,0,0,1,0,0,1,0,1,26,26,26,0,0,1,1,0,0,NA,1,1,0,0,0,0,0,0,0,1,0,0,Sí,No,No,No
A-2021-09-133,2021-09-23,2021,9,Setiembre,jueves,12:15,12,Tarde,No,LIMA,LIMA,SAN JUAN DE MIRAFLORES,URBANA,-12.168898,-76.979617,CHOQUE CON OBJETO FIJO,1,0,1,No,No,CARRETERA,NACIONAL,PE-1S,DESPEJADO,COMERCIAL,TRAMO RECTO,PLANA,ASFALTADA,IMPRUDENCIA DEL CONDUCTOR,EXCESO DE VELOCIDAD,1,1,0,0,1,0,0,0,1,0,0,1,0,1,25,25,25,0,0,0,0,0,0,NA,1,1,0,0,0,0,0,0,0,0,0,0,Sí,No,No,No
A-2021-09-135,2021-09-24,2021,9,Setiembre,viernes,12:20,12,Tarde,No,LIMA,LIMA,VILLA EL SALVADOR,URBANA,-12.227974,-76.938119,CHOQUE,1,0,1,No,No,AVENIDA,URBANO,NO CORRESPONDE,SOLEADO,RESIDENCIAL,TRAMO RECTO,PLANA,ASFALTADA,EN PROCESO DE INVESTIGACIÓN,NO CUENTA CON CAUSA ESPECIFICA,2,1,0,1,2,0,0,0,1,0,0,2,0,2,36,22,50,0,0,0,0,0,0,NA,2,1,1,0,0,0,0,1,0,0,0,0,Sí,No,Sí,No
A-2021-09-154,2021-09-25,2021,9,Setiembre,sábado,06:00,6,Mañana,Sí,LIMA,LIMA,LIMA,URBANA,-12.050135,-77.077167,DESPISTE,1,0,1,No,No,AVENIDA,URBANO,NO CORRESPONDE,SOLEADO,RESIDENCIAL,TRAMO RECTO,PLANA,ASFALTADA,EN PROCESO DE INVESTIGACIÓN,NO CUENTA CON CAUSA ESPECIFICA,1,1,0,0,1,0,0,0,1,0,0,1,0,0,NA,NA,NA,NA,NA,0,0,0,0,NA,1,1,0,0,0,0,0,0,0,0,0,0,Sí,No,No,No
A-2021-09-156,2021-09-27,2021,9,Setiembre,lunes,18:00,18,Noche,No,LIMA,LIMA,LURIN,URBANA,-12.277608,-76.869489,ATROPELLO,1,0,1,No,No,AVENIDA,URBANO,NO CORRESPONDE,NUBLADO,COMERCIAL,TRAMO RECTO,PLANA,ASFALTADA,EN PROCESO DE INVESTIGACIÓN,NO CUENTA CON CAUSA ESPECIFICA,2,1,0,1,1,0,1,0,0,0,1,2,0,2,16,0,32,1,0,0,0,0,0,NA,1,0,0,1,0,0,0,0,0,0,0,0,No,Sí,No,No
A-2021-09-155,2021-09-27,2021,9,Setiembre,lunes,20:30,20,Noche,No,LIMA,LIMA,BREÑA,URBANA,-12.068307746191369,-77.048367843082,ATROPELLO,1,0,1,No,No,AVENIDA,URBANO,NO CORRESPONDE,DESPEJADO,COMERCIAL,TRAMO RECTO,PLANA,ASFALTADA,EN PROCESO DE INVESTIGACIÓN,NO CUENTA CON CAUSA ESPECIFICA,2,1,0,1,1,0,1,0,0,0,1,1,1,2,64,60,68,0,2,0,0,0,0,NA,1,0,1,0,0,0,0,1,0,0,0,0,No,No,Sí,No
A-2021-09-222,2021-09-29,2021,9,Setiembre,miércoles,09:30,9,Mañana,No,LIMA,LIMA,SAN JUAN DE LURIGANCHO,URBANA,-11.936900367759373,-76.97113212187342,ATROPELLO,1,0,1,No,No,AVENIDA,URBANO,NO CORRESPONDE,SOLEADO,RESIDENCIAL,INTERSECCIÓN,PLANA,ASFALTADA,IMPRUDENCIA DEL CONDUCTOR,OTRO (IMPRUDENCIA DEL CONDUCTOR),2,1,0,1,1,0,1,0,0,0,1,2,0,1,69,69,69,0,1,0,0,0,0,NA,1,0,0,0,1,0,0,1,0,0,0,0,No,No,Sí,No
A-2021-09-224,2021-09-29,2021,9,Setiembre,miércoles,12:00,12,Tarde,No,LIMA,LIMA,LIMA,URBANA,-12.062737737424804,-77.04355287372726,ATROPELLO,1,0,1,No,No,AVENIDA,URBANO,NO CORRESPONDE,SOLEADO,COMERCIAL,TRAMO RECTO,PLANA,ASFALTADA,EN PROCESO DE INVESTIGACIÓN,NO CUENTA CON CAUSA ESPECIFICA,2,1,0,1,1,0,1,0,0,0,1,1,1,2,49.5,41,58,0,0,0,0,0,0,NA,1,0,0,0,1,0,0,0,0,1,0,0,No,No,No,No
A-2021-09-223,2021-09-29,2021,9,Setiembre,miércoles,20:00,20,Noche,No,LIMA,LIMA,LURIN,URBANA,-12.275765644225062,-76.87090862740266,CHOQUE,1,0,1,No,No,AVENIDA,URBANO,NO CORRESPONDE,SOLEADO,COMERCIAL,TRAMO RECTO,PLANA,ASFALTADA,EN PROCESO DE INVESTIGACIÓN,NO CUENTA CON CAUSA ESPECIFICA,2,1,0,1,2,0,0,0,1,0,0,2,0,2,40.5,34,47,0,0,1,1,0,0,NA,2,0,0,2,0,0,0,0,0,0,0,0,No,Sí,No,No
A-2021-09-226,2021-09-30,2021,9,Setiembre,jueves,00:48,0,Madrugada,No,LIMA,LIMA,COMAS,URBANA,-11.951160927516437,-77.05056302644783,CHOQUE CON OBJETO FIJO,1,1,2,Sí,No,AVENIDA,URBANO,NO CORRESPONDE,DESPEJADO,ESCOLAR,TRAMO RECTO,PLANA,ASFALTADA,EN PROCESO DE INVESTIGACIÓN,NO CUENTA CON CAUSA ESPECIFICA,2,1,1,0,1,1,0,0,1,0,0,2,0,1,34,34,34,0,0,0,0,0,0,NA,1,0,1,0,0,0,0,0,0,0,0,0,No,No,No,No
A-2021-10-40,2021-10-01,2021,10,Octubre,viernes,19:30,19,Noche,No,LIMA,LIMA,SAN JUAN DE LURIGANCHO,URBANA,-11.986788269568219,-77.01574397392685,ATROPELLO FUGA,1,0,1,No,No,AVENIDA,URBANO,NO CORRESPONDE,DESPEJADO,COMERCIAL,TRAMO RECTO,PLANA,ASFALTADA,EN PROCESO DE INVESTIGACIÓN,NO CUENTA CON CAUSA ESPECIFICA,1,1,0,0,0,0,1,0,0,0,1,0,1,1,65,65,65,0,1,0,0,0,0,NA,1,0,0,0,0,0,1,0,0,0,0,1,No,No,No,Sí
A-2021-10-41,2021-10-03,2021,10,Octubre,domingo,12:40,12,Tarde,Sí,LIMA,LIMA,SAN MARTIN DE PORRES,URBANA,-11.9907417,-77.0930204,DESPISTE,1,1,2,Sí,No,AVENIDA,URBANO,NO CORRESPONDE,DESPEJADO,COMERCIAL,INTERSECCIÓN,PLANA,ASFALTADA,EN PROCESO DE INVESTIGACIÓN,NO CUENTA CON CAUSA ESPECIFICA,2,1,1,0,1,1,0,0,1,0,0,1,1,1,23,23,23,0,0,0,0,0,0,NA,1,1,0,0,0,0,0,0,0,1,0,0,Sí,No,No,No
A-2021-10-42,2021-10-05,2021,10,Octubre,martes,14:30,14,Tarde,No,LIMA,LIMA,INDEPENDENCIA,URBANA,-12.00935130226224,-77.05182857230899,ATROPELLO,1,0,1,No,No,AVENIDA,URBANO,NO CORRESPONDE,DESPEJADO,RESIDENCIAL,TRAMO RECTO,PLANA,ASFALTADA,EN PROCESO DE INVESTIGACIÓN,NO CUENTA CON CAUSA ESPECIFICA,2,1,0,1,1,0,1,0,0,0,1,2,0,1,0,0,0,1,0,0,0,0,0,NA,1,1,0,0,0,0,0,0,1,0,0,0,Sí,No,No,No
A-2021-10-43,2021-10-06,2021,10,Octubre,miércoles,17:30,17,Tarde,No,LIMA,LIMA,SANTIAGO DE SURCO,URBANA,-12.13134804927549,-76.97835262250652,ATROPELLO,1,0,1,No,No,CARRETERA,NACIONAL,PE-1S,DESPEJADO,COMERCIAL,TRAMO RECTO,PLANA,ASFALTADA,EN PROCESO DE INVESTIGACIÓN,NO CUENTA CON CAUSA ESPECIFICA,2,1,0,1,1,0,1,0,0,0,1,2,0,2,48,47,49,0,0,0,0,0,0,NA,1,0,0,1,0,0,0,0,1,0,0,0,No,Sí,No,No
A-2021-10-49,2021-10-07,2021,10,Octubre,jueves,16:15,16,Tarde,No,LIMA,LIMA,BARRANCO,URBANA,-12.139583151291832,-77.01778279949289,CHOQUE CON OBJETO FIJO,1,0,1,No,No,AVENIDA,URBANO,NO CORRESPONDE,DESPEJADO,COMERCIAL,TRAMO RECTO,PLANA,ASFALTADA,EN PROCESO DE INVESTIGACIÓN,NO CUENTA CON CAUSA ESPECIFICA,1,1,0,0,1,0,0,0,1,0,0,1,0,0,NA,NA,NA,NA,NA,0,0,0,0,NA,1,0,1,0,0,0,0,1,1,0,1,0,No,No,Sí,No
A-2021-10-50,2021-10-07,2021,10,Octubre,jueves,19:20,19,Noche,No,LIMA,LIMA,VILLA EL SALVADOR,URBANA,-12.210074,-76.938764,VOLCADURA,1,0,1,No,No,AVENIDA,URBANO,NO CORRESPONDE,DESPEJADO,COMERCIAL,INTERSECCIÓN,PLANA,ASFALTADA,EN PROCESO DE INVESTIGACIÓN,NO CUENTA CON CAUSA ESPECIFICA,1,1,0,0,1,0,0,0,1,0,0,1,0,1,34,34,34,0,0,1,1,0,0,NA,1,1,0,0,0,0,0,0,0,1,0,0,Sí,No,No,No
A-2021-10-51,2021-10-07,2021,10,Octubre,jueves,19:30,19,Noche,No,LIMA,LIMA,SANTIAGO DE SURCO,URBANA,-12.096454474769404,-76.97998552236754,CHOQUE CON OBJETO FIJO,1,0,1,No,No,CARRETERA,NACIONAL,PE-1S,DESPEJADO,RESIDENCIAL,TRAMO RECTO,PLANA,ASFALTADA,EN PROCESO DE INVESTIGACIÓN,NO CUENTA CON CAUSA ESPECIFICA,1,1,0,0,1,0,0,0,1,0,0,0,1,1,46,46,46,0,0,1,1,0,0,NA,1,1,0,0,0,0,0,0,0,0,0,0,Sí,No,No,No
A-2021-10-52,2021-10-08,2021,10,Octubre,viernes,10:30,10,Mañana,No,LIMA,LIMA,COMAS,URBANA,-11.940899,-77.0438,ATROPELLO,1,0,1,No,No,AVENIDA,URBANO,NO CORRESPONDE,DESPEJADO,INDUSTRIAL,TRAMO RECTO,PLANA,ASFALTADA,EN PROCESO DE INVESTIGACIÓN,NO CUENTA CON CAUSA ESPECIFICA,2,1,0,1,1,0,1,0,0,0,1,2,0,2,65,34,96,0,1,0,0,0,0,NA,1,0,1,0,0,0,0,0,0,0,0,0,No,No,No,No
A-2021-10-133,2021-10-08,2021,10,Octubre,viernes,23:30,23,Noche,No,CALLAO,CALLAO,BELLAVISTA,URBANA,-12.055473817244213,-77.10758129754797,DESPISTE,1,0,1,No,No,AVENIDA,URBANO,NO CORRESPONDE,DESPEJADO,RESIDENCIAL,TRAMO RECTO,INCLINADA,ASFALTADA,IMPRUDENCIA DEL CONDUCTOR,CONDUCIR EN ESTADO DE EBRIEDAD Y/O DROGADICCIÓN,1,1,0,0,1,0,0,0,1,0,0,1,0,1,22,22,22,0,0,0,0,0,0,NA,1,1,0,0,0,0,0,0,0,0,0,0,Sí,No,No,No
A-2021-10-53,2021-10-09,2021,10,Octubre,sábado,20:15,20,Noche,Sí,LIMA,LIMA,LURIN,URBANA,-12.250217031834625,-76.86691741288067,CHOQUE,1,0,1,No,No,AVENIDA,URBANO,NO CORRESPONDE,DESPEJADO,RESIDENCIAL,TRAMO RECTO,PLANA,ASFALTADA,IMPRUDENCIA DEL CONDUCTOR,EXCESO DE VELOCIDAD,2,1,0,0,1,0,0,0,1,0,0,1,0,1,32,32,32,0,0,0,0,1,0,No,2,1,1,0,0,0,0,0,0,2,0,0,Sí,No,No,No
A-2021-10-54,2021-10-11,2021,10,Octubre,lunes,05:00,5,Madrugada,No,LIMA,LIMA,PUENTE PIEDRA,URBANA,-11.85678293839159,-77.08418178294279,ATROPELLO,1,0,1,No,No,CARRETERA,NACIONAL,PE-1N,DESPEJADO,COMERCIAL,TRAMO RECTO,PLANA,ASFALTADA,IMPRUDENCIA DEL CONDUCTOR,EXCESO DE VELOCIDAD,2,1,0,1,1,0,1,0,0,0,1,1,1,2,40.5,29,52,0,0,0,0,1,0,No,1,0,0,0,1,0,0,1,0,0,0,0,No,No,Sí,No
A-2021-10-187,2021-10-13,2021,10,Octubre,miércoles,07:10,7,Mañana,No,LIMA,LIMA,LOS OLIVOS,URBANA,-12.002560601244666,-77.08321624201264,VOLCADURA,1,0,1,No,No,AVENIDA,URBANO,NO CORRESPONDE,DESPEJADO,ESCOLAR,TRAMO RECTO,PLANA,ASFALTADA,EN PROCESO DE INVESTIGACIÓN,NO CUENTA CON CAUSA ESPECIFICA,2,1,0,1,2,0,0,0,1,0,0,2,0,2,30.5,28,33,0,0,0,0,2,0,No,2,1,0,0,1,0,0,1,0,0,0,0,Sí,No,Sí,No
A-2021-10-188,2021-10-13,2021,10,Octubre,miércoles,08:00,8,Mañana,No,LIMA,LIMA,ATE,URBANA,-12.064065824660597,-76.97142736402085,CHOQUE,1,0,1,No,No,CARRETERA,NACIONAL,PE-1S,DESPEJADO,INDUSTRIAL,OTRO,PLANA,ASFALTADA,EN PROCESO DE INVESTIGACIÓN,NO CUENTA CON CAUSA ESPECIFICA,2,1,0,1,2,0,0,0,1,0,0,2,0,2,42.5,37,48,0,0,0,0,2,0,No,2,1,0,1,0,0,0,0,2,0,0,0,Sí,Sí,No,No
A-2021-10-189,2021-10-14,2021,10,Octubre,jueves,08:15,8,Mañana,No,LIMA,LIMA,LURIN,URBANA,-12.264945438692559,-76.90744130881495,ESPECIAL,1,1,2,Sí,No,CARRETERA,NACIONAL,PE-1S,DESPEJADO,RESIDENCIAL,TRAMO RECTO,PLANA,ASFALTADA,EN PROCESO DE INVESTIGACIÓN,NO CUENTA CON CAUSA ESPECIFICA,3,1,1,1,2,1,0,0,1,0,0,1,1,1,42,42,42,0,0,0,0,1,0,No,2,0,1,0,1,0,0,1,2,0,0,0,No,No,Sí,No
A-2021-10-190,2021-10-14,2021,10,Octubre,jueves,22:00,22,Noche,No,LIMA,LIMA,LA VICTORIA,URBANA,-12.0770213,-77.0103256,CHOQUE,2,0,2,No,Sí,AVENIDA,URBANO,NO CORRESPONDE,DESPEJADO,INDUSTRIAL,ÓVALO,INCLINADA,ASFALTADA,EN PROCESO DE INVESTIGACIÓN,NO CUENTA CON CAUSA ESPECIFICA,3,2,0,1,2,1,0,0,1,1,0,3,0,2,35,32,38,0,0,0,0,2,0,No,2,1,1,0,0,0,0,0,0,0,0,0,Sí,No,No,No
A-2021-10-134,2021-10-17,2021,10,Octubre,domingo,05:45,5,Madrugada,Sí,CALLAO,CALLAO,VENTANILLA,URBANA,-11.871167460788834,-77.12763899304517,CHOQUE,1,0,1,No,No,CARRETERA,NACIONAL,PE-20,DESPEJADO,RESIDENCIAL,TRAMO RECTO,PLANA,ASFALTADA,IMPRUDENCIA DEL CONDUCTOR,OTRO (IMPRUDENCIA DEL CONDUCTOR),2,1,0,1,2,0,0,0,1,0,0,2,0,2,28.5,25,32,0,0,0,0,0,0,NA,2,1,1,0,0,0,0,0,0,0,0,0,Sí,No,No,No
A-2021-10-191,2021-10-17,2021,10,Octubre,domingo,13:55,13,Tarde,Sí,LIMA,LIMA,LA VICTORIA,URBANA,-12.065986,-77.028915,ATROPELLO,1,0,1,No,No,AVENIDA,URBANO,NO CORRESPONDE,DESPEJADO,COMERCIAL,TRAMO RECTO,PLANA,ASFALTADA,EN PROCESO DE INVESTIGACIÓN,NO CUENTA CON CAUSA ESPECIFICA,2,1,0,1,1,0,1,0,0,0,1,2,0,1,26,26,26,0,0,0,0,1,0,No,1,1,0,0,0,0,0,0,0,0,0,0,Sí,No,No,No
A-2021-10-192,2021-10-17,2021,10,Octubre,domingo,16:45,16,Tarde,Sí,LIMA,LIMA,CARABAYLLO,URBANA,-11.861128889695754,-77.03202892594477,CHOQUE,1,1,2,Sí,No,AVENIDA,URBANO,NO CORRESPONDE,DESPEJADO,RESIDENCIAL,TRAMO RECTO,PLANA,ASFALTADA,EN PROCESO DE INVESTIGACIÓN,NO CUENTA CON CAUSA ESPECIFICA,3,1,1,1,2,1,0,0,1,0,0,1,1,2,32.5,23,42,0,0,0,0,1,0,No,2,2,0,0,0,0,0,0,0,2,0,0,Sí,No,No,No
A-2021-10-193,2021-10-18,2021,10,Octubre,lunes,14:52,14,Tarde,No,LIMA,LIMA,BREÑA,URBANA,-12.065391,-77.045953,ATROPELLO,1,0,1,No,No,AVENIDA,URBANO,NO CORRESPONDE,DESPEJADO,COMERCIAL,TRAMO RECTO,PLANA,ASFALTADA,EN PROCESO DE INVESTIGACIÓN,NO CUENTA CON CAUSA ESPECIFICA,2,1,0,1,1,0,1,0,0,0,1,2,0,2,61,32,90,0,1,0,0,1,0,No,1,0,1,0,0,0,0,0,0,1,0,0,No,No,No,No
A-2021-10-194,2021-10-18,2021,10,Octubre,lunes,18:00,18,Noche,No,LIMA,LIMA,SANTIAGO DE SURCO,URBANA,-12.1485184,-77.0094428,ATROPELLO,1,0,1,No,No,AVENIDA,URBANO,NO CORRESPONDE,DESPEJADO,RESIDENCIAL,INTERSECCIÓN,PLANA,ASFALTADA,EN PROCESO DE INVESTIGACIÓN,NO CUENTA CON CAUSA ESPECIFICA,2,1,0,1,1,0,1,0,0,0,1,2,0,2,63.5,55,72,0,1,1,1,1,0,No,1,1,0,0,0,0,0,0,0,0,0,0,Sí,No,No,No
A-2021-10-195,2021-10-19,2021,10,Octubre,martes,23:40,23,Noche,No,LIMA,LIMA,LURIN,URBANA,-12.272783,-76.895042,DESPISTE,1,0,1,No,No,CARRETERA,NACIONAL,PE-1S,DESPEJADO,INDUSTRIAL,TRAMO RECTO,PLANA,ASFALTADA,EN PROCESO DE INVESTIGACIÓN,NO CUENTA CON CAUSA ESPECIFICA,2,1,0,1,1,1,0,0,0,1,0,2,0,2,39,30,48,0,0,1,1,1,0,No,1,0,1,0,0,0,0,0,0,0,0,0,No,No,No,No
A-2021-10-196,2021-10-20,2021,10,Octubre,miércoles,14:30,14,Tarde,No,LIMA,LIMA,COMAS,URBANA,-11.936842,-77.048987,ATROPELLO,1,0,1,No,No,AVENIDA,URBANO,NO CORRESPONDE,DESPEJADO,COMERCIAL,INTERSECCIÓN,PLANA,ASFALTADA,EN PROCESO DE INVESTIGACIÓN,NO CUENTA CON CAUSA ESPECIFICA,2,1,0,1,1,0,1,0,0,0,1,2,0,1,87,87,87,0,1,0,0,1,0,No,1,1,0,0,0,0,0,0,0,0,0,0,Sí,No,No,No
A-2021-10-197,2021-10-21,2021,10,Octubre,jueves,21:30,21,Noche,No,LIMA,LIMA,PUENTE PIEDRA,URBANA,-11.843605,-77.1009174,ATROPELLO,1,0,1,No,No,CARRETERA,NACIONAL,PE-1N,DESPEJADO,COMERCIAL,TRAMO RECTO,PLANA,ASFALTADA,EN PROCESO DE INVESTIGACIÓN,NO CUENTA CON CAUSA ESPECIFICA,2,1,0,1,1,0,1,0,0,0,1,2,0,2,35,25,45,0,0,0,0,1,0,No,1,0,1,0,0,0,0,0,0,0,0,0,No,No,No,No
A-2021-10-198,2021-10-22,2021,10,Octubre,viernes,13:26,13,Tarde,No,LIMA,LIMA,SANTIAGO DE SURCO,URBANA,-12.1619604793638,-76.9843424183075,CHOQUE,1,0,1,No,No,JIRÓN,URBANO,NA,DESPEJADO,COMERCIAL,INTERSECCIÓN,PLANA,ASFALTADA,EN PROCESO DE INVESTIGACIÓN,NO CUENTA CON CAUSA ESPECIFICA,2,1,0,0,2,0,0,0,1,0,0,1,0,0,NA,NA,NA,NA,NA,0,0,1,0,No,2,2,0,0,0,0,0,0,0,0,0,0,Sí,No,No,No
A-2021-10-200,2021-10-22,2021,10,Octubre,viernes,16:00,16,Tarde,No,LIMA,LIMA,LOS OLIVOS,URBANA,-11.97158,-77.07601,CHOQUE,1,0,1,No,No,AVENIDA,URBANO,NO CORRESPONDE,DESPEJADO,ESCOLAR,INTERSECCIÓN,PLANA,ASFALTADA,EN PROCESO DE INVESTIGACIÓN,NO CUENTA CON CAUSA ESPECIFICA,2,1,0,1,2,0,0,0,1,0,0,2,0,2,43,25,61,0,1,2,2,2,0,No,2,2,0,0,0,0,0,0,0,2,0,0,Sí,No,No,No
A-2021-10-201,2021-10-23,2021,10,Octubre,sábado,17:35,17,Tarde,Sí,LIMA,LIMA,PUENTE PIEDRA,URBANA,-11.867990397187137,-77.07250888776531,ATROPELLO,1,0,1,No,No,CARRETERA,NACIONAL,PE-1N,DESPEJADO,COMERCIAL,TRAMO RECTO,PLANA,ASFALTADA,EN PROCESO DE INVESTIGACIÓN,NO CUENTA CON CAUSA ESPECIFICA,2,1,0,1,1,0,1,0,0,0,1,2,0,2,69.5,58,81,0,1,0,1,1,0,No,1,0,0,0,1,0,0,1,1,0,0,0,No,No,Sí,No
A-2021-10-202,2021-10-24,2021,10,Octubre,domingo,04:00,4,Madrugada,Sí,LIMA,LIMA,LURIGANCHO,URBANA,-11.938900007543534,-76.69401167199534,DESPISTE,1,0,1,No,No,CALLE,URBANO,NO CORRESPONDE,DESPEJADO,COMERCIAL,TRAMO RECTO,PLANA,ASFALTADA,EN PROCESO DE INVESTIGACIÓN,NO CUENTA CON CAUSA ESPECIFICA,1,1,0,0,1,0,0,0,1,0,0,1,0,1,33,33,33,0,0,1,1,1,0,No,1,1,0,0,0,0,0,0,1,0,0,0,Sí,No,No,No
A-2021-10-203,2021-10-26,2021,10,Octubre,martes,17:30,17,Tarde,No,LIMA,LIMA,SANTA ANITA,URBANA,-12.0408,-76.96171,ATROPELLO,1,0,1,No,No,AVENIDA,URBANO,NO CORRESPONDE,DESPEJADO,COMERCIAL,TRAMO RECTO,PLANA,ASFALTADA,EN PROCESO DE INVESTIGACIÓN,NO CUENTA CON CAUSA ESPECIFICA,2,1,0,1,1,0,1,0,0,0,1,2,0,2,52,24,80,0,1,0,0,1,0,No,1,1,0,0,0,0,0,0,1,0,0,0,Sí,No,No,No
A-2021-10-135,2021-10-27,2021,10,Octubre,miércoles,22:15,22,Noche,No,CALLAO,CALLAO,CALLAO,URBANA,-11.979772281188813,-77.12524665595598,DESPISTE,1,0,1,No,No,CARRETERA,NACIONAL,PE-20,DESPEJADO,INDUSTRIAL,TRAMO RECTO,PLANA,ASFALTADA,IMPRUDENCIA DEL CONDUCTOR,CONDUCIR EN ESTADO DE EBRIEDAD Y/O DROGADICCIÓN,1,1,0,0,1,0,0,0,1,0,0,1,0,1,34,34,34,0,0,0,1,0,0,NA,1,1,0,0,0,0,0,0,0,0,0,0,Sí,No,No,No
A-2021-10-204,2021-10-28,2021,10,Octubre,jueves,06:55,6,Mañana,No,LIMA,LIMA,LURIGANCHO,URBANA,-11.997801400730856,-76.86925638363198,ESPECIAL,1,0,1,No,No,CALLE,URBANO,NO CORRESPONDE,DESPEJADO,COMERCIAL,TRAMO RECTO,PLANA,CONCRETO,EN PROCESO DE INVESTIGACIÓN,NO CUENTA CON CAUSA ESPECIFICA,2,1,0,1,1,0,1,0,0,0,1,2,0,1,52,52,52,0,0,0,0,1,0,No,1,0,0,1,0,0,0,0,0,0,1,0,No,Sí,No,No
A-2021-10-205,2021-10-28,2021,10,Octubre,jueves,17:00,17,Tarde,No,LIMA,LIMA,COMAS,URBANA,-11.957693800715779,-77.04924865652266,CHOQUE,1,1,2,Sí,No,AVENIDA,URBANO,NO CORRESPONDE,DESPEJADO,COMERCIAL,INTERSECCIÓN,PLANA,ASFALTADA,EN PROCESO DE INVESTIGACIÓN,NO CUENTA CON CAUSA ESPECIFICA,4,1,1,1,2,2,0,0,0,1,0,2,1,3,26,23,31,0,0,0,0,1,0,No,2,1,1,0,0,0,0,1,2,0,0,0,Sí,No,Sí,No
A-2021-10-206,2021-10-31,2021,10,Octubre,domingo,05:50,5,Madrugada,Sí,LIMA,LIMA,COMAS,URBANA,-11.93558826014672,-77.07187589247279,ATROPELLO,1,0,1,No,No,CARRETERA,NACIONAL,PE-1N,DESPEJADO,COMERCIAL,INTERSECCIÓN,PLANA,ASFALTADA,EN PROCESO DE INVESTIGACIÓN,NO CUENTA CON CAUSA ESPECIFICA,2,1,0,0,0,0,1,0,0,0,1,1,0,1,36,36,36,0,0,0,0,0,0,NA,1,0,1,0,0,0,0,1,0,0,0,0,No,No,Sí,No
A-2021-10-207,2021-10-31,2021,10,Octubre,domingo,05:50,5,Madrugada,Sí,LIMA,LIMA,LIMA,URBANA,-12.0591,-77.01383,ATROPELLO FUGA,1,0,1,No,No,AVENIDA,URBANO,NO CORRESPONDE,DESPEJADO,COMERCIAL,TRAMO RECTO,PLANA,ASFALTADA,EN PROCESO DE INVESTIGACIÓN,NO CUENTA CON CAUSA ESPECIFICA,2,1,0,0,1,0,1,0,0,0,1,1,0,1,58,58,58,0,0,0,0,0,0,NA,1,0,0,0,0,0,1,0,0,0,0,1,No,No,No,Sí
A-2021-11-113,2021-11-01,2021,11,Noviembre,lunes,20:40,20,Noche,No,LIMA,LIMA,VILLA MARIA DEL TRIUNFO,URBANA,-12.21202,-76.903176,DESPISTE,1,0,1,No,No,AVENIDA,URBANO,NO CORRESPONDE,DESPEJADO,INDUSTRIAL,INTERSECCIÓN,PLANA,ASFALTADA,EN PROCESO DE INVESTIGACIÓN,NO CUENTA CON CAUSA ESPECIFICA,1,1,0,0,1,0,0,0,1,0,0,1,0,1,63,63,63,0,1,0,0,0,0,NA,1,1,0,0,0,0,0,0,0,1,0,0,Sí,No,No,No
A-2021-11-114,2021-11-02,2021,11,Noviembre,martes,18:15,18,Noche,No,LIMA,LIMA,PUENTE PIEDRA,URBANA,-11.853004,-77.089262,CHOQUE,1,0,1,No,No,CARRETERA,NACIONAL,PE-1N,DESPEJADO,COMERCIAL,TRAMO RECTO,PLANA,ASFALTADA,IMPRUDENCIA DEL CONDUCTOR,EXCESO DE VELOCIDAD,2,1,0,1,2,0,0,0,1,0,0,2,0,1,25,25,25,0,0,1,1,2,0,No,2,1,0,0,1,0,0,1,0,2,1,0,Sí,No,Sí,No
A-2021-11-8,2021-11-02,2021,11,Noviembre,martes,22:00,22,Noche,No,CALLAO,CALLAO,CALLAO,URBANA,-11.986945636020454,-77.12551634359441,ATROPELLO,1,0,1,No,No,CARRETERA,NACIONAL,PE-20,DESPEJADO,RESIDENCIAL,TRAMO RECTO,PLANA,ASFALTADA,EN PROCESO DE INVESTIGACIÓN,NO CUENTA CON CAUSA ESPECIFICA,2,1,0,1,1,0,1,0,0,0,1,2,0,2,43.5,35,52,0,0,0,0,0,0,NA,1,0,0,0,1,0,0,0,0,0,0,0,No,No,No,No
A-2021-11-141,2021-11-03,2021,11,Noviembre,miércoles,05:20,5,Madrugada,No,LIMA,LIMA,SANTA ANITA,URBANA,-12.035626064550765,-76.94892346442275,ATROPELLO,1,0,1,No,No,AVENIDA,URBANO,NO CORRESPONDE,DESPEJADO,COMERCIAL,TRAMO RECTO,PLANA,ASFALTADA,EN PROCESO DE INVESTIGACIÓN,NO CUENTA CON CAUSA ESPECIFICA,2,1,0,1,1,0,1,0,0,0,1,1,1,1,65,65,65,0,1,0,0,1,0,No,1,0,0,0,1,0,0,1,0,0,0,0,No,No,Sí,No
A-2021-11-10,2021-11-03,2021,11,Noviembre,miércoles,11:47,11,Mañana,No,LIMA,LIMA,SAN MARTIN DE PORRES,URBANA,-11.98185556481486,-77.10788603762292,ATROPELLO,1,0,1,No,No,OTRO,URBANO,NO CORRESPONDE,DESPEJADO,RESIDENCIAL,TRAMO RECTO,PLANA,ASFALTADA,IMPRUDENCIA DEL CONDUCTOR,EXCESO DE VELOCIDAD,2,1,0,1,1,0,1,0,0,0,1,1,1,2,20.5,1,40,1,0,0,0,0,0,NA,1,0,1,0,0,0,0,0,0,0,0,0,No,No,No,No
A-2021-11-142,2021-11-05,2021,11,Noviembre,viernes,07:30,7,Mañana,No,LIMA,LIMA,PUENTE PIEDRA,URBANA,-11.899768,-77.067954,CAÍDA DE PASAJERO,1,0,1,No,No,CARRETERA,NACIONAL,PE-1N,DESPEJADO,COMERCIAL,TRAMO RECTO,PLANA,ASFALTADA,EN PROCESO DE INVESTIGACIÓN,NO CUENTA CON CAUSA ESPECIFICA,2,1,0,1,1,1,0,0,0,1,0,1,1,2,26.5,18,35,0,0,0,0,1,0,No,1,0,0,0,1,0,0,1,0,0,0,0,No,No,Sí,No
A-2021-11-143,2021-11-05,2021,11,Noviembre,viernes,14:30,14,Tarde,No,LIMA,LIMA,SAN JUAN DE LURIGANCHO,URBANA,-12.024278499330748,-76.96404421516526,CHOQUE,1,0,1,No,No,CARRETERA,NACIONAL,PE-22,DESPEJADO,RESIDENCIAL,TRAMO RECTO,PLANA,ASFALTADA,EN PROCESO DE INVESTIGACIÓN,NO CUENTA CON CAUSA ESPECIFICA,2,1,0,1,2,0,0,0,1,0,0,2,0,1,44,44,44,0,0,0,0,2,0,No,2,1,0,1,0,0,0,0,0,0,0,0,Sí,Sí,No,No
A-2021-11-144,2021-11-05,2021,11,Noviembre,viernes,22:30,22,Noche,No,LIMA,LIMA,SAN MARTIN DE PORRES,URBANA,-12.026782,-77.058355,CHOQUE,1,0,1,No,No,CARRETERA,NACIONAL,PE-1N,DESPEJADO,COMERCIAL,INTERSECCIÓN,PLANA,ASFALTADA,IMPRUDENCIA DEL CONDUCTOR,EXCESO DE VELOCIDAD,2,1,0,1,2,0,0,0,1,0,0,2,0,2,35,24,46,0,0,0,0,1,0,No,2,1,0,1,0,0,0,0,0,2,0,0,Sí,Sí,No,No
A-2021-11-146,2021-11-05,2021,11,Noviembre,viernes,23:10,23,Noche,No,LIMA,LIMA,SAN JUAN DE MIRAFLORES,URBANA,-12.184364,-76.974964,ATROPELLO FUGA,1,0,1,No,No,CARRETERA,NACIONAL,PE-1S,DESPEJADO,RESIDENCIAL,TRAMO RECTO,PLANA,ASFALTADA,EN PROCESO DE INVESTIGACIÓN,NO CUENTA CON CAUSA ESPECIFICA,2,1,0,0,1,0,1,0,0,0,1,1,0,1,51,51,51,0,0,0,0,0,0,NA,1,0,0,0,0,0,1,0,0,0,0,1,No,No,No,Sí
A-2021-11-147,2021-11-07,2021,11,Noviembre,domingo,02:00,2,Madrugada,Sí,LIMA,LIMA,COMAS,URBANA,-11.9530139,-77.05131443,ATROPELLO FUGA,1,0,1,No,No,AVENIDA,URBANO,NO CORRESPONDE,DESPEJADO,COMERCIAL,INTERSECCIÓN,PLANA,ASFALTADA,EN PROCESO DE INVESTIGACIÓN,NO CUENTA CON CAUSA ESPECIFICA,2,1,0,0,1,0,1,0,0,0,1,1,0,1,39,39,39,0,0,0,0,0,0,NA,1,0,0,0,0,0,1,0,0,0,0,1,No,No,No,Sí
A-2021-11-148,2021-11-07,2021,11,Noviembre,domingo,10:40,10,Mañana,Sí,LIMA,LIMA,LOS OLIVOS,URBANA,-11.9377688,-77.0718313,ATROPELLO,1,0,1,No,No,CARRETERA,NACIONAL,PE-1N,DESPEJADO,COMERCIAL,INTERSECCIÓN,PLANA,ASFALTADA,EN PROCESO DE INVESTIGACIÓN,NO CUENTA CON CAUSA ESPECIFICA,2,1,0,1,1,0,1,0,0,0,1,1,1,1,34,34,34,0,0,0,0,1,0,No,1,0,0,0,1,0,0,1,0,0,0,0,No,No,Sí,No
A-2021-11-151,2021-11-07,2021,11,Noviembre,domingo,16:14,16,Tarde,Sí,LIMA,LIMA,SANTIAGO DE SURCO,URBANA,-12.1285414,-76.9849656,CHOQUE,1,0,1,No,No,AVENIDA,URBANO,NO CORRESPONDE,DESPEJADO,RESIDENCIAL,INTERSECCIÓN,PLANA,ASFALTADA,EN PROCESO DE INVESTIGACIÓN,NO CUENTA CON CAUSA ESPECIFICA,2,1,0,1,2,0,0,0,1,0,0,2,0,2,35.5,20,51,0,0,1,1,2,0,No,2,1,1,0,0,0,0,0,2,0,1,0,Sí,No,No,No
A-2021-11-149,2021-11-07,2021,11,Noviembre,domingo,20:00,20,Noche,Sí,LIMA,LIMA,LOS OLIVOS,URBANA,-11.9625772,-77.06838513,CHOQUE,1,0,1,No,No,CARRETERA,NACIONAL,PE-1N,DESPEJADO,ESCOLAR,ÓVALO,PLANA,ASFALTADA,EN PROCESO DE INVESTIGACIÓN,NO CUENTA CON CAUSA ESPECIFICA,3,1,0,2,3,0,0,0,1,0,0,3,0,2,28.5,27,30,0,0,0,0,3,0,No,3,0,2,0,0,1,0,0,0,0,0,0,No,No,No,No
A-2021-11-152,2021-11-08,2021,11,Noviembre,lunes,06:30,6,Mañana,No,LIMA,LIMA,ATE,URBANA,-12.006873185625013,-76.8523680755825,CHOQUE,1,2,3,Sí,No,CARRETERA,NACIONAL,PE-22,DESPEJADO,RESIDENCIAL,TRAMO RECTO,PLANA,ASFALTADA,EN PROCESO DE INVESTIGACIÓN,NO CUENTA CON CAUSA ESPECIFICA,5,1,2,2,2,3,0,0,0,1,0,5,0,5,35.2,22,64,0,1,0,1,2,0,No,2,0,1,1,0,0,0,0,0,0,0,0,No,Sí,No,No
A-2021-11-11,2021-11-08,2021,11,Noviembre,lunes,12:40,12,Tarde,No,LIMA,LIMA,SAN MIGUEL,URBANA,-12.061559236169526,-77.08750324599814,ATROPELLO FUGA,1,0,1,No,No,AVENIDA,URBANO,NO CORRESPONDE,DESPEJADO,INDUSTRIAL,TRAMO RECTO,PLANA,ASFALTADA,EN PROCESO DE INVESTIGACIÓN,NO CUENTA CON CAUSA ESPECIFICA,2,1,0,0,1,0,1,0,0,0,1,1,0,1,81,81,81,0,1,0,0,0,0,NA,1,0,0,0,0,0,1,0,0,0,0,1,No,No,No,Sí
A-2021-11-153,2021-11-09,2021,11,Noviembre,martes,05:30,5,Madrugada,No,LIMA,LIMA,SAN JUAN DE LURIGANCHO,URBANA,-11.941629,-76.999188,ATROPELLO,1,0,1,No,No,AVENIDA,URBANO,NO CORRESPONDE,DESPEJADO,INDUSTRIAL,INTERSECCIÓN,PLANA,ASFALTADA,EN PROCESO DE INVESTIGACIÓN,NO CUENTA CON CAUSA ESPECIFICA,3,1,0,2,2,0,1,0,0,0,1,3,0,3,43,34,49,0,0,0,1,2,0,No,2,0,1,1,0,0,0,0,0,0,0,0,No,Sí,No,No
A-2021-11-154,2021-11-10,2021,11,Noviembre,miércoles,19:15,19,Noche,No,LIMA,LIMA,SAN JUAN DE LURIGANCHO,URBANA,-12.019140078335292,-76.95220124037239,ATROPELLO,1,0,1,No,No,AVENIDA,URBANO,NO CORRESPONDE,DESPEJADO,INDUSTRIAL,INTERSECCIÓN,PLANA,ASFALTADA,EN PROCESO DE INVESTIGACIÓN,NO CUENTA CON CAUSA ESPECIFICA,2,1,0,1,1,0,1,0,0,0,1,2,0,1,49,49,49,0,0,0,0,1,0,No,1,0,0,1,0,0,0,0,0,0,0,0,No,Sí,No,No
A-2021-11-155,2021-11-12,2021,11,Noviembre,viernes,03:20,3,Madrugada,No,LIMA,LIMA,LOS OLIVOS,URBANA,-11.977289177647119,-77.06677953239885,DESPISTE,1,0,1,No,No,OTRO,URBANO,NO CORRESPONDE,DESPEJADO,COMERCIAL,ÓVALO,PLANA,ASFALTADA,EN PROCESO DE INVESTIGACIÓN,NO CUENTA CON CAUSA ESPECIFICA,1,1,0,0,1,0,0,0,1,0,0,1,0,1,29,29,29,0,0,0,1,0,0,NA,1,1,0,0,0,0,0,0,1,0,0,0,Sí,No,No,No
A-2021-11-156,2021-11-12,2021,11,Noviembre,viernes,15:10,15,Tarde,No,LIMA,LIMA,SAN MARTIN DE PORRES,URBANA,-12.03548,-77.04769,DESPISTE,1,0,1,No,No,CARRETERA,NACIONAL,PE-1N,DESPEJADO,COMERCIAL,PUENTE,PLANA,ASFALTADA,EN PROCESO DE INVESTIGACIÓN,NO CUENTA CON CAUSA ESPECIFICA,2,1,0,1,2,0,0,0,1,0,0,2,0,1,34,34,34,0,0,0,0,0,0,NA,2,1,0,1,0,0,0,0,0,0,0,0,Sí,Sí,No,No
A-2021-11-158,2021-11-12,2021,11,Noviembre,viernes,19:30,19,Noche,No,LIMA,LIMA,PUCUSANA,URBANA,-12.460258,-76.752788,ATROPELLO FUGA,1,0,1,No,No,CARRETERA,NACIONAL,PE-1S,DESPEJADO,RESIDENCIAL,TRAMO RECTO,PLANA,ASFALTADA,EN PROCESO DE INVESTIGACIÓN,NO CUENTA CON CAUSA ESPECIFICA,2,1,0,0,1,0,1,0,0,0,1,1,0,0,NA,NA,NA,NA,NA,0,0,0,0,NA,1,0,0,0,0,0,1,0,0,0,0,1,No,No,No,Sí
A-2021-11-157,2021-11-12,2021,11,Noviembre,viernes,19:45,19,Noche,No,LIMA,LIMA,LOS OLIVOS,URBANA,-11.937184,-77.07225,ATROPELLO,1,0,1,No,No,AVENIDA,URBANO,NO CORRESPONDE,DESPEJADO,COMERCIAL,TRAMO RECTO,PLANA,ASFALTADA,EN PROCESO DE INVESTIGACIÓN,NO CUENTA CON CAUSA ESPECIFICA,2,1,0,1,1,0,1,0,0,0,1,2,0,2,28,27,29,0,0,0,1,1,0,No,1,0,0,1,0,0,0,0,0,0,0,0,No,Sí,No,No
A-2021-11-159,2021-11-13,2021,11,Noviembre,sábado,10:50,10,Mañana,Sí,LIMA,LIMA,SANTA ANITA,URBANA,-12.0342431,-76.9438968,ATROPELLO FUGA,1,0,1,No,No,AVENIDA,URBANO,NO CORRESPONDE,DESPEJADO,COMERCIAL,INTERSECCIÓN,PLANA,ASFALTADA,EN PROCESO DE INVESTIGACIÓN,NO CUENTA CON CAUSA ESPECIFICA,3,1,0,1,2,0,1,0,0,0,1,2,0,2,56,37,75,0,1,0,0,1,0,No,2,0,2,0,0,0,0,0,0,0,0,1,No,No,No,Sí
A-2021-11-160,2021-11-13,2021,11,Noviembre,sábado,18:05,18,Noche,Sí,LIMA,LIMA,SANTA ANITA,URBANA,-12.040805777705948,-76.96285768063521,DESPISTE,1,0,1,No,No,AVENIDA,URBANO,NO CORRESPONDE,DESPEJADO,COMERCIAL,INTERSECCIÓN,PLANA,ASFALTADA,EN PROCESO DE INVESTIGACIÓN,NO CUENTA CON CAUSA ESPECIFICA,1,1,0,0,1,0,0,0,1,0,0,1,0,1,23,23,23,0,0,0,0,1,0,No,1,1,0,0,0,0,0,0,0,0,0,0,Sí,No,No,No
A-2021-11-165,2021-11-17,2021,11,Noviembre,miércoles,05:40,5,Madrugada,No,LIMA,LIMA,LURIN,URBANA,-12.276698676526445,-76.88912629060971,CHOQUE,1,1,2,Sí,No,CARRETERA,NACIONAL,PE-1S,DESPEJADO,RESIDENCIAL,TRAMO RECTO,PLANA,ASFALTADA,EN PROCESO DE INVESTIGACIÓN,NO CUENTA CON CAUSA ESPECIFICA,4,1,1,2,2,2,0,0,0,1,0,4,0,2,37,30,44,0,0,0,0,2,0,No,2,0,0,2,0,0,0,0,0,0,0,0,No,Sí,No,No
A-2021-11-168,2021-11-17,2021,11,Noviembre,miércoles,10:30,10,Mañana,No,LIMA,LIMA,PUEBLO LIBRE,URBANA,-12.080674888187314,-77.05846725922301,ATROPELLO,1,0,1,No,No,AVENIDA,URBANO,NO CORRESPONDE,DESPEJADO,RESIDENCIAL,INTERSECCIÓN,PLANA,ASFALTADA,EN PROCESO DE INVESTIGACIÓN,NO CUENTA CON CAUSA ESPECIFICA,2,1,0,1,1,0,1,0,0,0,1,2,0,2,62.5,49,76,0,1,0,0,1,0,No,1,0,0,0,1,0,0,1,0,0,0,0,No,No,Sí,No
A-2021-11-169,2021-11-19,2021,11,Noviembre,viernes,14:00,14,Tarde,No,LIMA,LIMA,CHORRILLOS,URBANA,-12.182938656902534,-76.99432249652605,ATROPELLO FUGA,1,0,1,No,No,AVENIDA,URBANO,NO CORRESPONDE,DESPEJADO,RESIDENCIAL,TRAMO RECTO,PLANA,ASFALTADA,EN PROCESO DE INVESTIGACIÓN,NO CUENTA CON CAUSA ESPECIFICA,2,1,0,0,1,0,1,0,0,0,1,1,0,1,6,6,6,1,0,0,0,0,0,NA,1,0,1,0,0,0,0,0,1,0,0,0,No,No,No,No
A-2021-11-179,2021-11-21,2021,11,Noviembre,domingo,03:00,3,Madrugada,Sí,LIMA,LIMA,SANTA ANITA,URBANA,-12.054748568596857,-76.9747883993657,ATROPELLO FUGA,1,0,1,No,No,CARRETERA,NACIONAL,PE-1N,DESPEJADO,RESIDENCIAL,TRAMO RECTO,PLANA,ASFALTADA,EN PROCESO DE INVESTIGACIÓN,NO CUENTA CON CAUSA ESPECIFICA,2,1,0,0,1,0,1,0,0,0,1,1,0,1,22,22,22,0,0,0,0,0,0,NA,1,0,0,0,0,0,1,0,0,0,0,1,No,No,No,Sí
A-2021-11-170,2021-11-21,2021,11,Noviembre,domingo,05:45,5,Madrugada,Sí,LIMA,LIMA,SAN MARTIN DE PORRES,URBANA,-12.023133862305114,-77.05883491680459,DESPISTE,1,1,2,Sí,No,CARRETERA,NACIONAL,PE-1N,DESPEJADO,COMERCIAL,TRAMO RECTO,PLANA,ASFALTADA,EN PROCESO DE INVESTIGACIÓN,NO CUENTA CON CAUSA ESPECIFICA,2,1,1,0,1,1,0,0,1,0,0,1,1,2,22.5,22,23,0,0,0,0,1,0,No,1,1,0,0,0,0,0,0,0,0,0,0,Sí,No,No,No
A-2021-11-180,2021-11-21,2021,11,Noviembre,domingo,22:45,22,Noche,Sí,LIMA,LIMA,COMAS,URBANA,-11.948593590159215,-77.07040605702021,ATROPELLO,1,0,1,No,No,CARRETERA,NACIONAL,PE-1N,DESPEJADO,RESIDENCIAL,TRAMO RECTO,PLANA,ASFALTADA,EN PROCESO DE INVESTIGACIÓN,NO CUENTA CON CAUSA ESPECIFICA,2,1,0,1,1,0,1,0,0,0,1,2,0,2,34.5,26,43,0,0,0,0,1,0,No,1,0,1,0,0,0,0,0,0,0,0,0,No,No,No,No
A-2021-11-185,2021-11-23,2021,11,Noviembre,martes,22:35,22,Noche,No,LIMA,LIMA,LA MOLINA,URBANA,-12.11685065759413,-76.93791708161632,DESPISTE,1,0,1,No,No,CALLE,URBANO,NO CORRESPONDE,DESPEJADO,RESIDENCIAL,INTERSECCIÓN,PLANA,ASFALTADA,IMPRUDENCIA DEL CONDUCTOR,EXCESO DE VELOCIDAD,1,1,0,0,1,0,0,0,1,0,0,1,0,1,30,30,30,0,0,0,0,1,0,No,1,0,0,0,0,1,0,0,0,0,0,0,No,No,No,No
A-2021-11-186,2021-11-25,2021,11,Noviembre,jueves,15:00,15,Tarde,No,LIMA,LIMA,LURIN,URBANA,-12.247909439203358,-76.86390822783696,CHOQUE,1,0,1,No,No,AVENIDA,URBANO,NO CORRESPONDE,DESPEJADO,COMERCIAL,INTERSECCIÓN,PLANA,ASFALTADA,EN PROCESO DE INVESTIGACIÓN,NO CUENTA CON CAUSA ESPECIFICA,3,1,0,2,2,1,0,0,0,1,0,2,1,3,37.333333333333336,30,45,0,0,1,1,1,0,No,2,0,2,0,0,0,0,0,2,0,0,0,No,No,No,No
A-2021-11-187,2021-11-26,2021,11,Noviembre,viernes,14:00,14,Tarde,No,LIMA,LIMA,LA VICTORIA,URBANA,-12.08023548625088,-77.00790110807338,ATROPELLO FUGA,1,0,1,No,No,AVENIDA,URBANO,NO CORRESPONDE,DESPEJADO,COMERCIAL,TRAMO RECTO,PLANA,ASFALTADA,EN PROCESO DE INVESTIGACIÓN,NO CUENTA CON CAUSA ESPECIFICA,2,1,0,0,0,0,1,0,0,0,1,1,0,1,88,88,88,0,1,0,0,0,0,NA,1,0,0,0,0,0,1,0,0,0,0,1,No,No,No,Sí
A-2021-11-188,2021-11-27,2021,11,Noviembre,sábado,14:30,14,Tarde,Sí,LIMA,LIMA,LURIN,RURAL,-12.23968,-76.89281,ATROPELLO,1,0,1,No,No,OTRO,URBANO,NO CORRESPONDE,DESPEJADO,RURAL,PASE A DESNIVEL,INCLINADA,ASFALTADA,EN PROCESO DE INVESTIGACIÓN,NO CUENTA CON CAUSA ESPECIFICA,3,1,0,2,2,0,1,0,0,0,1,2,1,3,46.333333333333336,34,71,0,1,0,1,1,0,No,2,0,2,0,0,0,0,0,0,0,1,0,No,No,No,No
A-2021-11-189,2021-11-28,2021,11,Noviembre,domingo,05:30,5,Madrugada,Sí,LIMA,LIMA,INDEPENDENCIA,URBANA,-11.985648529695185,-77.06467143077859,ATROPELLO,1,0,1,No,No,CARRETERA,NACIONAL,PE-1N,DESPEJADO,COMERCIAL,TRAMO RECTO,PLANA,ASFALTADA,EN PROCESO DE INVESTIGACIÓN,NO CUENTA CON CAUSA ESPECIFICA,2,1,0,1,1,0,1,0,0,0,1,2,0,2,37,30,44,0,0,0,0,1,0,No,1,0,0,1,0,0,0,0,0,0,0,0,No,Sí,No,No
A-2021-11-190,2021-11-28,2021,11,Noviembre,domingo,22:30,22,Noche,Sí,LIMA,LIMA,VILLA EL SALVADOR,URBANA,-12.229476806894018,-76.92050802745351,ATROPELLO FUGA,1,0,1,No,No,AVENIDA,URBANO,NO CORRESPONDE,DESPEJADO,INDUSTRIAL,INTERSECCIÓN,PLANA,ASFALTADA,EN PROCESO DE INVESTIGACIÓN,NO CUENTA CON CAUSA ESPECIFICA,2,1,0,0,1,0,1,0,0,0,1,1,0,1,77,77,77,0,1,0,0,0,0,NA,1,1,0,0,0,0,0,0,0,1,0,0,Sí,No,No,No
A-2021-11-191,2021-11-29,2021,11,Noviembre,lunes,01:30,1,Madrugada,No,LIMA,LIMA,LURIN,URBANA,-12.296344004272777,-76.85087799307486,DESPISTE,1,2,3,Sí,No,CARRETERA,PROVINCIAL,LM-801,DESPEJADO,COMERCIAL,TRAMO RECTO,PLANA,ASFALTADA,EN PROCESO DE INVESTIGACIÓN,NO CUENTA CON CAUSA ESPECIFICA,4,1,2,1,1,3,0,0,0,1,0,2,2,3,34,24,53,0,0,1,1,1,0,No,1,0,1,0,0,0,0,0,0,1,0,0,No,No,No,No
A-2021-11-192,2021-11-29,2021,11,Noviembre,lunes,05:30,5,Madrugada,No,LIMA,LIMA,LURIN,URBANA,-12.28733232472692,-76.86022287969136,CHOQUE,1,2,3,Sí,No,AVENIDA,URBANO,NO CORRESPONDE,DESPEJADO,INDUSTRIAL,TRAMO RECTO,PLANA,ASFALTADA,EN PROCESO DE INVESTIGACIÓN,NO CUENTA CON CAUSA ESPECIFICA,5,1,2,2,2,3,0,0,0,1,0,2,3,5,53.4,42,68,0,1,0,0,2,0,No,2,0,1,1,0,0,0,0,0,0,0,0,No,Sí,No,No
A-2021-12-214,2021-12-01,2021,12,Diciembre,miércoles,17:30,17,Tarde,No,LIMA,LIMA,SAN JUAN DE LURIGANCHO,URBANA,-11.982914,-76.993324,VOLCADURA,1,0,1,No,No,AVENIDA,URBANO,NO CORRESPONDE,DESPEJADO,RESIDENCIAL,TRAMO RECTO,PLANA,ASFALTADA,IMPRUDENCIA DEL CONDUCTOR,OTRO (IMPRUDENCIA DEL CONDUCTOR),2,1,0,1,2,0,0,0,1,0,0,2,0,1,57,57,57,0,0,1,1,0,0,NA,2,1,0,1,0,0,0,0,0,0,0,0,Sí,Sí,No,No
A-2021-12-215,2021-12-02,2021,12,Diciembre,jueves,17:50,17,Tarde,No,LIMA,LIMA,LURIGANCHO,URBANA,-12.011532,-76.891939,CHOQUE,1,0,1,No,No,AUTOPISTA,URBANO,NO CORRESPONDE,DESPEJADO,RESIDENCIAL,TRAMO RECTO,INCLINADA,ASFALTADA,EN PROCESO DE INVESTIGACIÓN,NO CUENTA CON CAUSA ESPECIFICA,2,1,0,1,2,0,0,0,1,0,0,2,0,1,34,34,34,0,0,0,1,0,0,NA,2,0,2,0,0,0,0,0,0,0,1,0,No,No,No,No
A-2021-12-116,2021-12-04,2021,12,Diciembre,sábado,19:40,19,Noche,Sí,LIMA,LIMA,LOS OLIVOS,URBANA,-11.976829134541228,-77.08142900205921,DESPISTE,1,0,1,No,No,AVENIDA,URBANO,NO CORRESPONDE,DESPEJADO,RESIDENCIAL,INTERSECCIÓN,PLANA,ASFALTADA,IMPRUDENCIA DEL CONDUCTOR,CONDUCIR EN ESTADO DE EBRIEDAD Y/O DROGADICCIÓN,3,1,0,2,2,0,1,0,0,0,1,1,2,3,44.333333333333336,37,50,0,0,0,0,0,0,NA,2,0,2,0,0,0,0,0,0,0,0,0,No,No,No,No
A-2021-12-117,2021-12-05,2021,12,Diciembre,domingo,00:00,0,Madrugada,Sí,LIMA,LIMA,ATE,URBANA,-12.012510749146264,-76.87878810644341,ATROPELLO,1,0,1,No,No,CARRETERA,NACIONAL,PE-22,DESPEJADO,RESIDENCIAL,TRAMO RECTO,PLANA,EMPEDRADO,EN PROCESO DE INVESTIGACIÓN,NO CUENTA CON CAUSA ESPECIFICA,2,1,0,1,1,0,1,0,0,0,1,2,0,1,67,67,67,0,1,1,1,0,0,NA,1,0,0,0,0,0,0,0,0,0,0,0,No,No,No,No
A-2021-12-118,2021-12-05,2021,12,Diciembre,domingo,15:00,15,Tarde,Sí,LIMA,LIMA,ATE,URBANA,-12.072798427511898,-76.97388851495127,ATROPELLO,1,0,1,No,No,CARRETERA,NACIONAL,PE-1S,SOLEADO,RESIDENCIAL,TRAMO RECTO,PLANA,ASFALTADA,EN PROCESO DE INVESTIGACIÓN,NO CUENTA CON CAUSA ESPECIFICA,2,1,0,1,1,0,1,0,0,0,1,2,0,2,34.5,28,41,0,0,0,0,0,0,NA,1,1,0,0,0,0,0,0,0,0,0,0,Sí,No,No,No
A-2021-12-220,2021-12-06,2021,12,Diciembre,lunes,14:44,14,Tarde,No,LIMA,LIMA,LOS OLIVOS,URBANA,-11.977829,-77.077696,CHOQUE,1,0,1,No,No,AVENIDA,URBANO,NO CORRESPONDE,SOLEADO,RESIDENCIAL,INTERSECCIÓN,PLANA,ASFALTADA,EN PROCESO DE INVESTIGACIÓN,NO CUENTA CON CAUSA ESPECIFICA,2,1,0,1,2,0,0,0,1,0,0,2,0,1,38,38,38,0,0,0,0,0,0,NA,2,1,0,0,1,0,0,1,0,0,1,0,Sí,No,Sí,No
A-2021-12-119,2021-12-07,2021,12,Diciembre,martes,14:35,14,Tarde,No,LIMA,LIMA,CHACLACAYO,URBANA,-11.985720245080582,-76.80978528061422,CHOQUE,1,0,1,No,No,CARRETERA,NACIONAL,PE-22,SOLEADO,RESIDENCIAL,TRAMO RECTO,PLANA,ASFALTADA,EN PROCESO DE INVESTIGACIÓN,NO CUENTA CON CAUSA ESPECIFICA,2,1,0,1,2,0,0,0,1,0,0,1,1,1,42,42,42,0,0,0,0,0,0,NA,2,1,0,1,0,0,0,0,0,0,1,0,Sí,Sí,No,No
A-2021-12-8,2021-12-07,2021,12,Diciembre,martes,18:00,18,Noche,No,CALLAO,CALLAO,CALLAO,URBANA,-11.972424576844084,-77.1248169387054,CHOQUE,1,0,1,No,No,CARRETERA,NACIONAL,PE-20,DESPEJADO,INDUSTRIAL,TRAMO RECTO,PLANA,ASFALTADA,EN PROCESO DE INVESTIGACIÓN,NO CUENTA CON CAUSA ESPECIFICA,2,1,0,1,2,0,0,0,1,0,0,2,0,2,38.5,19,58,0,0,0,0,0,0,NA,2,1,0,1,0,0,0,0,0,2,0,0,Sí,Sí,No,No
A-2021-12-7,2021-12-07,2021,12,Diciembre,martes,22:00,22,Noche,No,CALLAO,CALLAO,CALLAO,URBANA,-12.038259793695234,-77.12717963582398,CHOQUE,1,0,1,No,No,CARRETERA,NACIONAL,PE-20,DESPEJADO,RESIDENCIAL,TRAMO RECTO,PLANA,CONCRETO,NEGLIGENCIA DEL CONDUCTOR,OTRO (NEGLIGENCIA DEL CONDUCTOR),2,1,0,1,2,0,0,0,1,0,0,2,0,2,41.5,39,44,0,0,0,0,0,0,NA,2,0,0,1,0,1,0,0,0,0,0,0,No,Sí,No,No
A-2021-12-216,2021-12-08,2021,12,Diciembre,miércoles,10:00,10,Mañana,No,LIMA,LIMA,VILLA MARIA DEL TRIUNFO,URBANA,-12.183116,-76.924735,CAÍDA DE PASAJERO,1,0,1,No,No,JIRÓN,URBANO,NO CORRESPONDE,SOLEADO,RESIDENCIAL,TRAMO RECTO,PLANA,ASFALTADA,EN PROCESO DE INVESTIGACIÓN,NO CUENTA CON CAUSA ESPECIFICA,2,1,0,0,1,1,0,0,0,1,0,1,0,1,53,53,53,0,0,0,0,0,0,NA,1,0,0,0,0,0,1,0,0,0,0,1,No,No,No,Sí
A-2021-12-154,2021-12-10,2021,12,Diciembre,viernes,01:00,1,Madrugada,No,LIMA,LIMA,BARRANCO,URBANA,-12.153688218841218,-77.02474408850549,DESPISTE,1,2,3,Sí,No,OTRO,URBANO,NO CORRESPONDE,DESPEJADO,RESIDENCIAL,TRAMO RECTO,INCLINADA,ASFALTADA,EN PROCESO DE INVESTIGACIÓN,NO CUENTA CON CAUSA ESPECIFICA,3,1,2,0,1,2,0,0,1,0,0,2,1,0,NA,NA,NA,NA,NA,0,0,0,0,NA,1,0,1,0,0,0,0,0,0,0,1,0,No,No,No,No
A-2021-12-155,2021-12-10,2021,12,Diciembre,viernes,16:40,16,Tarde,No,LIMA,LIMA,VILLA MARIA DEL TRIUNFO,URBANA,-12.166162,-76.952253,CAÍDA DE PASAJERO,1,0,1,No,No,AVENIDA,URBANO,NO CORRESPONDE,SOLEADO,ESCOLAR,TRAMO RECTO,PLANA,ASFALTADA,EN PROCESO DE INVESTIGACIÓN,NO CUENTA CON CAUSA ESPECIFICA,3,1,0,2,2,1,0,0,0,1,0,3,0,2,43.5,31,56,0,0,0,1,0,0,NA,2,0,1,1,0,0,0,1,2,0,0,0,No,Sí,Sí,No
A-2021-12-156,2021-12-11,2021,12,Diciembre,sábado,12:50,12,Tarde,Sí,LIMA,LIMA,LOS OLIVOS,URBANA,-12.006545,-77.082327,ATROPELLO,1,0,1,No,No,AVENIDA,URBANO,NO CORRESPONDE,SOLEADO,RESIDENCIAL,INTERSECCIÓN,PLANA,ASFALTADA,EN PROCESO DE INVESTIGACIÓN,NO CUENTA CON CAUSA ESPECIFICA,2,1,0,1,1,0,1,0,0,0,1,2,0,2,33,24,42,0,0,1,1,0,0,NA,1,1,0,0,0,0,0,0,0,0,0,0,Sí,No,No,No
A-2021-12-157,2021-12-11,2021,12,Diciembre,sábado,21:30,21,Noche,Sí,LIMA,LIMA,VILLA EL SALVADOR,URBANA,-12.1951485,-76.9727995,CHOQUE,1,7,8,Sí,No,CARRETERA,NACIONAL,PE-1S,DESPEJADO,RESIDENCIAL,TRAMO RECTO,PLANA,ASFALTADA,EN PROCESO DE INVESTIGACIÓN,NO CUENTA CON CAUSA ESPECIFICA,10,1,7,2,2,8,0,0,0,1,0,5,5,3,51,33,74,0,1,0,0,0,0,NA,2,0,1,1,0,0,0,0,0,0,1,0,No,Sí,No,No
A-2021-12-14,2021-12-12,2021,12,Diciembre,domingo,07:40,7,Mañana,Sí,CALLAO,CALLAO,CALLAO,URBANA,-12.041565034775047,-77.10440847210458,DESPISTE,1,0,1,No,No,CARRETERA,NACIONAL,PE-20B,DESPEJADO,RURAL,TRAMO RECTO,PLANA,ASFALTADA,EN PROCESO DE INVESTIGACIÓN,NO CUENTA CON CAUSA ESPECIFICA,1,1,0,0,1,0,0,0,1,0,0,1,0,1,33,33,33,0,0,0,0,0,0,NA,1,1,0,0,0,0,0,0,0,0,0,0,Sí,No,No,No
A-2021-12-295,2021-12-12,2021,12,Diciembre,domingo,13:25,13,Tarde,Sí,LIMA,LIMA,LOS OLIVOS,URBANA,-11.970590948510079,-77.07248371063332,DESPISTE,1,0,1,No,No,AVENIDA,URBANO,NO CORRESPONDE,NA,NA,NA,NA,NA,EN PROCESO DE INVESTIGACIÓN,NO CUENTA CON CAUSA ESPECIFICA,2,1,0,0,1,1,0,0,0,1,0,1,1,0,NA,NA,NA,NA,NA,0,0,0,0,NA,1,0,0,0,0,0,1,0,0,0,0,1,No,No,No,Sí
A-2021-12-158,2021-12-13,2021,12,Diciembre,lunes,21:30,21,Noche,No,LIMA,LIMA,CIENEGUILLA,URBANA,-12.073099184950324,-76.87478182472802,CHOQUE,1,0,1,No,No,CALLE,URBANO,NO CORRESPONDE,DESPEJADO,RURAL,TRAMO RECTO,INCLINADA,TROCHA,EN PROCESO DE INVESTIGACIÓN,NO CUENTA CON CAUSA ESPECIFICA,2,1,0,0,2,0,0,0,1,0,0,1,0,0,NA,NA,NA,NA,NA,0,0,0,0,NA,2,0,1,1,0,0,0,0,0,0,0,0,No,Sí,No,No
A-2021-12-159,2021-12-14,2021,12,Diciembre,martes,06:50,6,Mañana,No,LIMA,LIMA,LOS OLIVOS,URBANA,-11.954954,-77.084784,CHOQUE,1,0,1,No,No,CARRETERA,NACIONAL,PE-20F,DESPEJADO,RESIDENCIAL,INTERSECCIÓN,PLANA,ASFALTADA,EN PROCESO DE INVESTIGACIÓN,NO CUENTA CON CAUSA ESPECIFICA,2,1,0,1,2,0,0,0,1,0,0,2,0,1,58,58,58,0,0,0,0,0,0,NA,2,2,0,0,0,0,0,0,0,2,0,0,Sí,No,No,No
A-2021-12-27,2021-12-15,2021,12,Diciembre,miércoles,17:00,17,Tarde,No,CALLAO,CALLAO,CALLAO,URBANA,-12.017058066620036,-77.09289378582605,CHOQUE,1,0,1,No,No,AVENIDA,URBANO,NO CORRESPONDE,DESPEJADO,RESIDENCIAL,TRAMO RECTO,PLANA,ASFALTADA,IMPRUDENCIA DEL CONDUCTOR,OTRO (IMPRUDENCIA DEL CONDUCTOR),2,1,0,1,2,0,0,0,1,0,0,2,0,2,23.5,11,36,1,0,0,0,0,0,NA,2,0,0,1,0,1,0,0,0,0,0,0,No,Sí,No,No
A-2021-12-206,2021-12-15,2021,12,Diciembre,miércoles,19:40,19,Noche,No,LIMA,LIMA,CIENEGUILLA,URBANA,-12.10018,-76.79166,VOLCADURA,1,0,1,No,No,AVENIDA,URBANO,NO CORRESPONDE,DESPEJADO,RESIDENCIAL,TRAMO RECTO,PLANA,ASFALTADA,EN PROCESO DE INVESTIGACIÓN,NO CUENTA CON CAUSA ESPECIFICA,1,1,0,0,1,0,0,0,1,0,0,1,0,1,54,54,54,0,0,0,0,0,0,NA,1,1,0,0,0,0,0,0,1,0,0,0,Sí,No,No,No
A-2021-12-207,2021-12-16,2021,12,Diciembre,jueves,20:00,20,Noche,No,LIMA,LIMA,PACHACAMAC,URBANA,-12.108048,-76.875272,ATROPELLO,1,0,1,No,No,AVENIDA,URBANO,NO CORRESPONDE,DESPEJADO,RESIDENCIAL,TRAMO RECTO,PLANA,ASFALTADA,IMPRUDENCIA DEL CONDUCTOR,OTRO (IMPRUDENCIA DEL CONDUCTOR),2,1,0,1,1,0,1,0,0,0,1,0,2,1,20,20,20,0,0,1,1,0,0,NA,1,1,0,0,0,0,0,0,0,1,0,0,Sí,No,No,No
A-2021-12-208,2021-12-18,2021,12,Diciembre,sábado,12:40,12,Tarde,Sí,LIMA,LIMA,SAN MARTIN DE PORRES,URBANA,-11.990701,-77.106933,CHOQUE,1,0,1,No,No,AVENIDA,URBANO,NO CORRESPONDE,SOLEADO,RESIDENCIAL,INTERSECCIÓN,PLANA,ASFALTADA,EN PROCESO DE INVESTIGACIÓN,NO CUENTA CON CAUSA ESPECIFICA,2,1,0,1,2,0,0,0,1,0,0,2,0,1,43,43,43,0,0,0,0,0,0,NA,2,1,1,0,0,0,0,0,2,0,0,0,Sí,No,No,No
A-2021-12-209,2021-12-18,2021,12,Diciembre,sábado,20:20,20,Noche,Sí,LIMA,LIMA,MIRAFLORES,URBANA,-12.122383856206037,-77.00564673617936,CHOQUE,1,0,1,No,No,AVENIDA,URBANO,NO CORRESPONDE,DESPEJADO,RESIDENCIAL,TRAMO RECTO,PLANA,ASFALTADA,EN PROCESO DE INVESTIGACIÓN,NO CUENTA CON CAUSA ESPECIFICA,2,1,0,0,2,0,0,0,1,0,0,1,0,0,NA,NA,NA,NA,NA,0,0,0,0,NA,2,0,0,0,0,1,1,0,0,0,0,1,No,No,No,Sí
A-2021-12-210,2021-12-19,2021,12,Diciembre,domingo,02:45,2,Madrugada,Sí,LIMA,LIMA,COMAS,URBANA,-11.93071,-77.07231,CHOQUE,1,0,1,No,No,CARRETERA,NACIONAL,PE-1N,DESPEJADO,RESIDENCIAL,INTERSECCIÓN,PLANA,ASFALTADA,EN PROCESO DE INVESTIGACIÓN,NO CUENTA CON CAUSA ESPECIFICA,2,1,0,0,2,0,0,0,1,0,0,1,0,0,NA,NA,NA,NA,NA,0,0,0,0,NA,2,1,0,0,0,0,1,0,0,0,0,1,Sí,No,No,Sí
A-2021-12-212,2021-12-19,2021,12,Diciembre,domingo,05:30,5,Madrugada,Sí,LIMA,LIMA,VILLA EL SALVADOR,URBANA,-12.21592,-76.935139,ATROPELLO,1,0,1,No,No,AVENIDA,URBANO,NO CORRESPONDE,DESPEJADO,RESIDENCIAL,INTERSECCIÓN,PLANA,ASFALTADA,EN PROCESO DE INVESTIGACIÓN,NO CUENTA CON CAUSA ESPECIFICA,2,1,0,1,1,0,1,0,0,0,1,2,0,1,42,42,42,0,0,0,0,0,0,NA,1,0,1,0,0,0,0,0,0,0,0,0,No,No,No,No
A-2021-12-211,2021-12-20,2021,12,Diciembre,lunes,06:35,6,Mañana,No,LIMA,LIMA,PACHACAMAC,URBANA,-12.083448880084283,-76.8780917430727,ATROPELLO,1,0,1,No,No,AVENIDA,URBANO,NO CORRESPONDE,DESPEJADO,RESIDENCIAL,TRAMO RECTO,PLANA,AFIRMADO,EN PROCESO DE INVESTIGACIÓN,NO CUENTA CON CAUSA ESPECIFICA,2,1,0,1,1,0,1,0,0,0,1,1,1,1,56,56,56,0,0,0,0,0,0,NA,1,0,0,0,1,0,0,1,0,0,0,0,No,No,Sí,No
A-2021-12-34,2021-12-20,2021,12,Diciembre,lunes,11:30,11,Mañana,No,CALLAO,CALLAO,MI PERU,URBANA,-11.857653446676725,-77.1283577259479,ATROPELLO,1,0,1,No,No,AVENIDA,URBANO,NO CORRESPONDE,DESPEJADO,RESIDENCIAL,TRAMO RECTO,INCLINADA,ASFALTADA,NEGLIGENCIA DEL CONDUCTOR,OTRO (NEGLIGENCIA DEL CONDUCTOR),2,1,0,1,1,0,1,0,0,0,1,2,0,2,39.5,32,47,0,0,0,0,0,0,NA,1,0,1,0,0,0,0,1,0,0,0,0,No,No,Sí,No
A-2021-12-213,2021-12-20,2021,12,Diciembre,lunes,15:30,15,Tarde,No,LIMA,LIMA,SAN JUAN DE LURIGANCHO,URBANA,-12.029521,-77.007004,CHOQUE,1,1,2,Sí,No,AVENIDA,URBANO,NO CORRESPONDE,SOLEADO,RESIDENCIAL,INTERSECCIÓN,PLANA,ASFALTADA,EN PROCESO DE INVESTIGACIÓN,NO CUENTA CON CAUSA ESPECIFICA,3,1,1,1,2,1,0,0,0,1,0,2,1,1,62,62,62,0,1,0,0,0,0,NA,2,1,0,0,1,0,0,1,0,2,0,0,Sí,No,Sí,No
A-2021-12-223,2021-12-22,2021,12,Diciembre,miércoles,06:30,6,Mañana,No,LIMA,LIMA,SAN MARTIN DE PORRES,URBANA,-12.0133494,-77.0603835,DESPISTE,1,0,1,No,No,CARRETERA,NACIONAL,PE-1N,DESPEJADO,RESIDENCIAL,TRAMO RECTO,PLANA,ASFALTADA,EN PROCESO DE INVESTIGACIÓN,NO CUENTA CON CAUSA ESPECIFICA,1,1,0,0,1,0,0,0,1,0,0,1,0,0,NA,NA,NA,NA,NA,0,0,0,0,NA,1,1,0,0,0,0,0,0,0,1,0,0,Sí,No,No,No
A-2021-12-224,2021-12-23,2021,12,Diciembre,jueves,19:00,19,Noche,No,LIMA,LIMA,LURIN,URBANA,-12.276894,-76.870023,ATROPELLO,1,0,1,No,No,AVENIDA,URBANO,NO CORRESPONDE,DESPEJADO,COMERCIAL,TRAMO RECTO,PLANA,ASFALTADA,EN PROCESO DE INVESTIGACIÓN,NO CUENTA CON CAUSA ESPECIFICA,2,1,0,1,1,0,1,0,0,0,1,2,0,1,40,40,40,0,0,0,0,0,0,NA,1,0,1,0,0,0,0,0,0,0,0,0,No,No,No,No
A-2021-12-241,2021-12-24,2021,12,Diciembre,viernes,16:20,16,Tarde,No,LIMA,LIMA,CIENEGUILLA,URBANA,-12.090918,-76.844108,CHOQUE,1,0,1,No,No,CARRETERA,DEPARTAMENTAL,LM-119,SOLEADO,RURAL,CURVA,INCLINADA,ASFALTADA,EN PROCESO DE INVESTIGACIÓN,NO CUENTA CON CAUSA ESPECIFICA,2,1,0,1,2,0,0,0,1,0,0,2,0,0,NA,NA,NA,NA,NA,0,0,0,0,NA,2,1,1,0,0,0,0,0,0,0,1,0,Sí,No,No,No
A-2021-12-240,2021-12-24,2021,12,Diciembre,viernes,17:00,17,Tarde,No,LIMA,LIMA,LOS OLIVOS,URBANA,-12.006548400245968,-77.08233591984799,ATROPELLO,1,0,1,No,No,AVENIDA,URBANO,NO CORRESPONDE,SOLEADO,COMERCIAL,INTERSECCIÓN,PLANA,ASFALTADA,EN PROCESO DE INVESTIGACIÓN,NO CUENTA CON CAUSA ESPECIFICA,2,1,0,1,1,0,1,0,0,0,1,2,0,1,57,57,57,0,0,0,0,0,0,NA,1,0,1,0,0,0,0,1,0,0,0,0,No,No,Sí,No
A-2021-12-293,2021-12-25,2021,12,Diciembre,sábado,13:45,13,Tarde,Sí,CALLAO,CALLAO,VENTANILLA,URBANA,-11.8885719,-77.13055217,ATROPELLO,1,0,1,No,No,AVENIDA,URBANO,NO CORRESPONDE,DESPEJADO,INDUSTRIAL,TRAMO RECTO,INCLINADA,ASFALTADA,IMPRUDENCIA DEL PEATÓN,OTRO (IMPRUDENCIA DEL PEATÓN),2,1,0,1,1,0,1,0,0,0,1,1,1,2,40,27,53,0,0,0,0,0,0,NA,1,1,0,0,0,0,0,0,0,1,0,0,Sí,No,No,No
A-2021-12-242,2021-12-25,2021,12,Diciembre,sábado,16:30,16,Tarde,Sí,LIMA,LIMA,CARABAYLLO,URBANA,-11.871631,-77.014417,ATROPELLO,1,0,1,No,No,AVENIDA,URBANO,NO CORRESPONDE,DESPEJADO,RESIDENCIAL,TRAMO RECTO,PLANA,ASFALTADA,EN PROCESO DE INVESTIGACIÓN,NO CUENTA CON CAUSA ESPECIFICA,2,1,0,1,1,0,1,0,0,0,1,2,0,0,NA,NA,NA,NA,NA,0,0,0,0,NA,1,0,0,0,1,0,0,1,0,0,0,0,No,No,Sí,No
A-2021-12-243,2021-12-26,2021,12,Diciembre,domingo,04:00,4,Madrugada,Sí,LIMA,LIMA,CHACLACAYO,URBANA,-11.990416,-76.820875,DESPISTE,1,0,1,No,No,CARRETERA,NACIONAL,PE-22,DESPEJADO,RESIDENCIAL,TRAMO RECTO,PLANA,ASFALTADA,EN PROCESO DE INVESTIGACIÓN,NO CUENTA CON CAUSA ESPECIFICA,1,1,0,0,1,0,0,0,1,0,0,1,0,0,NA,NA,NA,NA,NA,0,0,0,0,NA,1,1,0,0,0,0,0,0,1,0,0,0,Sí,No,No,No
A-2021-12-245,2021-12-26,2021,12,Diciembre,domingo,16:00,16,Tarde,Sí,LIMA,LIMA,LA VICTORIA,URBANA,-12.067019,-76.997399,VOLCADURA,1,0,1,No,No,AVENIDA,URBANO,NO CORRESPONDE,SOLEADO,COMERCIAL,INTERSECCIÓN,PLANA,ASFALTADA,EN PROCESO DE INVESTIGACIÓN,NO CUENTA CON CAUSA ESPECIFICA,1,1,0,0,1,0,0,0,1,0,0,1,0,0,NA,NA,NA,NA,NA,0,0,0,0,NA,1,1,0,0,0,0,0,0,0,0,0,0,Sí,No,No,No
A-2021-12-244,2021-12-26,2021,12,Diciembre,domingo,17:15,17,Tarde,Sí,LIMA,LIMA,CHORRILLOS,URBANA,-12.181323,-77.012318,ATROPELLO,2,1,3,Sí,Sí,AVENIDA,URBANO,NO CORRESPONDE,DESPEJADO,RESIDENCIAL,INTERSECCIÓN,PLANA,ASFALTADA,EN PROCESO DE INVESTIGACIÓN,NO CUENTA CON CAUSA ESPECIFICA,3,2,1,0,1,0,2,0,1,0,1,1,2,0,NA,NA,NA,NA,NA,0,0,0,0,NA,1,1,0,0,0,0,0,0,0,0,0,0,Sí,No,No,No
A-2021-12-246,2021-12-27,2021,12,Diciembre,lunes,04:00,4,Madrugada,No,LIMA,LIMA,LURIGANCHO,URBANA,-11.931703,-76.692086,CHOQUE,1,0,1,No,No,CARRETERA,NACIONAL,PE-22,DESPEJADO,RESIDENCIAL,TRAMO RECTO,PLANA,ASFALTADA,EN PROCESO DE INVESTIGACIÓN,NO CUENTA CON CAUSA ESPECIFICA,2,1,0,1,2,0,0,0,1,0,0,2,0,0,NA,NA,NA,NA,NA,0,0,0,0,NA,2,1,0,0,1,0,0,0,0,0,1,0,Sí,No,No,No
A-2021-12-80,2021-12-27,2021,12,Diciembre,lunes,07:30,7,Mañana,No,CALLAO,CALLAO,CALLAO,URBANA,-11.985128045581396,-77.12521423663608,CHOQUE,1,0,1,No,No,CARRETERA,NACIONAL,PE-20,DESPEJADO,INDUSTRIAL,TRAMO RECTO,PLANA,ASFALTADA,IMPRUDENCIA DEL CONDUCTOR,NO DAR PASO PREFERENTE AL PEATÓN,2,1,0,1,2,0,0,0,1,0,0,2,0,2,39.5,38,41,0,0,2,2,0,0,NA,2,1,0,1,0,0,0,0,0,2,0,0,Sí,Sí,No,No
A-2021-12-218,2021-12-29,2021,12,Diciembre,miércoles,13:55,13,Tarde,No,LIMA,LIMA,SAN JUAN DE LURIGANCHO,URBANA,-12.025253,-77.010592,ATROPELLO,1,1,2,Sí,No,AVENIDA,URBANO,NO CORRESPONDE,SOLEADO,RESIDENCIAL,INTERSECCIÓN,PLANA,ASFALTADA,EN PROCESO DE INVESTIGACIÓN,NO CUENTA CON CAUSA ESPECIFICA,3,1,1,1,1,0,2,0,0,0,1,1,2,2,37.5,22,53,0,0,0,0,0,0,NA,1,1,0,0,0,0,0,0,0,1,0,0,Sí,No,No,No
A-2021-12-217,2021-12-30,2021,12,Diciembre,jueves,11:30,11,Mañana,No,LIMA,LIMA,LURIN,URBANA,-12.301834,-76.845125,DESPISTE,1,4,5,Sí,No,CARRETERA,NACIONAL,PE-1S,SOLEADO,RESIDENCIAL,TRAMO RECTO,PLANA,ASFALTADA,EN PROCESO DE INVESTIGACIÓN,NO CUENTA CON CAUSA ESPECIFICA,6,1,4,1,1,5,0,0,0,1,0,1,5,1,46,46,46,0,0,0,0,0,0,NA,1,0,1,0,0,0,0,1,0,0,0,0,No,No,Sí,No
A-2021-12-219,2021-12-31,2021,12,Diciembre,viernes,09:10,9,Mañana,No,LIMA,LIMA,LURIGANCHO,URBANA,-11.933058498741993,-76.69317478959006,ATROPELLO,1,0,1,No,No,CARRETERA,NACIONAL,PE-22,DESPEJADO,RESIDENCIAL,INTERSECCIÓN,PLANA,ASFALTADA,EN PROCESO DE INVESTIGACIÓN,NO CUENTA CON CAUSA ESPECIFICA,2,1,0,1,1,0,1,0,0,0,1,2,0,2,54.5,31,78,0,1,0,0,0,0,NA,1,0,0,1,0,0,0,0,0,1,0,0,No,Sí,No,No
A-2021-12-161,2021-12-31,2021,12,Diciembre,viernes,09:30,9,Mañana,No,CALLAO,CALLAO,CALLAO,URBANA,-12.024209442238538,-77.12873359104283,CHOQUE,1,0,1,No,No,CARRETERA,NACIONAL,PE-20,DESPEJADO,INDUSTRIAL,TRAMO RECTO,PLANA,ASFALTADA,NEGLIGENCIA DEL CONDUCTOR,CONDUCIR CON FALLAS DE FRENOS,4,1,0,3,3,1,0,0,0,1,0,4,0,4,39.5,22,74,0,1,0,1,0,0,NA,3,0,0,3,0,0,0,0,0,0,0,0,No,Sí,No,No
A-2021-12-247,2021-12-31,2021,12,Diciembre,viernes,10:54,10,Mañana,No,LIMA,LIMA,INDEPENDENCIA,URBANA,-11.997731,-77.051705,DESPISTE,1,0,1,No,No,AVENIDA,URBANO,NO CORRESPONDE,SOLEADO,RESIDENCIAL,TRAMO RECTO,INCLINADA,ASFALTADA,EN PROCESO DE INVESTIGACIÓN,NO CUENTA CON CAUSA ESPECIFICA,2,1,0,1,1,1,0,0,0,1,0,2,0,0,NA,NA,NA,NA,NA,0,0,0,0,NA,1,1,0,0,0,0,0,0,0,0,0,0,Sí,No,No,No
A-2021-12-248,2021-12-31,2021,12,Diciembre,viernes,17:05,17,Tarde,No,LIMA,LIMA,VILLA MARIA DEL TRIUNFO,URBANA,-12.171185,-76.930697,ATROPELLO,1,0,1,No,No,AVENIDA,URBANO,NO CORRESPONDE,DESPEJADO,RESIDENCIAL,TRAMO RECTO,PLANA,ASFALTADA,EN PROCESO DE INVESTIGACIÓN,NO CUENTA CON CAUSA ESPECIFICA,2,1,0,1,1,0,1,0,0,0,1,2,0,1,43,43,43,0,0,0,0,0,0,NA,1,0,1,0,0,0,0,1,0,0,0,0,No,No,Sí,No
A-2022-01-69,2022-01-01,2022,1,Enero,sábado,06:04,6,Mañana,Sí,LIMA,LIMA,LA MOLINA,URBANA,-12.063661,-76.952232,DESPISTE,1,0,1,No,No,AVENIDA,URBANO,NO CORRESPONDE,DESPEJADO,COMERCIAL,TRAMO RECTO,PLANA,ASFALTADA,EN PROCESO DE INVESTIGACIÓN,NO CUENTA CON CAUSA ESPECIFICA,1,1,0,0,1,0,0,0,1,0,0,1,0,1,28,28,28,0,0,0,0,1,0,No,1,1,0,0,0,0,0,0,0,0,0,0,Sí,No,No,No
A-2022-01-70,2022-01-01,2022,1,Enero,sábado,23:00,23,Noche,Sí,LIMA,LIMA,PACHACAMAC,URBANA,-12.104026430763831,-76.87641783945658,ATROPELLO,1,0,1,No,No,CARRETERA,PROVINCIAL,LM-796,DESPEJADO,RURAL,TRAMO RECTO,PLANA,ASFALTADA,EN PROCESO DE INVESTIGACIÓN,NO CUENTA CON CAUSA ESPECIFICA,3,1,0,2,2,0,1,0,0,0,1,2,1,3,46,35,60,0,1,0,0,2,0,No,2,1,1,0,0,0,0,0,0,0,0,0,Sí,No,No,No
A-2022-01-73,2022-01-03,2022,1,Enero,lunes,19:00,19,Noche,No,LIMA,LIMA,CHORRILLOS,URBANA,-12.221114594425702,-76.97614819371015,CHOQUE,1,0,1,No,No,CARRETERA,NACIONAL,PE-1S,DESPEJADO,ESCOLAR,INTERSECCIÓN,PLANA,ASFALTADA,EN PROCESO DE INVESTIGACIÓN,NO CUENTA CON CAUSA ESPECIFICA,2,1,0,1,2,0,0,0,1,0,0,2,0,2,49,45,53,0,0,0,0,2,0,No,2,0,1,1,0,0,0,0,0,0,0,0,No,Sí,No,No
A-2022-01-89,2022-01-03,2022,1,Enero,lunes,22:00,22,Noche,No,LIMA,LIMA,PUENTE PIEDRA,URBANA,-11.890384903545831,-77.06837829493487,CHOQUE,1,0,1,No,No,CARRETERA,NACIONAL,PE-1N,DESPEJADO,COMERCIAL,TRAMO RECTO,PLANA,ASFALTADA,EN PROCESO DE INVESTIGACIÓN,NO CUENTA CON CAUSA ESPECIFICA,2,1,0,1,2,0,0,0,1,0,0,2,0,2,45,32,58,0,0,1,1,2,0,No,2,1,0,1,0,0,0,0,0,0,0,0,Sí,Sí,No,No
A-2022-01-90,2022-01-04,2022,1,Enero,martes,10:45,10,Mañana,No,LIMA,LIMA,SAN MARTIN DE PORRES,URBANA,-12.02323,-77.058815,ATROPELLO,1,0,1,No,No,CARRETERA,NACIONAL,PE-1N,DESPEJADO,COMERCIAL,TRAMO RECTO,PLANA,ASFALTADA,EN PROCESO DE INVESTIGACIÓN,NO CUENTA CON CAUSA ESPECIFICA,2,1,0,1,1,0,1,0,0,0,1,2,0,2,70.5,51,90,0,1,0,1,1,0,No,1,0,1,0,0,0,0,0,0,0,0,0,No,No,No,No
A-2022-01-91,2022-01-04,2022,1,Enero,martes,20:30,20,Noche,No,LIMA,LIMA,SAN MARTIN DE PORRES,URBANA,-11.987278,-77.103042,DESPISTE,1,0,1,No,No,AVENIDA,URBANO,NO CORRESPONDE,DESPEJADO,COMERCIAL,INTERSECCIÓN,PLANA,ASFALTADA,EN PROCESO DE INVESTIGACIÓN,NO CUENTA CON CAUSA ESPECIFICA,1,1,0,0,1,0,0,0,1,0,0,1,0,1,25,25,25,0,0,0,0,1,0,No,1,0,1,0,0,0,0,0,0,0,0,0,No,No,No,No
A-2022-01-110,2022-01-05,2022,1,Enero,miércoles,06:50,6,Mañana,No,LIMA,LIMA,SAN JUAN DE MIRAFLORES,URBANA,-12.172018297607602,-76.97873171240589,CHOQUE,1,0,1,No,No,CARRETERA,NACIONAL,PE-1S,DESPEJADO,RESIDENCIAL,TRAMO RECTO,PLANA,ASFALTADA,EN PROCESO DE INVESTIGACIÓN,NO CUENTA CON CAUSA ESPECIFICA,2,1,0,1,2,0,0,0,1,0,0,2,0,2,45,29,61,0,1,1,1,2,0,No,2,0,0,2,0,0,0,0,0,0,0,0,No,Sí,No,No
A-2022-01-111,2022-01-09,2022,1,Enero,domingo,19:10,19,Noche,Sí,LIMA,LIMA,SAN BARTOLO,URBANA,-12.385164664801556,-76.77044923432662,ATROPELLO,1,0,1,No,No,CARRETERA,NACIONAL,PE-1S,DESPEJADO,INDUSTRIAL,PUENTE,PLANA,ASFALTADA,IMPRUDENCIA DEL PEATÓN,CRUCE INDEBIDO POR LA CALZADA,2,1,0,1,1,0,1,0,0,0,1,2,0,2,39.5,28,51,0,0,0,0,1,0,No,1,0,1,0,0,0,0,0,0,0,0,0,No,No,No,No
A-2022-01-120,2022-01-10,2022,1,Enero,lunes,08:25,8,Mañana,No,LIMA,LIMA,SANTIAGO DE SURCO,URBANA,-12.124371627362988,-76.97719929375269,DESPISTE,1,0,1,No,No,CARRETERA,NACIONAL,PE-1S,DESPEJADO,RESIDENCIAL,INTERSECCIÓN,PLANA,ASFALTADA,EN PROCESO DE INVESTIGACIÓN,NO CUENTA CON CAUSA ESPECIFICA,1,1,0,0,1,0,0,0,1,0,0,1,0,1,30,30,30,0,0,0,0,1,0,No,1,1,0,0,0,0,0,0,0,0,0,0,Sí,No,No,No
A-2022-01-121,2022-01-12,2022,1,Enero,miércoles,02:00,2,Madrugada,No,LIMA,LIMA,EL AGUSTINO,URBANA,-12.0306282,-76.9945093,CHOQUE CON OBJETO FIJO,1,0,1,No,No,AUTOPISTA,URBANO,NO CORRESPONDE,DESPEJADO,INDUSTRIAL,INTERSECCIÓN,PLANA,ASFALTADA,IMPRUDENCIA DEL CONDUCTOR,VEHÍCULO MAL ESTACIONADO,2,1,0,0,1,0,0,0,1,0,0,1,0,1,28,28,28,0,0,1,1,1,0,No,2,1,0,1,0,0,0,0,0,0,0,0,Sí,Sí,No,No
A-2022-01-123,2022-01-13,2022,1,Enero,jueves,14:00,14,Tarde,No,LIMA,LIMA,LIMA,URBANA,-12.043799984265837,-77.02457270473965,CHOQUE,1,0,1,No,No,AVENIDA,URBANO,NO CORRESPONDE,DESPEJADO,INDUSTRIAL,PUENTE,PLANA,ASFALTADA,EN PROCESO DE INVESTIGACIÓN,NO CUENTA CON CAUSA ESPECIFICA,2,1,0,1,2,0,0,0,1,0,0,2,0,2,42.5,37,48,0,0,0,0,2,0,No,2,1,0,0,1,0,0,1,0,0,0,0,Sí,No,Sí,No
A-2022-01-124,2022-01-14,2022,1,Enero,viernes,15:30,15,Tarde,No,LIMA,LIMA,SAN JUAN DE LURIGANCHO,RURAL,-11.881754889914252,-76.94773246404225,ATROPELLO,1,0,1,No,No,CALLE,URBANO,NO CORRESPONDE,DESPEJADO,RURAL,TRAMO RECTO,PLANA,AFIRMADO,EN PROCESO DE INVESTIGACIÓN,NO CUENTA CON CAUSA ESPECIFICA,2,1,0,1,1,0,1,0,0,0,1,1,1,2,29.5,5,54,1,0,0,0,1,0,No,1,0,0,1,0,0,0,0,0,0,1,0,No,Sí,No,No
A-2022-01-125,2022-01-14,2022,1,Enero,viernes,20:50,20,Noche,No,LIMA,LIMA,PUENTE PIEDRA,URBANA,-11.913491414372915,-77.07381770920416,ATROPELLO,1,0,1,No,No,CARRETERA,NACIONAL,PE-1N,DESPEJADO,COMERCIAL,TRAMO RECTO,PLANA,ASFALTADA,IMPRUDENCIA DEL CONDUCTOR,EXCESO DE VELOCIDAD,2,1,0,1,1,0,1,0,0,0,1,2,0,1,33,33,33,0,0,0,0,1,0,No,1,0,1,0,0,0,0,0,0,0,0,0,No,No,No,No
A-2022-01-126,2022-01-17,2022,1,Enero,lunes,07:45,7,Mañana,No,LIMA,LIMA,ATE,URBANA,-12.06192,-76.996147,ATROPELLO,1,0,1,No,No,AVENIDA,URBANO,NO CORRESPONDE,DESPEJADO,RESIDENCIAL,INTERSECCIÓN,PLANA,ASFALTADA,EN PROCESO DE INVESTIGACIÓN,NO CUENTA CON CAUSA ESPECIFICA,2,1,0,1,1,0,1,0,0,0,1,2,0,2,56,32,80,0,1,0,0,1,0,No,1,0,1,0,0,0,0,0,0,0,0,0,No,No,No,No
A-2022-01-260,2022-01-18,2022,1,Enero,martes,17:00,17,Tarde,No,LIMA,LIMA,CIENEGUILLA,RURAL,-12.130890783402148,-76.8109076328621,DESPISTE,1,1,2,Sí,No,CARRETERA,DEPARTAMENTAL,LM-119,DESPEJADO,RURAL,TRAMO RECTO,INCLINADA,ASFALTADA,EN PROCESO DE INVESTIGACIÓN,NO CUENTA CON CAUSA ESPECIFICA,2,1,1,0,2,0,0,0,1,0,0,2,0,2,36,28,44,0,0,0,0,2,0,No,2,1,0,0,0,1,0,0,0,2,0,0,Sí,No,No,No
A-2022-01-261,2022-01-19,2022,1,Enero,miércoles,16:50,16,Tarde,No,LIMA,LIMA,COMAS,URBANA,-11.940693,-77.067244,CAÍDA DE PASAJERO,1,0,1,No,No,AVENIDA,URBANO,NO CORRESPONDE,DESPEJADO,COMERCIAL,INTERSECCIÓN,PLANA,ASFALTADA,EN PROCESO DE INVESTIGACIÓN,NO CUENTA CON CAUSA ESPECIFICA,2,1,0,0,1,1,0,0,0,1,0,0,1,1,50,50,50,0,0,0,0,0,0,NA,1,0,0,0,0,0,1,0,0,0,0,1,No,No,No,Sí
A-2022-01-94,2022-01-21,2022,1,Enero,viernes,04:40,4,Madrugada,No,CALLAO,CALLAO,VENTANILLA,URBANA,-11.828861217742379,-77.15930383658092,ATROPELLO,1,0,1,No,No,AVENIDA,URBANO,NO CORRESPONDE,DESPEJADO,RESIDENCIAL,TRAMO RECTO,INCLINADA,ASFALTADA,IMPRUDENCIA DEL PEATÓN,CRUCE INDEBIDO POR LA CALZADA,2,1,0,1,1,0,1,0,0,0,1,1,1,2,45,45,45,0,0,0,0,1,0,No,1,0,0,0,1,0,0,1,0,0,0,0,No,No,Sí,No
A-2022-01-262,2022-01-21,2022,1,Enero,viernes,20:00,20,Noche,No,LIMA,LIMA,LURIN,URBANA,-12.289421067505211,-76.86866818905403,CHOQUE,1,0,1,No,No,CARRETERA,NACIONAL,PE-1S,DESPEJADO,INDUSTRIAL,TRAMO RECTO,PLANA,ASFALTADA,EN PROCESO DE INVESTIGACIÓN,NO CUENTA CON CAUSA ESPECIFICA,2,1,0,1,2,0,0,0,1,0,0,2,0,2,50.5,42,59,0,0,0,1,2,0,No,2,0,0,1,1,0,0,0,0,0,0,0,No,Sí,No,No
A-2022-01-104,2022-01-22,2022,1,Enero,sábado,06:00,6,Mañana,Sí,CALLAO,CALLAO,CALLAO,URBANA,-12.046638238382068,-77.13209852397658,ATROPELLO,1,0,1,No,No,CARRETERA,NACIONAL,PE-20,DESPEJADO,RESIDENCIAL,TRAMO RECTO,PLANA,ASFALTADA,IMPRUDENCIA DEL PEATÓN,ESTADO DE EBRIEDAD Y/O DROGADICCIÓN,2,1,0,1,1,0,1,0,0,0,1,2,0,2,31,23,39,0,0,0,0,0,0,NA,1,0,0,1,0,0,0,0,0,0,0,0,No,Sí,No,No
A-2022-01-266,2022-01-22,2022,1,Enero,sábado,22:50,22,Noche,Sí,LIMA,LIMA,SANTIAGO DE SURCO,URBANA,-12.153347346790111,-76.98395309001715,ATROPELLO,1,0,1,No,No,CARRETERA,NACIONAL,PE-1S,DESPEJADO,RESIDENCIAL,TRAMO RECTO,PLANA,ASFALTADA,EN PROCESO DE INVESTIGACIÓN,NO CUENTA CON CAUSA ESPECIFICA,2,1,0,1,1,0,1,0,0,0,1,1,0,1,50,50,50,0,0,0,0,1,0,No,1,0,0,1,0,0,0,0,1,0,0,0,No,Sí,No,No
A-2022-01-268,2022-01-24,2022,1,Enero,lunes,04:00,4,Madrugada,No,LIMA,LIMA,ATE,URBANA,-12.061300215225032,-76.97222202697768,CHOQUE,2,1,3,Sí,Sí,CARRETERA,NACIONAL,PE-1S,DESPEJADO,INDUSTRIAL,TRAMO RECTO,PLANA,ASFALTADA,EN PROCESO DE INVESTIGACIÓN,NO CUENTA CON CAUSA ESPECIFICA,5,2,1,1,2,3,0,0,0,2,0,2,2,4,51.25,36,66,0,1,0,0,0,0,NA,2,1,0,0,1,0,0,1,2,0,0,0,Sí,No,Sí,No
A-2022-01-267,2022-01-25,2022,1,Enero,martes,05:25,5,Madrugada,No,LIMA,LIMA,SAN JUAN DE MIRAFLORES,URBANA,-12.1805924,-76.9760667,ATROPELLO,1,0,1,No,No,CARRETERA,NACIONAL,PE-1S,DESPEJADO,COMERCIAL,PUENTE,PLANA,ASFALTADA,EN PROCESO DE INVESTIGACIÓN,NO CUENTA CON CAUSA ESPECIFICA,2,1,0,1,1,0,1,0,0,0,1,1,1,1,36,36,36,0,0,0,0,1,0,No,1,0,1,0,0,0,0,0,0,0,0,0,No,No,No,No
A-2022-01-269,2022-01-28,2022,1,Enero,viernes,23:40,23,Noche,No,LIMA,LIMA,RIMAC,URBANA,-12.042152628931483,-77.02061367069078,ATROPELLO FUGA,1,0,1,No,No,CARRETERA,NACIONAL,PE-1N,DESPEJADO,INDUSTRIAL,INTERSECCIÓN,INCLINADA,ASFALTADA,EN PROCESO DE INVESTIGACIÓN,NO CUENTA CON CAUSA ESPECIFICA,2,1,0,0,1,0,1,0,0,0,1,1,0,0,NA,NA,NA,NA,NA,0,0,0,0,NA,1,0,0,0,0,0,1,0,0,0,0,1,No,No,No,Sí
A-2022-01-270,2022-01-30,2022,1,Enero,domingo,01:20,1,Madrugada,Sí,LIMA,LIMA,SANTIAGO DE SURCO,URBANA,-12.141153345291308,-76.98128810467387,VOLCADURA,1,0,1,No,No,CARRETERA,NACIONAL,PE-1S,DESPEJADO,INDUSTRIAL,PUENTE,PLANA,ASFALTADA,EN PROCESO DE INVESTIGACIÓN,NO CUENTA CON CAUSA ESPECIFICA,1,1,0,0,1,0,0,0,1,0,0,1,0,1,26,26,26,0,0,0,0,1,0,No,1,1,0,0,0,0,0,0,0,0,0,0,Sí,No,No,No
A-2022-01-277,2022-01-30,2022,1,Enero,domingo,06:00,6,Mañana,Sí,LIMA,LIMA,SAN MARTIN DE PORRES,URBANA,-12.022886281559128,-77.05922110245548,CHOQUE,1,0,1,No,No,CARRETERA,NACIONAL,PE-1N,DESPEJADO,INDUSTRIAL,INTERSECCIÓN,PLANA,ASFALTADA,EN PROCESO DE INVESTIGACIÓN,NO CUENTA CON CAUSA ESPECIFICA,3,1,0,2,2,1,0,0,0,1,0,2,1,3,26.333333333333332,23,28,0,0,0,0,2,0,No,2,1,0,1,0,0,0,0,0,0,0,0,Sí,Sí,No,No
A-2022-01-271,2022-01-30,2022,1,Enero,domingo,08:10,8,Mañana,Sí,LIMA,LIMA,VILLA MARIA DEL TRIUNFO,URBANA,-12.204976612184334,-76.92874793045789,CHOQUE,1,0,1,No,No,AVENIDA,URBANO,NO CORRESPONDE,DESPEJADO,COMERCIAL,TRAMO RECTO,PLANA,ASFALTADA,EN PROCESO DE INVESTIGACIÓN,NO CUENTA CON CAUSA ESPECIFICA,2,1,0,1,2,0,0,0,1,0,0,2,0,2,57.5,46,69,0,1,0,0,2,0,No,2,1,1,0,0,0,0,1,0,0,0,0,Sí,No,Sí,No
A-2022-01-279,2022-01-31,2022,1,Enero,lunes,12:00,12,Tarde,No,LIMA,LIMA,SANTA ANITA,URBANA,-12.028669118024691,-76.9510746473504,DESPISTE,1,1,2,Sí,No,AVENIDA,URBANO,NO CORRESPONDE,DESPEJADO,COMERCIAL,INTERSECCIÓN,PLANA,ASFALTADA,EN PROCESO DE INVESTIGACIÓN,NO CUENTA CON CAUSA ESPECIFICA,3,1,1,0,0,2,0,0,0,1,0,1,1,2,48.5,44,53,0,0,0,0,0,0,NA,1,0,0,1,0,0,0,0,0,0,0,0,No,Sí,No,No
A-2022-02-149,2022-02-02,2022,2,Febrero,miércoles,10:00,10,Mañana,No,LIMA,LIMA,SAN MARTIN DE PORRES,URBANA,-12.020893494197905,-77.05935531665118,ATROPELLO,1,0,1,No,No,CARRETERA,NACIONAL,PE-1N,DESPEJADO,RESIDENCIAL,INTERSECCIÓN,PLANA,ASFALTADA,EN PROCESO DE INVESTIGACIÓN,NO CUENTA CON CAUSA ESPECIFICA,2,1,0,1,1,0,1,0,0,0,1,1,1,2,51,38,64,0,1,0,0,1,0,No,1,0,0,1,0,0,0,0,0,0,0,0,No,Sí,No,No
A-2022-02-150,2022-02-02,2022,2,Febrero,miércoles,20:00,20,Noche,No,LIMA,LIMA,ATE,URBANA,-12.012293875275123,-76.87820424799322,ATROPELLO FUGA,1,0,1,No,No,CARRETERA,NACIONAL,PE-22,DESPEJADO,INDUSTRIAL,INTERSECCIÓN,PLANA,ASFALTADA,EN PROCESO DE INVESTIGACIÓN,NO CUENTA CON CAUSA ESPECIFICA,2,1,0,0,1,0,1,0,0,0,1,1,0,1,33,33,33,0,0,0,0,0,0,NA,1,0,0,0,0,0,1,0,0,0,0,1,No,No,No,Sí
A-2022-02-151,2022-02-03,2022,2,Febrero,jueves,06:10,6,Mañana,No,LIMA,LIMA,SAN JUAN DE LURIGANCHO,URBANA,-12.0240652,-76.9779903,ATROPELLO,1,0,1,No,No,AVENIDA,URBANO,NO CORRESPONDE,DESPEJADO,INDUSTRIAL,TRAMO RECTO,PLANA,ASFALTADA,EN PROCESO DE INVESTIGACIÓN,NO CUENTA CON CAUSA ESPECIFICA,2,1,0,1,1,0,1,0,0,0,1,2,0,2,73,73,73,0,2,1,1,1,0,No,1,1,0,0,0,0,0,0,0,0,0,0,Sí,No,No,No
A-2022-02-153,2022-02-03,2022,2,Febrero,jueves,13:25,13,Tarde,No,LIMA,LIMA,VILLA EL SALVADOR,URBANA,-12.195677361150429,-76.9590793694863,ATROPELLO,1,1,2,Sí,No,AVENIDA,URBANO,NO CORRESPONDE,DESPEJADO,COMERCIAL,TRAMO RECTO,PLANA,ASFALTADA,EN PROCESO DE INVESTIGACIÓN,NO CUENTA CON CAUSA ESPECIFICA,3,1,1,1,1,1,1,0,0,0,1,2,1,3,38.666666666666664,19,76,0,1,1,1,1,0,No,1,1,0,0,0,0,0,0,0,1,0,0,Sí,No,No,No
A-2022-02-154,2022-02-05,2022,2,Febrero,sábado,07:00,7,Mañana,Sí,LIMA,LIMA,CHORRILLOS,URBANA,-12.187631641683383,-76.99171043981733,CHOQUE,1,0,1,No,No,AVENIDA,URBANO,NO CORRESPONDE,DESPEJADO,INDUSTRIAL,INTERSECCIÓN,PLANA,ASFALTADA,EN PROCESO DE INVESTIGACIÓN,NO CUENTA CON CAUSA ESPECIFICA,3,1,0,2,2,1,0,0,0,1,0,3,0,3,38.666666666666664,33,49,0,0,1,1,2,0,No,2,1,0,1,0,0,0,0,0,0,0,0,Sí,Sí,No,No
A-2022-02-22,2022-02-05,2022,2,Febrero,sábado,17:10,17,Tarde,Sí,CALLAO,CALLAO,BELLAVISTA,URBANA,-12.061247755256444,-77.13397775567661,CHOQUE FUGA,1,0,1,No,No,AVENIDA,URBANO,NO CORRESPONDE,DESPEJADO,COMERCIAL,TRAMO RECTO,PLANA,ASFALTADA,IMPRUDENCIA DEL CONDUCTOR,NO DAR PASO PREFERENTE AL PEATÓN,2,1,0,0,2,0,0,0,1,0,0,1,0,1,72,72,72,0,1,0,0,0,0,NA,2,0,1,0,0,1,0,1,0,0,0,0,No,No,Sí,No
A-2022-02-155,2022-02-06,2022,2,Febrero,domingo,05:15,5,Madrugada,Sí,LIMA,LIMA,INDEPENDENCIA,URBANA,-11.990121634387851,-77.06409531702582,CHOQUE,1,0,1,No,No,CARRETERA,NACIONAL,PE-1N,DESPEJADO,INDUSTRIAL,INTERSECCIÓN,PLANA,ASFALTADA,EN PROCESO DE INVESTIGACIÓN,NO CUENTA CON CAUSA ESPECIFICA,2,1,0,1,2,0,0,0,1,0,0,2,0,1,29,29,29,0,0,0,0,2,0,No,2,2,0,0,0,0,0,0,0,0,0,0,Sí,No,No,No
A-2022-02-162,2022-02-06,2022,2,Febrero,domingo,18:00,18,Noche,Sí,LIMA,LIMA,SAN JUAN DE MIRAFLORES,URBANA,-12.150639692803448,-76.98046831877359,DESPISTE,1,0,1,No,No,AVENIDA,URBANO,NO CORRESPONDE,DESPEJADO,COMERCIAL,TRAMO RECTO,PLANA,ASFALTADA,EN PROCESO DE INVESTIGACIÓN,NO CUENTA CON CAUSA ESPECIFICA,1,1,0,0,1,0,0,0,1,0,0,1,0,1,60,60,60,0,1,0,0,1,0,No,1,0,1,0,0,0,0,0,0,0,0,0,No,No,No,No
A-2022-02-166,2022-02-07,2022,2,Febrero,lunes,21:00,21,Noche,No,LIMA,LIMA,LURIGANCHO,URBANA,-12.00385139527598,-76.92815784749214,ESPECIAL,1,0,1,No,No,AVENIDA,URBANO,NO CORRESPONDE,DESPEJADO,RESIDENCIAL,INTERSECCIÓN,PLANA,ASFALTADA,EN PROCESO DE INVESTIGACIÓN,NO CUENTA CON CAUSA ESPECIFICA,2,1,0,1,1,0,1,0,0,0,1,2,0,2,36,25,47,0,0,0,0,1,0,No,1,0,0,1,0,0,0,0,0,0,0,0,No,Sí,No,No
A-2022-02-167,2022-02-08,2022,2,Febrero,martes,17:00,17,Tarde,No,LIMA,LIMA,LOS OLIVOS,URBANA,-11.963629,-77.077475,CAÍDA DE PASAJERO,1,0,1,No,No,AVENIDA,URBANO,NO CORRESPONDE,DESPEJADO,COMERCIAL,INTERSECCIÓN,PLANA,ASFALTADA,EN PROCESO DE INVESTIGACIÓN,NO CUENTA CON CAUSA ESPECIFICA,2,1,0,1,1,1,0,0,0,1,0,2,0,1,24,24,24,0,0,0,0,1,0,No,1,0,0,0,1,0,0,1,1,0,0,0,No,No,Sí,No
A-2022-02-168,2022-02-08,2022,2,Febrero,martes,23:40,23,Noche,No,LIMA,LIMA,SAN BORJA,URBANA,-12.1056822,-77.0011375,ATROPELLO,1,0,1,No,No,AVENIDA,URBANO,NO CORRESPONDE,DESPEJADO,COMERCIAL,TRAMO RECTO,PLANA,ASFALTADA,EN PROCESO DE INVESTIGACIÓN,NO CUENTA CON CAUSA ESPECIFICA,2,1,0,1,1,0,1,0,0,0,1,2,0,2,72.5,66,79,0,2,0,0,1,0,No,1,0,0,0,1,0,0,1,0,0,0,0,No,No,Sí,No
A-2022-02-216,2022-02-09,2022,2,Febrero,miércoles,20:00,20,Noche,No,LIMA,LIMA,PACHACAMAC,URBANA,-12.101285,-76.874275,ATROPELLO,1,0,1,No,No,AVENIDA,URBANO,NO CORRESPONDE,DESPEJADO,INDUSTRIAL,TRAMO RECTO,PLANA,ASFALTADA,EN PROCESO DE INVESTIGACIÓN,NO CUENTA CON CAUSA ESPECIFICA,2,1,0,1,1,0,1,0,0,0,1,1,1,2,51,27,75,0,1,1,1,0,0,NA,1,1,0,0,0,0,0,0,0,0,0,0,Sí,No,No,No
A-2022-02-218,2022-02-10,2022,2,Febrero,jueves,06:30,6,Mañana,No,LIMA,LIMA,CARABAYLLO,URBANA,-11.86253,-77.03923,ATROPELLO,1,0,1,No,No,CALLE,URBANO,NO CORRESPONDE,DESPEJADO,RESIDENCIAL,INTERSECCIÓN,PLANA,ASFALTADA,EN PROCESO DE INVESTIGACIÓN,NO CUENTA CON CAUSA ESPECIFICA,2,1,0,1,1,0,1,0,0,0,1,1,1,2,43.5,37,50,0,0,0,0,1,0,No,1,0,1,0,0,0,0,0,0,0,0,0,No,No,No,No
A-2022-02-222,2022-02-11,2022,2,Febrero,viernes,02:40,2,Madrugada,No,LIMA,LIMA,CARABAYLLO,URBANA,-11.874032790635312,-77.02781799659697,CHOQUE,1,0,1,No,No,AVENIDA,URBANO,NO CORRESPONDE,DESPEJADO,RESIDENCIAL,TRAMO RECTO,PLANA,ASFALTADA,EN PROCESO DE INVESTIGACIÓN,NO CUENTA CON CAUSA ESPECIFICA,2,1,0,1,2,0,0,0,1,0,0,2,0,2,50.5,44,57,0,0,0,1,2,0,No,2,1,0,0,1,0,0,1,0,0,0,0,Sí,No,Sí,No
A-2022-02-221,2022-02-11,2022,2,Febrero,viernes,18:30,18,Noche,No,LIMA,LIMA,ATE,URBANA,-12.029235,-76.923477,ATROPELLO,1,0,1,No,No,AVENIDA,URBANO,NO CORRESPONDE,DESPEJADO,COMERCIAL,INTERSECCIÓN,PLANA,ASFALTADA,EN PROCESO DE INVESTIGACIÓN,NO CUENTA CON CAUSA ESPECIFICA,2,1,0,1,1,0,1,0,0,0,1,1,1,2,65.5,62,69,0,2,0,0,1,0,No,1,0,0,1,0,0,0,0,0,0,0,0,No,Sí,No,No
A-2022-02-223,2022-02-12,2022,2,Febrero,sábado,02:30,2,Madrugada,Sí,LIMA,LIMA,RIMAC,URBANA,-12.040106536581675,-77.01654726379101,ATROPELLO FUGA,1,0,1,No,No,CARRETERA,NACIONAL,PE-1N,DESPEJADO,INDUSTRIAL,TRAMO RECTO,PLANA,ASFALTADA,EN PROCESO DE INVESTIGACIÓN,NO CUENTA CON CAUSA ESPECIFICA,2,1,0,0,1,0,1,0,0,0,1,0,1,0,NA,NA,NA,NA,NA,0,0,0,0,NA,1,0,0,0,0,0,1,0,0,0,0,1,No,No,No,Sí
A-2022-02-228,2022-02-13,2022,2,Febrero,domingo,15:30,15,Tarde,Sí,LIMA,LIMA,LIMA,URBANA,-12.075417803221548,-77.03468437925478,CHOQUE,1,1,2,Sí,No,AVENIDA,URBANO,NO CORRESPONDE,DESPEJADO,RESIDENCIAL,INTERSECCIÓN,PLANA,ASFALTADA,EN PROCESO DE INVESTIGACIÓN,NO CUENTA CON CAUSA ESPECIFICA,3,1,1,1,2,1,0,0,1,0,0,3,0,3,69.66666666666667,69,71,0,3,0,0,2,0,No,2,0,0,1,1,0,0,1,0,0,1,0,No,Sí,Sí,No
A-2022-02-229,2022-02-14,2022,2,Febrero,lunes,05:30,5,Madrugada,No,LIMA,LIMA,MAGDALENA DEL MAR,URBANA,-12.096321,-77.076241,DESPISTE,1,0,1,No,No,OTRO,URBANO,NO CORRESPONDE,DESPEJADO,INDUSTRIAL,TRAMO RECTO,PLANA,ASFALTADA,EN PROCESO DE INVESTIGACIÓN,NO CUENTA CON CAUSA ESPECIFICA,1,1,0,0,1,0,0,0,1,0,0,1,0,1,22,22,22,0,0,0,0,1,0,No,1,1,0,0,0,0,0,0,1,0,0,0,Sí,No,No,No
A-2022-02-230,2022-02-14,2022,2,Febrero,lunes,15:20,15,Tarde,No,LIMA,LIMA,SAN MARTIN DE PORRES,URBANA,-12.001623656684236,-77.10134239586085,CHOQUE,1,0,1,No,No,AVENIDA,URBANO,NO CORRESPONDE,DESPEJADO,RESIDENCIAL,INTERSECCIÓN,PLANA,ASFALTADA,EN PROCESO DE INVESTIGACIÓN,NO CUENTA CON CAUSA ESPECIFICA,3,1,0,1,2,0,1,0,0,0,1,2,0,2,38,22,54,0,0,0,0,1,0,No,2,1,0,0,0,0,1,0,0,0,0,1,Sí,No,No,Sí
A-2022-02-231,2022-02-15,2022,2,Febrero,martes,04:30,4,Madrugada,No,LIMA,LIMA,LURIGANCHO,URBANA,-12.019697224430727,-76.91999853447619,ATROPELLO FUGA,1,0,1,No,No,AVENIDA,URBANO,NO CORRESPONDE,DESPEJADO,INDUSTRIAL,TRAMO RECTO,PLANA,ASFALTADA,EN PROCESO DE INVESTIGACIÓN,NO CUENTA CON CAUSA ESPECIFICA,2,1,0,0,1,0,1,0,0,0,1,1,0,1,25,25,25,0,0,0,0,0,0,NA,1,0,0,0,0,0,1,0,0,0,0,1,No,No,No,Sí
A-2022-02-234,2022-02-15,2022,2,Febrero,martes,11:00,11,Mañana,No,LIMA,LIMA,COMAS,URBANA,-11.941692130795916,-77.06441396888829,ATROPELLO,1,0,1,No,No,AVENIDA,URBANO,NO CORRESPONDE,DESPEJADO,RESIDENCIAL,INTERSECCIÓN,PLANA,ASFALTADA,EN PROCESO DE INVESTIGACIÓN,NO CUENTA CON CAUSA ESPECIFICA,2,1,0,1,1,0,1,0,0,0,1,1,1,2,65,58,72,0,1,0,0,1,0,No,1,0,0,1,0,0,0,0,1,0,0,0,No,Sí,No,No
A-2022-02-235,2022-02-16,2022,2,Febrero,miércoles,13:30,13,Tarde,No,LIMA,LIMA,RIMAC,URBANA,-12.02492824204054,-77.03557518646898,ATROPELLO,1,0,1,No,No,AVENIDA,URBANO,NO CORRESPONDE,DESPEJADO,COMERCIAL,TRAMO RECTO,PLANA,ASFALTADA,EN PROCESO DE INVESTIGACIÓN,NO CUENTA CON CAUSA ESPECIFICA,2,1,0,1,1,0,1,0,0,0,1,2,0,2,58.5,42,75,0,1,0,0,1,0,No,1,0,0,0,1,0,0,1,0,0,0,0,No,No,Sí,No
A-2022-02-81,2022-02-17,2022,2,Febrero,jueves,21:00,21,Noche,No,CALLAO,CALLAO,CALLAO,URBANA,-11.979787040024192,-77.12487629988695,ATROPELLO,1,0,1,No,No,CARRETERA,NACIONAL,PE-20,DESPEJADO,INDUSTRIAL,INTERSECCIÓN,PLANA,CONCRETO,IMPRUDENCIA DEL PEATÓN,ESTADO DE EBRIEDAD Y/O DROGADICCIÓN,2,1,0,1,1,0,1,0,0,0,1,1,1,2,34,27,41,0,0,0,0,1,0,No,1,0,0,1,0,0,0,0,0,0,0,0,No,Sí,No,No
A-2022-02-236,2022-02-18,2022,2,Febrero,viernes,21:00,21,Noche,No,LIMA,LIMA,MIRAFLORES,URBANA,-12.118355820687093,-77.04539717637547,ATROPELLO,1,0,1,No,No,OTRO,URBANO,NO CORRESPONDE,DESPEJADO,INDUSTRIAL,CURVA,PLANA,ASFALTADA,EN PROCESO DE INVESTIGACIÓN,NO CUENTA CON CAUSA ESPECIFICA,2,1,0,1,1,0,1,0,0,0,1,2,0,1,64,64,64,0,1,0,0,1,0,No,1,0,1,0,0,0,0,0,0,0,0,0,No,No,No,No
A-2022-02-239,2022-02-19,2022,2,Febrero,sábado,10:30,10,Mañana,Sí,LIMA,LIMA,LURIN,URBANA,-12.293073534574539,-76.86297765548466,ATROPELLO FUGA,1,0,1,No,No,CARRETERA,NACIONAL,PE-1S,DESPEJADO,INDUSTRIAL,TRAMO RECTO,PLANA,ASFALTADA,EN PROCESO DE INVESTIGACIÓN,NO CUENTA CON CAUSA ESPECIFICA,2,1,0,0,1,0,1,0,0,0,1,1,0,0,NA,NA,NA,NA,NA,0,0,0,0,NA,1,0,0,0,0,0,1,0,0,0,0,1,No,No,No,Sí
A-2022-02-237,2022-02-19,2022,2,Febrero,sábado,19:45,19,Noche,Sí,LIMA,LIMA,LA MOLINA,URBANA,-12.082043065605745,-76.92834014416228,CHOQUE,1,0,1,No,No,CARRETERA,DEPARTAMENTAL,LM-117,DESPEJADO,RESIDENCIAL,INTERSECCIÓN,PLANA,ASFALTADA,EN PROCESO DE INVESTIGACIÓN,NO CUENTA CON CAUSA ESPECIFICA,2,1,0,1,2,0,0,0,1,0,0,2,0,2,35.5,21,50,0,0,1,1,2,0,No,2,1,0,1,0,0,0,0,0,0,0,0,Sí,Sí,No,No
A-2022-02-240,2022-02-20,2022,2,Febrero,domingo,02:30,2,Madrugada,Sí,LIMA,LIMA,ANCON,URBANA,-11.808526,-77.13254253,ATROPELLO,1,0,1,No,No,CARRETERA,NACIONAL,PE-1N,DESPEJADO,INDUSTRIAL,TRAMO RECTO,PLANA,ASFALTADA,EN PROCESO DE INVESTIGACIÓN,NO CUENTA CON CAUSA ESPECIFICA,2,1,0,1,1,0,1,0,0,0,1,2,0,1,41,41,41,0,0,0,0,1,0,No,1,0,0,1,0,0,0,0,0,0,0,0,No,Sí,No,No
A-2022-02-242,2022-02-23,2022,2,Febrero,miércoles,09:50,9,Mañana,No,LIMA,LIMA,SAN MARTIN DE PORRES,URBANA,-12.0237641,-77.0744663,CAÍDA DE PASAJERO,1,0,1,No,No,AVENIDA,URBANO,NO CORRESPONDE,DESPEJADO,ESCOLAR,TRAMO RECTO,PLANA,ASFALTADA,EN PROCESO DE INVESTIGACIÓN,NO CUENTA CON CAUSA ESPECIFICA,2,1,0,1,1,1,0,0,0,1,0,1,1,2,57.5,55,60,0,1,0,0,1,0,No,1,0,0,0,1,0,0,1,0,0,0,0,No,No,Sí,No
A-2022-02-119,2022-02-24,2022,2,Febrero,jueves,05:45,5,Madrugada,No,CALLAO,CALLAO,CALLAO,URBANA,-12.053946211150148,-77.11996789753974,ATROPELLO,1,0,1,No,No,AVENIDA,URBANO,NO CORRESPONDE,DESPEJADO,RESIDENCIAL,TRAMO RECTO,PLANA,ASFALTADA,IMPRUDENCIA DEL CONDUCTOR,EXCESO DE VELOCIDAD,2,1,0,0,1,0,1,0,0,0,1,1,1,1,69,69,69,0,1,0,0,0,0,NA,1,0,1,0,0,0,0,1,0,1,0,0,No,No,Sí,No
A-2022-02-241,2022-02-24,2022,2,Febrero,jueves,08:15,8,Mañana,No,LIMA,LIMA,LIMA,URBANA,-12.0595523,-77.0780123,ESPECIAL,1,0,1,No,No,AVENIDA,URBANO,NO CORRESPONDE,DESPEJADO,INDUSTRIAL,TRAMO RECTO,PLANA,ASFALTADA,EN PROCESO DE INVESTIGACIÓN,NO CUENTA CON CAUSA ESPECIFICA,2,1,0,1,1,0,1,0,0,0,1,2,0,2,57,55,59,0,0,0,0,1,0,No,1,0,1,0,0,0,0,1,1,0,0,0,No,No,Sí,No
A-2022-02-246,2022-02-25,2022,2,Febrero,viernes,12:30,12,Tarde,No,LIMA,LIMA,ATE,URBANA,-12.005992210769222,-76.84781483192452,ATROPELLO,1,0,1,No,No,CARRETERA,NACIONAL,PE-22,DESPEJADO,COMERCIAL,TRAMO RECTO,PLANA,ASFALTADA,EN PROCESO DE INVESTIGACIÓN,NO CUENTA CON CAUSA ESPECIFICA,2,1,0,1,1,0,1,0,0,0,1,1,1,2,55,39,71,0,1,0,0,1,0,No,1,0,0,0,1,0,0,1,0,0,0,0,No,No,Sí,No
A-2022-02-309,2022-02-25,2022,2,Febrero,viernes,14:10,14,Tarde,No,LIMA,LIMA,SAN MARTIN DE PORRES,URBANA,-12.031263,-77.044221,ATROPELLO,1,0,1,No,No,AVENIDA,URBANO,NO CORRESPONDE,NA,NA,NA,NA,NA,EN PROCESO DE INVESTIGACIÓN,NO CUENTA CON CAUSA ESPECIFICA,2,1,0,1,1,0,1,0,0,0,1,1,1,0,NA,NA,NA,NA,NA,0,0,0,0,NA,1,0,0,0,1,0,0,1,1,0,0,0,No,No,Sí,No
A-2022-02-249,2022-02-25,2022,2,Febrero,viernes,23:30,23,Noche,No,LIMA,LIMA,SANTA ANITA,URBANA,-12.035846417381062,-76.94893425059153,CHOQUE,1,2,3,Sí,No,AVENIDA,URBANO,NO CORRESPONDE,DESPEJADO,COMERCIAL,INTERSECCIÓN,PLANA,ASFALTADA,EN PROCESO DE INVESTIGACIÓN,NO CUENTA CON CAUSA ESPECIFICA,5,1,2,1,2,3,0,0,0,1,0,2,2,4,24.5,1,65,3,1,0,0,1,0,No,2,1,0,0,0,0,1,0,0,0,0,1,Sí,No,No,Sí
A-2022-02-248,2022-02-26,2022,2,Febrero,sábado,19:40,19,Noche,Sí,LIMA,LIMA,ATE,URBANA,-12.041470599880004,-76.92442398321249,ATROPELLO,1,0,1,No,No,OTRO,URBANO,NO CORRESPONDE,DESPEJADO,COMERCIAL,TRAMO RECTO,PLANA,ASFALTADA,EN PROCESO DE INVESTIGACIÓN,NO CUENTA CON CAUSA ESPECIFICA,2,1,0,1,1,0,1,0,0,0,1,1,1,2,51.5,33,70,0,1,0,1,1,0,No,1,1,0,0,0,0,0,0,0,1,0,0,Sí,No,No,No
A-2022-02-250,2022-02-28,2022,2,Febrero,lunes,03:00,3,Madrugada,No,LIMA,LIMA,RIMAC,URBANA,-12.043272018432617,-77.02549743652344,ATROPELLO FUGA,1,0,1,No,No,CARRETERA,NACIONAL,PE-1N,DESPEJADO,RESIDENCIAL,PUENTE,PLANA,ASFALTADA,EN PROCESO DE INVESTIGACIÓN,NO CUENTA CON CAUSA ESPECIFICA,2,1,0,0,1,0,1,0,0,0,1,1,0,0,NA,NA,NA,NA,NA,0,0,1,0,No,1,0,0,0,0,0,1,0,0,0,0,1,No,No,No,Sí
A-2022-02-251,2022-02-28,2022,2,Febrero,lunes,05:35,5,Madrugada,No,LIMA,LIMA,CHACLACAYO,URBANA,-11.9677171,-76.7455216,CHOQUE,1,2,3,Sí,No,CARRETERA,NACIONAL,PE-22,DESPEJADO,INDUSTRIAL,TRAMO RECTO,PLANA,ASFALTADA,EN PROCESO DE INVESTIGACIÓN,NO CUENTA CON CAUSA ESPECIFICA,5,1,2,2,2,3,0,0,0,1,0,3,2,5,34.4,19,65,0,1,0,0,2,0,No,2,0,2,0,0,0,0,0,0,0,0,0,No,No,No,No
A-2022-03-189,2022-03-01,2022,3,Marzo,martes,07:20,7,Mañana,No,LIMA,LIMA,PUENTE PIEDRA,RURAL,-11.845251,-77.077429,VOLCADURA,1,0,1,No,No,AVENIDA,URBANO,NO CORRESPONDE,DESPEJADO,RURAL,TRAMO RECTO,PLANA,ASFALTADA,EN PROCESO DE INVESTIGACIÓN,NO CUENTA CON CAUSA ESPECIFICA,2,1,0,1,2,0,0,0,1,0,0,2,0,2,44.5,23,66,0,1,0,0,2,0,No,2,1,0,1,0,0,0,0,0,0,0,0,Sí,Sí,No,No
A-2022-03-161,2022-03-02,2022,3,Marzo,miércoles,12:20,12,Tarde,No,CALLAO,CALLAO,CALLAO,URBANA,-12.05573513898662,-77.12184965837463,CHOQUE,1,0,1,No,No,AVENIDA,URBANO,NO CORRESPONDE,DESPEJADO,RESIDENCIAL,TRAMO RECTO,PLANA,ASFALTADA,IMPRUDENCIA DEL CONDUCTOR,INVASIÓN DE CARRIL,2,1,0,0,1,0,0,0,1,0,0,1,0,1,51,51,51,0,0,0,0,0,0,NA,2,0,1,1,0,0,0,0,0,0,0,0,No,Sí,No,No
A-2022-03-181,2022-03-02,2022,3,Marzo,miércoles,14:30,14,Tarde,No,LIMA,LIMA,JESUS MARIA,URBANA,-12.077486903906868,-77.03673355030094,CHOQUE,1,0,1,No,No,AVENIDA,URBANO,NO CORRESPONDE,DESPEJADO,RURAL,TRAMO RECTO,PLANA,ASFALTADA,EN PROCESO DE INVESTIGACIÓN,NO CUENTA CON CAUSA ESPECIFICA,2,1,0,1,2,0,0,0,1,0,0,2,0,2,36.5,23,50,0,0,1,1,1,0,No,2,1,0,1,0,0,0,0,0,2,0,0,Sí,Sí,No,No
A-2022-03-283,2022-03-03,2022,3,Marzo,jueves,23:50,23,Noche,No,LIMA,LIMA,CHORRILLOS,URBANA,-12.18429331,-77.0074643892645,ATROPELLO FUGA,1,0,1,No,No,AVENIDA,URBANO,NO CORRESPONDE,NA,NA,NA,NA,NA,EN PROCESO DE INVESTIGACIÓN,NO CUENTA CON CAUSA ESPECIFICA,2,1,0,0,1,0,1,0,0,0,1,2,0,0,NA,NA,NA,NA,NA,0,0,0,0,NA,1,0,0,0,0,0,1,0,0,0,0,1,No,No,No,Sí
A-2022-03-212,2022-03-04,2022,3,Marzo,viernes,14:00,14,Tarde,No,CALLAO,CALLAO,CARMEN DE LA LEGUA REYNOSO,URBANA,-12.046767,-77.08469,ATROPELLO,1,0,1,No,No,AVENIDA,URBANO,NO CORRESPONDE,DESPEJADO,INDUSTRIAL,TRAMO RECTO,PLANA,ASFALTADA,EN PROCESO DE INVESTIGACIÓN,NO CUENTA CON CAUSA ESPECIFICA,2,1,0,1,1,0,1,0,0,0,1,2,0,2,65,52,78,0,1,0,0,1,0,No,1,0,0,1,0,0,0,0,0,0,0,0,No,Sí,No,No
A-2022-03-213,2022-03-05,2022,3,Marzo,sábado,04:45,4,Madrugada,Sí,LIMA,LIMA,VILLA EL SALVADOR,NA,-12.240213,-76.947585,ATROPELLO FUGA,1,0,1,No,No,CARRETERA,NACIONAL,PE-1S,NA,NA,NA,NA,NA,EN PROCESO DE INVESTIGACIÓN,NO CUENTA CON CAUSA ESPECIFICA,2,1,0,0,1,0,1,0,0,0,1,1,0,1,32,32,32,0,0,0,0,0,0,NA,1,0,0,0,0,0,1,0,0,0,0,1,No,No,No,Sí
A-2022-03-8,2022-03-05,2022,3,Marzo,sábado,16:50,16,Tarde,Sí,CALLAO,CALLAO,CALLAO,URBANA,-12.041549295628164,-77.12666804475543,ATROPELLO,1,0,1,No,No,CARRETERA,NACIONAL,PE-20,DESPEJADO,COMERCIAL,TRAMO RECTO,PLANA,ASFALTADA,IMPRUDENCIA DEL PEATÓN,OTRO (IMPRUDENCIA DEL PEATÓN),2,1,0,1,1,0,1,0,0,0,1,2,0,2,35.5,27,44,0,0,0,0,0,0,NA,1,0,0,1,0,0,0,0,0,0,0,0,No,Sí,No,No
A-2022-03-214,2022-03-07,2022,3,Marzo,lunes,14:30,14,Tarde,No,LIMA,LIMA,COMAS,URBANA,-11.937831,-77.049489,ATROPELLO,1,0,1,No,No,AVENIDA,URBANO,NO CORRESPONDE,DESPEJADO,COMERCIAL,TRAMO RECTO,PLANA,ASFALTADA,EN PROCESO DE INVESTIGACIÓN,NO CUENTA CON CAUSA ESPECIFICA,2,1,0,1,1,0,1,0,0,0,1,2,0,2,58,44,72,0,1,0,0,0,0,NA,1,0,1,0,0,0,0,1,0,0,0,0,No,No,Sí,No
A-2022-03-232,2022-03-07,2022,3,Marzo,lunes,18:25,18,Noche,No,LIMA,LIMA,COMAS,URBANA,-11.900935825697534,-77.03989323217921,ATROPELLO,1,0,1,No,No,AVENIDA,URBANO,NO CORRESPONDE,DESPEJADO,COMERCIAL,INTERSECCIÓN,PLANA,ASFALTADA,EN PROCESO DE INVESTIGACIÓN,NO CUENTA CON CAUSA ESPECIFICA,2,1,0,1,1,0,1,0,0,0,1,2,0,2,49.5,23,76,0,1,1,1,0,0,NA,1,0,1,0,0,0,0,0,0,0,0,0,No,No,No,No
A-2022-03-215,2022-03-08,2022,3,Marzo,martes,06:00,6,Mañana,No,LIMA,LIMA,EL AGUSTINO,URBANA,-12.02946,-76.999036,CHOQUE,1,0,1,No,No,CARRETERA,NACIONAL,PE-1N,DESPEJADO,COMERCIAL,TRAMO RECTO,PLANA,ASFALTADA,EN PROCESO DE INVESTIGACIÓN,NO CUENTA CON CAUSA ESPECIFICA,2,1,0,1,2,0,0,0,1,0,0,2,0,2,43.5,32,55,0,0,0,0,0,0,NA,2,0,1,0,1,0,0,1,0,0,0,0,No,No,Sí,No
A-2022-03-289,2022-03-08,2022,3,Marzo,martes,17:20,17,Tarde,No,LIMA,LIMA,PACHACAMAC,URBANA,-12.1544186234116,-76.8693337967414,CHOQUE,1,0,1,No,No,AVENIDA,URBANO,NO CORRESPONDE,DESPEJADO,COMERCIAL,TRAMO RECTO,PLANA,ASFALTADA,IMPRUDENCIA DEL CONDUCTOR,EXCESO DE VELOCIDAD,2,1,0,1,2,0,0,0,1,0,0,2,0,2,30.5,29,32,0,0,0,0,0,0,NA,2,1,0,0,1,0,0,1,0,0,0,0,Sí,No,Sí,No
A-2022-03-216,2022-03-09,2022,3,Marzo,miércoles,14:00,14,Tarde,No,LIMA,LIMA,RIMAC,URBANA,-12.04027,-77.01653,CHOQUE,1,0,1,No,No,CARRETERA,NACIONAL,PE-1N,DESPEJADO,INDUSTRIAL,TRAMO RECTO,PLANA,ASFALTADA,EN PROCESO DE INVESTIGACIÓN,NO CUENTA CON CAUSA ESPECIFICA,2,1,0,1,2,0,0,0,1,0,0,2,0,2,38.5,30,47,0,0,0,0,0,0,NA,2,0,0,2,0,0,0,0,0,0,0,0,No,Sí,No,No
A-2022-03-253,2022-03-10,2022,3,Marzo,jueves,20:00,20,Noche,No,LIMA,LIMA,SAN MARTIN DE PORRES,URBANA,-11.949566403461,-77.0858316969476,CHOQUE FUGA,1,0,1,No,No,AVENIDA,URBANO,NO CORRESPONDE,NA,NA,NA,NA,NA,EN PROCESO DE INVESTIGACIÓN,NO CUENTA CON CAUSA ESPECIFICA,2,1,0,1,2,0,0,0,1,0,0,2,0,0,NA,NA,NA,NA,NA,0,1,0,0,NA,2,0,0,0,0,1,1,0,0,2,0,1,No,No,No,Sí
A-2022-03-255,2022-03-11,2022,3,Marzo,viernes,02:00,2,Madrugada,No,LIMA,LIMA,SAN JUAN DE LURIGANCHO,URBANA,-11.970962,-76.992302,CHOQUE,1,0,1,No,No,AVENIDA,URBANO,NO CORRESPONDE,NA,NA,NA,NA,NA,EN PROCESO DE INVESTIGACIÓN,NO CUENTA CON CAUSA ESPECIFICA,2,1,0,1,2,0,0,0,1,0,0,2,0,0,NA,NA,NA,NA,NA,0,2,0,0,NA,2,1,1,0,0,0,0,0,0,2,0,0,Sí,No,No,No
A-2022-03-257,2022-03-11,2022,3,Marzo,viernes,19:50,19,Noche,No,LIMA,LIMA,LIMA,URBANA,-12.057647,-77.067668,ATROPELLO,1,0,1,No,No,AVENIDA,URBANO,NO CORRESPONDE,DESPEJADO,RURAL,TRAMO RECTO,PLANA,ASFALTADA,EN PROCESO DE INVESTIGACIÓN,NO CUENTA CON CAUSA ESPECIFICA,2,1,0,0,1,0,1,0,0,0,1,2,0,0,NA,NA,NA,NA,NA,0,0,0,0,NA,1,1,0,0,0,0,0,0,0,1,0,0,Sí,No,No,No
A-2022-03-259,2022-03-13,2022,3,Marzo,domingo,11:40,11,Mañana,Sí,LIMA,LIMA,SAN JUAN DE LURIGANCHO,URBANA,-11.9927389,-77.0108661,ATROPELLO,1,0,1,No,No,AVENIDA,URBANO,NO CORRESPONDE,NA,NA,NA,NA,NA,EN PROCESO DE INVESTIGACIÓN,NO CUENTA CON CAUSA ESPECIFICA,2,1,0,1,1,0,1,0,0,0,1,1,1,0,NA,NA,NA,NA,NA,1,1,0,0,NA,1,0,0,0,1,0,0,0,0,1,0,0,No,No,No,No
A-2022-03-260,2022-03-15,2022,3,Marzo,martes,23:30,23,Noche,No,LIMA,LIMA,SAN JUAN DE LURIGANCHO,URBANA,-11.9255698497521,-76.9636556981117,ATROPELLO,1,0,1,No,No,CARRETERA,PROVINCIAL,LM-711,NA,NA,NA,NA,NA,EN PROCESO DE INVESTIGACIÓN,NO CUENTA CON CAUSA ESPECIFICA,2,1,0,1,1,0,1,0,0,0,1,1,1,0,NA,NA,NA,NA,NA,0,1,0,0,NA,1,0,0,0,1,0,0,1,0,1,0,0,No,No,Sí,No
A-2022-03-261,2022-03-16,2022,3,Marzo,miércoles,01:00,1,Madrugada,No,LIMA,LIMA,SAN ISIDRO,URBANA,-12.108192,-77.058571,DESPISTE,1,1,2,Sí,No,OTRO,URBANO,NO CORRESPONDE,NA,NA,NA,NA,NA,EN PROCESO DE INVESTIGACIÓN,NO CUENTA CON CAUSA ESPECIFICA,2,1,1,0,1,1,0,0,1,0,0,1,1,0,NA,NA,NA,NA,NA,0,0,0,0,NA,1,0,1,0,0,0,0,0,0,1,0,0,No,No,No,No
A-2022-03-263,2022-03-18,2022,3,Marzo,viernes,21:00,21,Noche,No,LIMA,LIMA,CARABAYLLO,URBANA,-11.897196,-77.029915,CHOQUE,1,0,1,No,No,AVENIDA,URBANO,NO CORRESPONDE,NA,NA,NA,NA,NA,EN PROCESO DE INVESTIGACIÓN,NO CUENTA CON CAUSA ESPECIFICA,2,1,0,1,2,0,0,0,1,0,0,2,0,0,NA,NA,NA,NA,NA,0,0,0,0,NA,2,1,0,0,1,0,0,1,0,2,0,0,Sí,No,Sí,No
A-2022-03-265,2022-03-20,2022,3,Marzo,domingo,02:45,2,Madrugada,Sí,LIMA,LIMA,ATE,URBANA,-12.0101,-76.8703,DESPISTE,2,0,2,No,Sí,CARRETERA,NACIONAL,PE-22,NA,NA,NA,NA,NA,EN PROCESO DE INVESTIGACIÓN,NO CUENTA CON CAUSA ESPECIFICA,2,2,0,0,1,1,0,0,1,1,0,2,0,0,NA,NA,NA,NA,NA,0,0,0,0,NA,1,1,0,0,0,0,0,0,0,1,0,0,Sí,No,No,No
A-2022-03-266,2022-03-20,2022,3,Marzo,domingo,23:30,23,Noche,Sí,LIMA,LIMA,COMAS,URBANA,-11.913083,-77.019259,VOLCADURA,1,0,1,No,No,AVENIDA,URBANO,NO CORRESPONDE,NA,NA,NA,NA,NA,EN PROCESO DE INVESTIGACIÓN,NO CUENTA CON CAUSA ESPECIFICA,2,1,0,1,2,0,0,0,1,0,0,2,0,0,NA,NA,NA,NA,NA,0,0,0,0,NA,2,1,0,0,1,0,0,1,0,2,0,0,Sí,No,Sí,No
A-2022-03-267,2022-03-21,2022,3,Marzo,lunes,04:00,4,Madrugada,No,LIMA,LIMA,ATE,URBANA,-12.06114766146284,-76.97248530948352,DESPISTE,1,0,1,No,No,CARRETERA,NACIONAL,PE-1S,NA,NA,NA,NA,NA,EN PROCESO DE INVESTIGACIÓN,NO CUENTA CON CAUSA ESPECIFICA,1,1,0,0,1,0,0,0,1,0,0,1,0,0,NA,NA,NA,NA,NA,0,0,0,0,NA,1,1,0,0,0,0,0,0,0,1,0,0,Sí,No,No,No
A-2022-03-270,2022-03-21,2022,3,Marzo,lunes,18:30,18,Noche,No,LIMA,LIMA,VILLA MARIA DEL TRIUNFO,URBANA,-12.1744,-76.94747,ATROPELLO,1,0,1,No,No,AVENIDA,URBANO,NO CORRESPONDE,NA,NA,NA,NA,NA,EN PROCESO DE INVESTIGACIÓN,NO CUENTA CON CAUSA ESPECIFICA,2,1,0,1,1,0,1,0,0,0,1,2,0,0,NA,NA,NA,NA,NA,0,0,0,0,NA,1,0,0,0,1,0,0,1,0,1,0,0,No,No,Sí,No
A-2022-03-163,2022-03-24,2022,3,Marzo,jueves,05:00,5,Madrugada,No,CALLAO,CALLAO,CALLAO,URBANA,-12.040701675627343,-77.11587471962183,ESPECIAL,1,0,1,No,No,CARRETERA,NACIONAL,PE-20I,DESPEJADO,RESIDENCIAL,TRAMO RECTO,PLANA,ASFALTADA,EN PROCESO DE INVESTIGACIÓN,NO CUENTA CON CAUSA ESPECIFICA,2,1,0,1,2,0,0,0,1,0,0,2,0,2,44.5,28,61,0,1,0,0,0,0,NA,2,1,0,1,0,0,0,0,0,0,0,0,Sí,Sí,No,No
A-2022-03-162,2022-03-24,2022,3,Marzo,jueves,07:30,7,Mañana,No,CALLAO,CALLAO,CALLAO,URBANA,-11.97529867702563,-77.12500823797006,ATROPELLO FUGA,1,0,1,No,No,CARRETERA,NACIONAL,PE-20,DESPEJADO,INDUSTRIAL,TRAMO RECTO,PLANA,ASFALTADA,IMPRUDENCIA DEL PEATÓN,CRUCE INDEBIDO POR LA CALZADA,2,1,0,0,1,0,1,0,0,0,1,0,0,0,NA,NA,NA,NA,NA,0,0,0,0,NA,1,0,0,0,0,0,1,0,0,0,0,1,No,No,No,Sí
A-2022-03-273,2022-03-26,2022,3,Marzo,sábado,16:30,16,Tarde,Sí,LIMA,LIMA,ATE,URBANA,-12.025976610406655,-76.92000324652466,ATROPELLO,1,0,1,No,No,AVENIDA,URBANO,NO CORRESPONDE,NA,NA,NA,NA,NA,EN PROCESO DE INVESTIGACIÓN,NO CUENTA CON CAUSA ESPECIFICA,2,1,0,1,1,0,1,0,0,0,1,2,0,0,NA,NA,NA,NA,NA,0,0,0,0,NA,1,0,0,1,0,0,0,0,0,1,0,0,No,Sí,No,No
A-2022-03-271,2022-03-26,2022,3,Marzo,sábado,23:50,23,Noche,Sí,LIMA,LIMA,LURIN,URBANA,-12.2979310064019,-76.8538862432187,ATROPELLO FUGA,1,0,1,No,No,CARRETERA,NACIONAL,PE-1S,NA,NA,NA,NA,NA,EN PROCESO DE INVESTIGACIÓN,NO CUENTA CON CAUSA ESPECIFICA,2,1,0,0,1,0,1,0,0,0,1,2,0,0,NA,NA,NA,NA,NA,0,0,0,0,NA,1,0,0,0,0,0,1,0,0,1,0,0,No,No,No,No
A-2022-03-275,2022-03-27,2022,3,Marzo,domingo,17:30,17,Tarde,Sí,LIMA,LIMA,EL AGUSTINO,URBANA,-12.0318839845185,-76.9880235183415,ATROPELLO,1,0,1,No,No,CARRETERA,NACIONAL,PE-22,NA,NA,NA,NA,NA,EN PROCESO DE INVESTIGACIÓN,NO CUENTA CON CAUSA ESPECIFICA,2,1,0,1,1,0,1,0,0,0,1,2,0,0,NA,NA,NA,NA,NA,0,0,0,0,NA,1,0,1,0,0,0,0,0,0,1,0,0,No,No,No,No
A-2022-03-276,2022-03-28,2022,3,Marzo,lunes,07:00,7,Mañana,No,LIMA,LIMA,MIRAFLORES,URBANA,-12.1135039034589,-77.0510165416255,DESPISTE,1,1,2,Sí,No,OTRO,URBANO,NO CORRESPONDE,NA,NA,NA,NA,NA,EN PROCESO DE INVESTIGACIÓN,NO CUENTA CON CAUSA ESPECIFICA,2,1,1,0,1,1,0,0,1,0,0,1,1,0,NA,NA,NA,NA,NA,0,0,0,0,NA,1,0,1,0,0,0,0,0,0,1,0,0,No,No,No,No
A-2022-04-214,2022-04-01,2022,4,Abril,viernes,19:00,19,Noche,No,LIMA,LIMA,COMAS,URBANA,-11.930407997259525,-77.05307362840098,ATROPELLO FUGA,1,0,1,No,No,AVENIDA,URBANO,NO CORRESPONDE,NA,NA,NA,NA,NA,EN PROCESO DE INVESTIGACIÓN,NO CUENTA CON CAUSA ESPECIFICA,2,1,0,0,1,0,1,0,0,0,1,0,1,1,74,74,74,0,1,0,0,0,0,NA,1,0,0,0,0,0,1,0,0,0,0,1,No,No,No,Sí
A-2022-04-195,2022-04-02,2022,4,Abril,sábado,00:00,0,Madrugada,Sí,LIMA,LIMA,SAN JUAN DE LURIGANCHO,URBANA,-11.980691,-77.012155,CHOQUE,1,0,1,No,No,AVENIDA,URBANO,NO CORRESPONDE,NA,NA,NA,NA,NA,EN PROCESO DE INVESTIGACIÓN,NO CUENTA CON CAUSA ESPECIFICA,2,1,0,1,2,0,0,0,1,0,0,2,0,2,31.5,10,53,1,0,2,2,0,0,NA,2,1,1,0,0,0,0,0,0,2,0,0,Sí,No,No,No
A-2022-04-191,2022-04-02,2022,4,Abril,sábado,11:00,11,Mañana,Sí,LIMA,LIMA,INDEPENDENCIA,URBANA,-11.987808347638063,-77.05711807330266,CHOQUE,1,0,1,No,No,AVENIDA,URBANO,NO CORRESPONDE,NA,NA,NA,NA,NA,EN PROCESO DE INVESTIGACIÓN,NO CUENTA CON CAUSA ESPECIFICA,1,1,0,0,1,0,0,0,1,0,0,1,0,1,23,23,23,0,0,0,0,0,0,NA,2,1,1,0,0,0,0,0,0,2,0,0,Sí,No,No,No
A-2022-04-190,2022-04-03,2022,4,Abril,domingo,03:50,3,Madrugada,Sí,LIMA,LIMA,LURIN,URBANA,-12.280727,-76.882445,VOLCADURA,1,0,1,No,No,CARRETERA,NACIONAL,PE-1S,NA,NA,NA,NA,NA,EN PROCESO DE INVESTIGACIÓN,NO CUENTA CON CAUSA ESPECIFICA,1,1,0,0,1,0,0,0,1,0,0,1,0,0,NA,NA,NA,NA,NA,0,0,0,0,NA,1,1,0,0,0,0,0,0,0,1,0,0,Sí,No,No,No
A-2022-04-200,2022-04-03,2022,4,Abril,domingo,12:05,12,Tarde,Sí,LIMA,LIMA,LURIN,URBANA,-12.281988,-76.86395,DESPISTE,1,0,1,No,No,AUTOPISTA,URBANO,NO CORRESPONDE,NA,NA,NA,NA,NA,EN PROCESO DE INVESTIGACIÓN,NO CUENTA CON CAUSA ESPECIFICA,2,1,0,0,1,1,0,0,0,1,0,1,1,2,34.5,22,47,0,0,1,1,0,0,NA,1,0,1,0,0,0,0,0,0,1,0,0,No,No,No,No
A-2022-04-192,2022-04-04,2022,4,Abril,lunes,10:30,10,Mañana,No,LIMA,LIMA,VILLA EL SALVADOR,URBANA,-12.226589055498073,-76.94597565392182,CHOQUE,1,1,2,Sí,No,AVENIDA,URBANO,NO CORRESPONDE,NA,NA,NA,NA,NA,EN PROCESO DE INVESTIGACIÓN,NO CUENTA CON CAUSA ESPECIFICA,3,1,1,1,2,1,0,0,0,1,0,2,1,3,38.666666666666664,33,48,0,0,0,0,0,0,NA,2,0,2,0,0,0,0,0,0,2,0,0,No,No,No,No
A-2022-04-23,2022-04-07,2022,4,Abril,jueves,02:30,2,Madrugada,No,CALLAO,CALLAO,CALLAO,URBANA,-11.964147797833713,-77.12688746061761,ATROPELLO FUGA,1,0,1,No,No,CARRETERA,NACIONAL,PE-20,DESPEJADO,INDUSTRIAL,TRAMO RECTO,PLANA,ASFALTADA,EN PROCESO DE INVESTIGACIÓN,NO CUENTA CON CAUSA ESPECIFICA,2,1,0,0,1,0,1,0,0,0,1,1,0,1,74,74,74,0,1,0,0,0,0,NA,1,0,0,0,0,0,1,0,0,0,0,1,No,No,No,Sí
A-2022-04-194,2022-04-08,2022,4,Abril,viernes,05:00,5,Madrugada,No,LIMA,LIMA,SAN JUAN DE LURIGANCHO,URBANA,-11.989493,-77.007477,ATROPELLO,1,1,2,Sí,No,AVENIDA,URBANO,NO CORRESPONDE,NA,NA,NA,NA,NA,EN PROCESO DE INVESTIGACIÓN,NO CUENTA CON CAUSA ESPECIFICA,2,1,1,0,1,0,1,0,1,0,0,2,0,2,31.5,31,32,0,0,0,0,0,0,NA,1,1,0,0,0,0,0,0,0,1,0,0,Sí,No,No,No
A-2022-04-24,2022-04-08,2022,4,Abril,viernes,09:20,9,Mañana,No,CALLAO,CALLAO,MI PERU,URBANA,-11.856807219474502,-77.1215880720264,CHOQUE,2,1,3,Sí,Sí,AVENIDA,URBANO,NO CORRESPONDE,DESPEJADO,RESIDENCIAL,TRAMO RECTO,INCLINADA,ASFALTADA,IMPRUDENCIA DEL CONDUCTOR,OTRO (IMPRUDENCIA DEL CONDUCTOR),3,2,1,0,3,0,0,0,2,0,0,3,0,3,35,25,43,0,0,1,2,0,0,NA,3,2,0,1,0,0,0,0,0,0,0,0,Sí,Sí,No,No
A-2022-04-198,2022-04-09,2022,4,Abril,sábado,09:40,9,Mañana,Sí,LIMA,LIMA,ATE,URBANA,-11.997173,-76.834487,ATROPELLO,1,0,1,No,No,AVENIDA,URBANO,NO CORRESPONDE,NA,NA,NA,NA,NA,EN PROCESO DE INVESTIGACIÓN,NO CUENTA CON CAUSA ESPECIFICA,2,1,0,0,1,0,1,0,0,0,1,2,0,2,55.5,38,73,0,1,1,1,0,0,NA,1,1,0,0,0,0,0,0,0,1,0,0,Sí,No,No,No
A-2022-04-199,2022-04-09,2022,4,Abril,sábado,22:10,22,Noche,Sí,LIMA,LIMA,ATE,URBANA,-12.039388,-76.932605,CHOQUE,1,8,9,Sí,No,AVENIDA,URBANO,NO CORRESPONDE,NA,NA,NA,NA,NA,EN PROCESO DE INVESTIGACIÓN,NO CUENTA CON CAUSA ESPECIFICA,10,1,8,1,2,8,0,0,1,0,0,5,5,10,42.5,1,70,1,3,0,1,0,0,NA,2,0,1,1,0,0,0,1,0,2,0,0,No,Sí,Sí,No
A-2022-04-197,2022-04-09,2022,4,Abril,sábado,23:30,23,Noche,Sí,LIMA,LIMA,ANCON,URBANA,-11.814028,-77.128788,ATROPELLO,1,0,1,No,No,CARRETERA,NACIONAL,PE-1N,NA,NA,NA,NA,NA,EN PROCESO DE INVESTIGACIÓN,NO CUENTA CON CAUSA ESPECIFICA,2,1,0,0,1,0,1,0,0,0,1,2,0,2,49.5,42,57,0,0,0,0,0,0,NA,1,0,1,0,0,0,0,0,0,1,0,0,No,No,No,No
A-2022-04-235,2022-04-10,2022,4,Abril,domingo,14:30,14,Tarde,Sí,LIMA,LIMA,ATE,URBANA,-12.0296231,-76.9279576,ATROPELLO,1,0,1,No,No,AVENIDA,URBANO,NO CORRESPONDE,NA,NA,NA,NA,NA,EN PROCESO DE INVESTIGACIÓN,NO CUENTA CON CAUSA ESPECIFICA,3,1,0,2,2,0,1,0,0,0,1,3,0,0,NA,NA,NA,NA,NA,1,1,0,0,NA,2,0,1,0,1,0,0,1,0,2,0,0,No,No,Sí,No
A-2022-04-201,2022-04-13,2022,4,Abril,miércoles,16:00,16,Tarde,No,LIMA,LIMA,LA VICTORIA,URBANA,-12.075948,-77.02623,ATROPELLO,1,0,1,No,No,AVENIDA,URBANO,NO CORRESPONDE,NA,NA,NA,NA,NA,EN PROCESO DE INVESTIGACIÓN,NO CUENTA CON CAUSA ESPECIFICA,3,1,0,0,2,0,1,0,0,0,1,3,0,3,54.666666666666664,39,71,0,1,1,1,0,0,NA,2,0,0,0,2,0,0,2,0,2,0,0,No,No,Sí,No
A-2022-04-202,2022-04-13,2022,4,Abril,miércoles,23:30,23,Noche,No,LIMA,LIMA,PUENTE PIEDRA,URBANA,-11.861387,-77.078387,ATROPELLO,1,0,1,No,No,CARRETERA,NACIONAL,PE-1N,NA,NA,NA,NA,NA,EN PROCESO DE INVESTIGACIÓN,NO CUENTA CON CAUSA ESPECIFICA,2,1,0,0,1,0,1,0,0,0,1,2,0,2,35.5,34,37,0,0,0,0,0,0,NA,1,0,0,1,0,0,0,0,0,1,0,0,No,Sí,No,No
A-2022-04-236,2022-04-14,2022,4,Abril,jueves,00:04,0,Madrugada,No,LIMA,LIMA,COMAS,URBANA,-11.936698,-77.048753,DESPISTE,1,0,1,No,No,AVENIDA,URBANO,NO CORRESPONDE,NA,NA,NA,NA,NA,EN PROCESO DE INVESTIGACIÓN,NO CUENTA CON CAUSA ESPECIFICA,1,1,0,0,1,0,0,0,1,0,0,1,0,0,NA,NA,NA,NA,NA,0,0,0,0,NA,1,1,0,0,0,0,0,0,0,1,0,0,Sí,No,No,No
A-2022-04-237,2022-04-15,2022,4,Abril,viernes,04:45,4,Madrugada,No,LIMA,LIMA,LURIGANCHO,URBANA,-12.018346,-76.911652,CHOQUE,2,0,2,No,Sí,CARRETERA,NACIONAL,PE-22,NA,NA,NA,NA,NA,EN PROCESO DE INVESTIGACIÓN,NO CUENTA CON CAUSA ESPECIFICA,5,2,0,3,3,0,2,0,0,0,2,5,0,0,NA,NA,NA,NA,NA,0,0,0,0,NA,3,0,1,2,0,0,0,0,0,3,0,0,No,Sí,No,No
A-2022-04-238,2022-04-17,2022,4,Abril,domingo,02:10,2,Madrugada,Sí,LIMA,LIMA,LURIGANCHO,URBANA,-11.921435,-76.675836,ATROPELLO FUGA,1,0,1,No,No,CARRETERA,NACIONAL,PE-22,NA,NA,NA,NA,NA,EN PROCESO DE INVESTIGACIÓN,NO CUENTA CON CAUSA ESPECIFICA,2,1,0,0,1,0,1,0,0,0,1,2,0,0,NA,NA,NA,NA,NA,0,0,0,0,NA,1,0,0,0,0,0,1,0,0,0,0,1,No,No,No,Sí
A-2022-04-245,2022-04-17,2022,4,Abril,domingo,11:45,11,Mañana,Sí,LIMA,LIMA,SURQUILLO,URBANA,-12.111205,-77.02335,ATROPELLO,1,0,1,No,No,AVENIDA,URBANO,NO CORRESPONDE,NA,NA,NA,NA,NA,EN PROCESO DE INVESTIGACIÓN,NO CUENTA CON CAUSA ESPECIFICA,2,1,0,1,1,0,1,0,0,0,1,1,1,0,NA,NA,NA,NA,NA,0,0,0,0,NA,1,0,1,0,0,0,0,0,0,1,0,0,No,No,No,No
A-2022-04-246,2022-04-18,2022,4,Abril,lunes,01:20,1,Madrugada,No,LIMA,LIMA,LOS OLIVOS,URBANA,-11.937526,-77.071828,ATROPELLO,1,0,1,No,No,CARRETERA,NACIONAL,PE-1N,NA,NA,NA,NA,NA,EN PROCESO DE INVESTIGACIÓN,NO CUENTA CON CAUSA ESPECIFICA,2,1,0,1,1,0,1,0,0,0,1,2,0,0,NA,NA,NA,NA,NA,0,0,0,0,NA,1,0,1,0,0,0,0,0,0,1,0,0,No,No,No,No
A-2022-04-247,2022-04-19,2022,4,Abril,martes,10:30,10,Mañana,No,LIMA,LIMA,LA VICTORIA,URBANA,-12.0668456,-77.0052153,CAÍDA DE PASAJERO,1,0,1,No,No,AVENIDA,URBANO,NO CORRESPONDE,NA,NA,NA,NA,NA,EN PROCESO DE INVESTIGACIÓN,NO CUENTA CON CAUSA ESPECIFICA,2,1,0,1,1,1,0,0,0,1,0,2,0,0,NA,NA,NA,NA,NA,0,1,0,0,NA,1,0,0,0,1,0,0,1,0,1,0,0,No,No,Sí,No
A-2022-04-59,2022-04-19,2022,4,Abril,martes,22:00,22,Noche,No,CALLAO,CALLAO,CALLAO,URBANA,-11.942374412178227,-77.13127055456906,ATROPELLO FUGA,1,0,1,No,No,CARRETERA,NACIONAL,PE-20,DESPEJADO,COMERCIAL,TRAMO RECTO,PLANA,ASFALTADA,EN PROCESO DE INVESTIGACIÓN,NO CUENTA CON CAUSA ESPECIFICA,2,1,0,0,1,0,1,0,0,0,1,0,1,1,45,45,45,0,0,0,0,0,0,NA,1,0,0,0,0,0,1,0,0,0,0,1,No,No,No,Sí
A-2022-04-60,2022-04-20,2022,4,Abril,miércoles,04:55,4,Madrugada,No,CALLAO,CALLAO,CALLAO,URBANA,-12.054155073024663,-77.145566383695,DESPISTE,1,0,1,No,No,OTRO,URBANO,NO CORRESPONDE,DESPEJADO,INDUSTRIAL,TRAMO RECTO,PLANA,ASFALTADA,IMPRUDENCIA DEL CONDUCTOR,OTRO (IMPRUDENCIA DEL CONDUCTOR),1,1,0,0,1,0,0,0,1,0,0,1,0,1,74,74,74,0,1,0,1,0,0,NA,1,0,0,1,0,0,0,0,0,0,0,0,No,Sí,No,No
A-2022-04-248,2022-04-20,2022,4,Abril,miércoles,20:30,20,Noche,No,LIMA,LIMA,COMAS,URBANA,-11.9367113327829,-77.048712090667,DESPISTE,1,1,2,Sí,No,AVENIDA,URBANO,NO CORRESPONDE,NA,NA,NA,NA,NA,EN PROCESO DE INVESTIGACIÓN,NO CUENTA CON CAUSA ESPECIFICA,2,1,1,0,1,1,0,0,1,0,0,1,1,0,NA,NA,NA,NA,NA,0,0,0,0,NA,1,1,0,0,0,0,0,0,0,1,0,0,Sí,No,No,No
A-2022-04-249,2022-04-20,2022,4,Abril,miércoles,21:30,21,Noche,No,LIMA,LIMA,LURIGANCHO,URBANA,-11.985049,-76.93855,CHOQUE,1,0,1,No,No,CARRETERA,PROVINCIAL,LM-711,NA,NA,NA,NA,NA,EN PROCESO DE INVESTIGACIÓN,NO CUENTA CON CAUSA ESPECIFICA,2,1,0,1,2,0,0,0,1,0,0,2,0,0,NA,NA,NA,NA,NA,1,2,0,0,NA,2,1,1,0,0,0,0,0,0,2,0,0,Sí,No,No,No
A-2022-04-268,2022-04-21,2022,4,Abril,jueves,03:13,3,Madrugada,No,LIMA,LIMA,VILLA EL SALVADOR,RURAL,-12.23387967,-76.96018262,CHOQUE,1,1,2,Sí,No,CARRETERA,NACIONAL,PE-1S,DESPEJADO,INDUSTRIAL,TRAMO RECTO,PLANA,ASFALTADA,IMPRUDENCIA DEL CONDUCTOR,OTRO (IMPRUDENCIA DEL CONDUCTOR),2,1,1,0,2,0,0,0,1,0,0,2,0,2,30.5,26,35,0,0,0,0,0,0,NA,2,0,1,1,0,0,0,0,0,0,0,0,No,Sí,No,No
A-2022-04-250,2022-04-22,2022,4,Abril,viernes,00:03,0,Madrugada,No,LIMA,LIMA,RIMAC,URBANA,-12.027727,-77.040628,DESPISTE,1,0,1,No,No,AVENIDA,URBANO,NO CORRESPONDE,NA,NA,NA,NA,NA,EN PROCESO DE INVESTIGACIÓN,NO CUENTA CON CAUSA ESPECIFICA,1,1,0,0,1,0,0,0,1,0,0,1,0,0,NA,NA,NA,NA,NA,1,1,0,0,NA,1,1,0,0,0,0,0,0,0,1,0,0,Sí,No,No,No
A-2022-04-251,2022-04-22,2022,4,Abril,viernes,04:00,4,Madrugada,No,LIMA,LIMA,EL AGUSTINO,URBANA,-12.030099,-76.994874,VOLCADURA,1,0,1,No,No,CARRETERA,NACIONAL,PE-1N,NA,NA,NA,NA,NA,EN PROCESO DE INVESTIGACIÓN,NO CUENTA CON CAUSA ESPECIFICA,3,1,0,2,2,1,0,0,0,1,0,2,1,0,NA,NA,NA,NA,NA,0,0,0,0,NA,2,1,0,1,0,0,0,0,0,2,0,0,Sí,Sí,No,No
A-2022-04-252,2022-04-22,2022,4,Abril,viernes,11:45,11,Mañana,No,LIMA,LIMA,RIMAC,URBANA,-12.037505,-77.013085,CHOQUE,1,0,1,No,No,CARRETERA,NACIONAL,PE-1N,NA,NA,NA,NA,NA,EN PROCESO DE INVESTIGACIÓN,NO CUENTA CON CAUSA ESPECIFICA,2,1,0,1,2,0,0,0,1,0,0,2,0,0,NA,NA,NA,NA,NA,0,0,0,0,NA,2,1,0,1,0,0,0,0,0,2,0,0,Sí,Sí,No,No
A-2022-04-61,2022-04-22,2022,4,Abril,viernes,14:40,14,Tarde,No,CALLAO,CALLAO,CALLAO,URBANA,-11.97825375670512,-77.1251388585664,CHOQUE,1,0,1,No,No,CARRETERA,NACIONAL,PE-20,DESPEJADO,COMERCIAL,TRAMO RECTO,PLANA,ASFALTADA,IMPRUDENCIA DEL CONDUCTOR,NO DAR PASO PREFERENTE AL PEATÓN,2,1,0,1,2,0,0,0,1,0,0,2,0,2,47,36,58,0,0,0,0,0,0,NA,2,1,0,1,0,0,0,0,0,2,0,0,Sí,Sí,No,No
A-2022-04-254,2022-04-24,2022,4,Abril,domingo,05:20,5,Madrugada,Sí,LIMA,LIMA,COMAS,URBANA,-11.9301761,-77.04305123,CHOQUE,1,0,1,No,No,AVENIDA,URBANO,NO CORRESPONDE,NA,NA,NA,NA,NA,EN PROCESO DE INVESTIGACIÓN,NO CUENTA CON CAUSA ESPECIFICA,1,1,0,0,1,0,0,0,1,0,0,1,0,0,NA,NA,NA,NA,NA,0,0,0,0,NA,1,0,1,0,0,0,0,0,0,1,0,0,No,No,No,No
A-2022-04-255,2022-04-24,2022,4,Abril,domingo,06:30,6,Mañana,Sí,LIMA,LIMA,ATE,URBANA,-12.010227,-76.869461,ATROPELLO FUGA,1,0,1,No,No,CARRETERA,NACIONAL,PE-22,NA,NA,NA,NA,NA,EN PROCESO DE INVESTIGACIÓN,NO CUENTA CON CAUSA ESPECIFICA,2,1,0,0,1,0,1,0,0,0,1,2,0,0,NA,NA,NA,NA,NA,0,0,0,0,NA,1,0,0,0,0,0,1,0,0,1,0,0,No,No,No,No
A-2022-04-256,2022-04-24,2022,4,Abril,domingo,12:00,12,Tarde,Sí,LIMA,LIMA,PUENTE PIEDRA,URBANA,-11.8646526,-77.07386223,ATROPELLO FUGA,1,0,1,No,No,AVENIDA,URBANO,NO CORRESPONDE,NA,NA,NA,NA,NA,EN PROCESO DE INVESTIGACIÓN,NO CUENTA CON CAUSA ESPECIFICA,2,1,0,0,1,0,1,0,0,0,1,1,0,0,NA,NA,NA,NA,NA,0,0,0,0,NA,1,0,0,0,0,0,1,0,0,0,0,1,No,No,No,Sí
A-2022-04-257,2022-04-24,2022,4,Abril,domingo,15:30,15,Tarde,Sí,LIMA,LIMA,COMAS,URBANA,-11.9248181,-77.07283723,CHOQUE,1,0,1,No,No,CARRETERA,NACIONAL,PE-1N,NA,NA,NA,NA,NA,EN PROCESO DE INVESTIGACIÓN,NO CUENTA CON CAUSA ESPECIFICA,3,1,0,1,2,0,1,0,0,0,1,2,0,0,NA,NA,NA,NA,NA,0,0,0,0,NA,2,0,1,1,0,0,0,0,0,2,0,0,No,Sí,No,No
A-2022-04-259,2022-04-26,2022,4,Abril,martes,06:30,6,Mañana,No,LIMA,LIMA,LURIGANCHO,URBANA,-12.020773,-76.935817,ATROPELLO FUGA,1,0,1,No,No,CARRETERA,NACIONAL,PE-22,NA,NA,NA,NA,NA,EN PROCESO DE INVESTIGACIÓN,NO CUENTA CON CAUSA ESPECIFICA,2,1,0,0,1,0,1,0,0,0,1,0,0,0,NA,NA,NA,NA,NA,0,0,0,0,NA,1,0,0,0,0,0,1,0,0,0,0,1,No,No,No,Sí
A-2022-04-260,2022-04-26,2022,4,Abril,martes,10:20,10,Mañana,No,LIMA,LIMA,SURQUILLO,URBANA,-12.115687,-77.009914,CHOQUE,1,0,1,No,No,AVENIDA,URBANO,NO CORRESPONDE,NA,NA,NA,NA,NA,EN PROCESO DE INVESTIGACIÓN,NO CUENTA CON CAUSA ESPECIFICA,2,1,0,1,2,0,0,0,1,0,0,2,0,0,NA,NA,NA,NA,NA,1,1,0,0,NA,2,1,0,0,0,1,0,0,0,2,0,0,Sí,No,No,No
A-2022-04-203,2022-04-27,2022,4,Abril,miércoles,20:00,20,Noche,No,LIMA,LIMA,CARABAYLLO,URBANA,-11.872143,-77.01105,ATROPELLO,1,0,1,No,No,AVENIDA,URBANO,NO CORRESPONDE,NA,NA,NA,NA,NA,EN PROCESO DE INVESTIGACIÓN,NO CUENTA CON CAUSA ESPECIFICA,2,1,0,0,1,0,1,0,0,0,1,2,0,2,64.5,51,78,0,1,0,0,0,0,NA,1,1,0,0,0,0,0,0,0,1,0,0,Sí,No,No,No
A-2022-04-261,2022-04-28,2022,4,Abril,jueves,16:30,16,Tarde,No,LIMA,LIMA,LINCE,URBANA,-12.083654,-77.043243,CHOQUE,1,0,1,No,No,PASAJE,URBANO,NO CORRESPONDE,NA,NA,NA,NA,NA,EN PROCESO DE INVESTIGACIÓN,NO CUENTA CON CAUSA ESPECIFICA,2,1,0,1,2,0,0,0,1,0,0,2,0,0,NA,NA,NA,NA,NA,0,0,0,0,NA,2,1,0,0,1,0,0,1,0,2,0,0,Sí,No,Sí,No
A-2022-04-262,2022-04-28,2022,4,Abril,jueves,17:50,17,Tarde,No,LIMA,LIMA,LURIGANCHO,URBANA,-11.969253,-76.937386,CHOQUE,1,0,1,No,No,CARRETERA,PROVINCIAL,LM-711,NA,NA,NA,NA,NA,EN PROCESO DE INVESTIGACIÓN,NO CUENTA CON CAUSA ESPECIFICA,3,1,0,2,3,0,0,0,1,0,0,3,0,0,NA,NA,NA,NA,NA,0,1,0,0,NA,3,0,2,1,0,0,0,1,0,3,0,0,No,Sí,Sí,No
A-2022-04-263,2022-04-29,2022,4,Abril,viernes,17:00,17,Tarde,No,LIMA,LIMA,EL AGUSTINO,URBANA,-12.0300017597309,-76.9944029603122,DESPISTE,1,0,1,No,No,CARRETERA,NACIONAL,PE-1N,NA,NA,NA,NA,NA,EN PROCESO DE INVESTIGACIÓN,NO CUENTA CON CAUSA ESPECIFICA,2,1,0,1,2,0,0,0,1,0,0,1,0,0,NA,NA,NA,NA,NA,1,1,0,0,NA,2,1,0,1,0,0,0,0,0,2,0,0,Sí,Sí,No,No
A-2022-04-265,2022-04-29,2022,4,Abril,viernes,21:40,21,Noche,No,LIMA,LIMA,LURIGANCHO,URBANA,-11.930346,-76.691038,ATROPELLO,1,0,1,No,No,CARRETERA,NACIONAL,PE-22,NA,NA,NA,NA,NA,EN PROCESO DE INVESTIGACIÓN,NO CUENTA CON CAUSA ESPECIFICA,2,1,0,1,1,0,1,0,0,0,1,2,0,0,NA,NA,NA,NA,NA,0,1,0,0,NA,1,1,0,0,0,0,0,0,0,1,0,0,Sí,No,No,No
A-2022-04-266,2022-04-30,2022,4,Abril,sábado,18:45,18,Noche,Sí,LIMA,LIMA,PUNTA NEGRA,URBANA,-12.36425,-76.792136,ATROPELLO,1,0,1,No,No,CARRETERA,NACIONAL,PE-1S,NA,NA,NA,NA,NA,EN PROCESO DE INVESTIGACIÓN,NO CUENTA CON CAUSA ESPECIFICA,2,1,0,1,1,0,1,0,0,0,1,2,0,0,NA,NA,NA,NA,NA,0,0,0,0,NA,1,0,0,1,0,0,0,0,0,1,0,0,No,Sí,No,No
A-2022-05-203,2022-05-02,2022,5,Mayo,lunes,15:30,15,Tarde,No,LIMA,LIMA,LOS OLIVOS,URBANA,-12.012219,-77.078756795,ATROPELLO,1,0,1,No,No,AVENIDA,URBANO,NO CORRESPONDE,DESPEJADO,COMERCIAL,TRAMO RECTO,PLANA,ASFALTADA,EN PROCESO DE INVESTIGACIÓN,NO CUENTA CON CAUSA ESPECIFICA,2,1,0,1,1,0,1,0,0,0,1,2,0,2,58,44,72,0,1,0,0,1,0,No,1,0,0,1,0,0,0,0,1,0,0,0,No,Sí,No,No
A-2022-05-204,2022-05-02,2022,5,Mayo,lunes,15:55,15,Tarde,No,LIMA,LIMA,SANTA ANITA,URBANA,-12.040892,-76.961945,DESPISTE,1,0,1,No,No,AVENIDA,URBANO,NO CORRESPONDE,DESPEJADO,RESIDENCIAL,TRAMO RECTO,PLANA,ASFALTADA,EN PROCESO DE INVESTIGACIÓN,NO CUENTA CON CAUSA ESPECIFICA,2,1,0,1,2,0,0,0,1,0,0,2,0,2,25.5,19,32,0,0,1,2,2,0,No,2,1,1,0,0,0,0,0,2,0,0,0,Sí,No,No,No
A-2022-05-223,2022-05-04,2022,5,Mayo,miércoles,15:30,15,Tarde,No,CALLAO,CALLAO,VENTANILLA,URBANA,-11.9031767,-77.130385417,ATROPELLO,1,0,1,No,No,CARRETERA,SIN CLASIFICAR,SIN CLASIFICAR,DESPEJADO,INDUSTRIAL,SINUOSA,INCLINADA,AFIRMADO,IMPRUDENCIA DEL CONDUCTOR,FATIGA Y/O CANSANCIO,2,1,0,1,1,0,1,0,0,0,1,2,0,2,43,38,48,0,0,0,0,0,0,NA,1,0,0,1,0,0,0,0,0,0,0,0,No,Sí,No,No
A-2022-05-220,2022-05-04,2022,5,Mayo,miércoles,20:48,20,Noche,No,CALLAO,CALLAO,CALLAO,URBANA,-12.053316673590334,-77.1339958472227,ATROPELLO,1,0,1,No,No,AVENIDA,URBANO,NO CORRESPONDE,DESPEJADO,COMERCIAL,TRAMO RECTO,PLANA,ASFALTADA,NEGLIGENCIA DEL CONDUCTOR,OTRO (NEGLIGENCIA DEL CONDUCTOR),2,1,0,1,1,0,1,0,0,0,1,2,0,2,43.5,20,67,0,1,1,1,0,0,NA,1,1,0,0,0,0,0,0,0,1,0,0,Sí,No,No,No
A-2022-05-206,2022-05-06,2022,5,Mayo,viernes,13:00,13,Tarde,No,LIMA,LIMA,SAN JUAN DE LURIGANCHO,URBANA,-11.932928,-76.9689526,ATROPELLO,1,0,1,No,No,AVENIDA,URBANO,NO CORRESPONDE,SOLEADO,INDUSTRIAL,TRAMO RECTO,PLANA,ASFALTADA,EN PROCESO DE INVESTIGACIÓN,NO CUENTA CON CAUSA ESPECIFICA,2,1,0,1,1,0,1,0,0,0,1,2,0,2,22.5,22,23,0,0,1,1,1,0,No,1,0,0,0,1,0,0,1,1,0,0,0,No,No,Sí,No
A-2022-05-207,2022-05-06,2022,5,Mayo,viernes,20:16,20,Noche,No,LIMA,LIMA,SAN MARTIN DE PORRES,URBANA,-12.0317643,-77.06835133,ATROPELLO,1,0,1,No,No,AVENIDA,URBANO,NO CORRESPONDE,DESPEJADO,COMERCIAL,TRAMO RECTO,PLANA,ASFALTADA,EN PROCESO DE INVESTIGACIÓN,NO CUENTA CON CAUSA ESPECIFICA,2,1,0,1,1,0,1,0,0,0,1,2,0,2,52,20,84,0,1,0,0,1,0,No,1,1,0,0,0,0,0,0,0,0,0,0,Sí,No,No,No
A-2022-05-208,2022-05-07,2022,5,Mayo,sábado,04:30,4,Madrugada,Sí,LIMA,LIMA,SANTIAGO DE SURCO,URBANA,-12.083798,-76.980095,ATROPELLO FUGA,1,0,1,No,No,AVENIDA,URBANO,NO CORRESPONDE,DESPEJADO,COMERCIAL,TRAMO RECTO,PLANA,ASFALTADA,EN PROCESO DE INVESTIGACIÓN,NO CUENTA CON CAUSA ESPECIFICA,2,1,0,1,1,0,1,0,0,0,1,2,0,1,57,57,57,0,0,0,0,1,0,No,1,0,1,0,0,0,0,0,0,0,0,0,No,No,No,No
A-2022-05-210,2022-05-08,2022,5,Mayo,domingo,02:30,2,Madrugada,Sí,LIMA,LIMA,LA VICTORIA,URBANA,-12.081611,-77.017685,ATROPELLO,1,0,1,No,No,AVENIDA,URBANO,NO CORRESPONDE,DESPEJADO,COMERCIAL,INTERSECCIÓN,PLANA,ASFALTADA,EN PROCESO DE INVESTIGACIÓN,NO CUENTA CON CAUSA ESPECIFICA,2,1,0,1,1,0,1,0,0,0,1,2,0,2,50.5,46,55,0,0,0,1,1,0,No,1,0,1,0,0,0,0,0,0,0,0,0,No,No,No,No
A-2022-05-209,2022-05-08,2022,5,Mayo,domingo,12:45,12,Tarde,Sí,LIMA,LIMA,COMAS,URBANA,-11.964631,-77.055373,ATROPELLO FUGA,1,0,1,No,No,AVENIDA,URBANO,NO CORRESPONDE,DESPEJADO,COMERCIAL,TRAMO RECTO,PLANA,ASFALTADA,EN PROCESO DE INVESTIGACIÓN,NO CUENTA CON CAUSA ESPECIFICA,2,1,0,0,1,0,1,0,0,0,1,1,0,1,33,33,33,0,0,0,0,0,0,NA,1,0,1,0,0,0,0,0,0,0,0,0,No,No,No,No
A-2022-05-211,2022-05-09,2022,5,Mayo,lunes,01:30,1,Madrugada,No,LIMA,LIMA,SAN BARTOLO,URBANA,-12.386021,-76.769327,CHOQUE FUGA,1,1,2,Sí,No,CARRETERA,NACIONAL,PE-1S,DESPEJADO,INDUSTRIAL,PUENTE,PLANA,ASFALTADA,EN PROCESO DE INVESTIGACIÓN,NO CUENTA CON CAUSA ESPECIFICA,3,1,1,0,2,1,0,0,0,1,0,2,1,3,41.666666666666664,34,48,0,0,0,0,1,0,No,2,0,2,0,0,0,0,0,0,0,0,0,No,No,No,No
A-2022-05-213,2022-05-12,2022,5,Mayo,jueves,22:46,22,Noche,No,LIMA,LIMA,SAN JUAN DE LURIGANCHO,URBANA,-11.984402,-77.015373,ATROPELLO,1,0,1,No,No,AVENIDA,URBANO,NO CORRESPONDE,NA,NA,NA,NA,NA,EN PROCESO DE INVESTIGACIÓN,NO CUENTA CON CAUSA ESPECIFICA,2,1,0,1,1,0,1,0,0,0,1,2,0,2,47.5,39,56,0,0,0,1,0,0,NA,1,0,0,0,1,0,0,0,0,1,0,0,No,No,No,No
A-2022-05-215,2022-05-13,2022,5,Mayo,viernes,05:30,5,Madrugada,No,LIMA,LIMA,LURIGANCHO,URBANA,-12.0193984,-76.9187015,ATROPELLO,1,0,1,No,No,AVENIDA,URBANO,NO CORRESPONDE,NA,NA,NA,NA,NA,EN PROCESO DE INVESTIGACIÓN,NO CUENTA CON CAUSA ESPECIFICA,2,1,0,1,1,0,1,0,0,0,1,2,0,2,38,30,46,0,0,0,0,0,0,NA,1,0,0,1,0,0,0,0,0,0,1,0,No,Sí,No,No
A-2022-05-67,2022-05-13,2022,5,Mayo,viernes,13:20,13,Tarde,No,CALLAO,CALLAO,CALLAO,URBANA,-12.049602371925685,-77.11083950430451,ATROPELLO,1,0,1,No,No,AVENIDA,URBANO,NO CORRESPONDE,DESPEJADO,INDUSTRIAL,TRAMO RECTO,PLANA,ASFALTADA,IMPRUDENCIA DEL PEATÓN,OTRO (IMPRUDENCIA DEL PEATÓN),2,1,0,1,1,0,1,0,0,0,1,1,1,2,26.5,13,40,1,0,0,0,0,0,NA,1,0,0,1,0,0,0,0,0,0,0,0,No,Sí,No,No
A-2022-05-257,2022-05-14,2022,5,Mayo,sábado,12:30,12,Tarde,Sí,LIMA,LIMA,SANTIAGO DE SURCO,URBANA,-12.1283137,-76.9951014,ATROPELLO,1,0,1,No,No,AVENIDA,URBANO,NO CORRESPONDE,NA,NA,NA,NA,NA,EN PROCESO DE INVESTIGACIÓN,NO CUENTA CON CAUSA ESPECIFICA,2,1,0,1,1,0,1,0,0,0,1,1,1,0,NA,NA,NA,NA,NA,0,0,0,0,NA,1,1,0,0,0,0,0,0,0,1,0,0,Sí,No,No,No
A-2022-05-258,2022-05-15,2022,5,Mayo,domingo,20:20,20,Noche,Sí,LIMA,LIMA,CHORRILLOS,URBANA,-12.160096,-77.018885,CHOQUE,1,1,2,Sí,No,AVENIDA,URBANO,NO CORRESPONDE,NA,NA,NA,NA,NA,EN PROCESO DE INVESTIGACIÓN,NO CUENTA CON CAUSA ESPECIFICA,2,1,1,0,1,1,0,0,1,0,0,2,0,0,NA,NA,NA,NA,NA,0,0,0,0,NA,1,1,0,0,0,0,0,0,0,1,0,0,Sí,No,No,No
A-2022-05-259,2022-05-16,2022,5,Mayo,lunes,10:20,10,Mañana,No,LIMA,LIMA,CARABAYLLO,URBANA,-11.8436756,-77.0425209,CHOQUE,1,0,1,No,No,AVENIDA,URBANO,NO CORRESPONDE,NA,NA,NA,NA,NA,EN PROCESO DE INVESTIGACIÓN,NO CUENTA CON CAUSA ESPECIFICA,2,1,0,1,2,0,0,0,1,0,0,1,1,0,NA,NA,NA,NA,NA,0,0,0,0,NA,2,1,0,1,0,0,0,0,0,2,0,0,Sí,Sí,No,No
A-2022-05-196,2022-05-17,2022,5,Mayo,martes,02:40,2,Madrugada,No,LIMA,LIMA,RIMAC,URBANA,-12.033891052582717,-77.0258339565766,ESPECIAL,1,0,1,No,No,ALAMEDA,URBANO,NO CORRESPONDE,DESPEJADO,RESIDENCIAL,TRAMO RECTO,PLANA,ASFALTADA,EN PROCESO DE INVESTIGACIÓN,NO CUENTA CON CAUSA ESPECIFICA,2,1,0,0,1,1,0,0,0,1,0,0,1,0,NA,NA,NA,NA,NA,0,0,0,0,NA,1,0,0,0,0,0,1,0,0,0,0,1,No,No,No,Sí
A-2022-05-260,2022-05-18,2022,5,Mayo,miércoles,05:40,5,Madrugada,No,LIMA,LIMA,SAN JUAN DE LURIGANCHO,URBANA,-11.97259,-76.99189,ATROPELLO FUGA,1,0,1,No,No,AVENIDA,URBANO,NO CORRESPONDE,NA,NA,NA,NA,NA,EN PROCESO DE INVESTIGACIÓN,NO CUENTA CON CAUSA ESPECIFICA,2,1,0,0,1,0,1,0,0,0,1,0,0,0,NA,NA,NA,NA,NA,0,0,0,0,NA,1,0,0,0,0,0,1,0,0,0,0,1,No,No,No,Sí
A-2022-05-261,2022-05-22,2022,5,Mayo,domingo,10:00,10,Mañana,Sí,LIMA,LIMA,COMAS,URBANA,-11.9472089,-77.06073543,DESPISTE,1,0,1,No,No,AVENIDA,URBANO,NO CORRESPONDE,NA,NA,NA,NA,NA,EN PROCESO DE INVESTIGACIÓN,NO CUENTA CON CAUSA ESPECIFICA,2,1,0,1,1,0,1,0,0,0,1,1,1,0,NA,NA,NA,NA,NA,0,0,0,0,NA,1,0,1,0,0,0,0,0,0,1,0,0,No,No,No,No
A-2022-05-262,2022-05-23,2022,5,Mayo,lunes,19:30,19,Noche,No,LIMA,LIMA,LOS OLIVOS,URBANA,-11.9769816,-77.0724298,ATROPELLO,1,0,1,No,No,AVENIDA,URBANO,NO CORRESPONDE,NA,NA,NA,NA,NA,EN PROCESO DE INVESTIGACIÓN,NO CUENTA CON CAUSA ESPECIFICA,2,1,0,1,1,0,1,0,0,0,1,2,0,0,NA,NA,NA,NA,NA,0,0,0,0,NA,1,0,1,0,0,0,0,0,0,1,0,0,No,No,No,No
A-2022-05-197,2022-05-23,2022,5,Mayo,lunes,23:00,23,Noche,No,LIMA,LIMA,PACHACAMAC,URBANA,-12.101234771981082,-76.87805603670515,ATROPELLO,1,0,1,No,No,CARRETERA,PROVINCIAL,LM-796,DESPEJADO,ESCOLAR,TRAMO RECTO,PLANA,ASFALTADA,EN PROCESO DE INVESTIGACIÓN,NO CUENTA CON CAUSA ESPECIFICA,2,1,0,0,1,0,1,0,0,0,1,0,0,0,NA,NA,NA,NA,NA,0,0,0,0,NA,1,0,0,0,0,0,1,0,0,0,0,1,No,No,No,Sí
A-2022-05-263,2022-05-24,2022,5,Mayo,martes,05:40,5,Madrugada,No,LIMA,LIMA,ATE,URBANA,-12.0311476643002,-76.8921089147878,CHOQUE FUGA,1,0,1,No,No,CARRETERA,PROVINCIAL,LM-718,NA,NA,NA,NA,NA,EN PROCESO DE INVESTIGACIÓN,NO CUENTA CON CAUSA ESPECIFICA,2,1,0,0,2,0,0,0,1,0,0,1,0,0,NA,NA,NA,NA,NA,0,0,0,0,NA,2,1,0,0,0,0,1,0,0,0,0,1,Sí,No,No,Sí
A-2022-05-264,2022-05-26,2022,5,Mayo,jueves,09:50,9,Mañana,No,LIMA,LIMA,SAN JUAN DE LURIGANCHO,URBANA,-11.963306,-77.008072,CHOQUE,1,0,1,No,No,AVENIDA,URBANO,NO CORRESPONDE,NA,NA,NA,NA,NA,EN PROCESO DE INVESTIGACIÓN,NO CUENTA CON CAUSA ESPECIFICA,2,1,0,1,2,0,0,0,1,0,0,2,0,0,NA,NA,NA,NA,NA,0,0,0,0,NA,2,1,0,1,0,0,0,0,0,2,0,0,Sí,Sí,No,No
A-2022-05-265,2022-05-27,2022,5,Mayo,viernes,06:15,6,Mañana,No,LIMA,LIMA,SAN JUAN DE MIRAFLORES,URBANA,-12.18605,-76.97927,CHOQUE FUGA,1,1,2,Sí,No,AVENIDA,URBANO,NO CORRESPONDE,NA,NA,NA,NA,NA,EN PROCESO DE INVESTIGACIÓN,NO CUENTA CON CAUSA ESPECIFICA,3,1,1,0,2,1,0,0,0,1,0,1,1,0,NA,NA,NA,NA,NA,0,0,0,0,NA,2,1,0,0,0,0,1,0,0,0,0,1,Sí,No,No,Sí
A-2022-05-266,2022-05-28,2022,5,Mayo,sábado,16:40,16,Tarde,Sí,LIMA,LIMA,LURIN,URBANA,-12.27257,-76.873766,CHOQUE,1,0,1,No,No,CARRETERA,PROVINCIAL,LM-797,NA,NA,NA,NA,NA,EN PROCESO DE INVESTIGACIÓN,NO CUENTA CON CAUSA ESPECIFICA,2,1,0,0,2,0,0,0,1,0,0,2,0,0,NA,NA,NA,NA,NA,0,0,0,0,NA,2,0,2,0,0,0,0,0,0,2,0,0,No,No,No,No
A-2022-05-267,2022-05-30,2022,5,Mayo,lunes,05:30,5,Madrugada,No,LIMA,LIMA,LURIN,URBANA,-12.2535,-76.9012,CHOQUE FUGA,1,0,1,No,No,AVENIDA,URBANO,NO CORRESPONDE,NA,NA,NA,NA,NA,EN PROCESO DE INVESTIGACIÓN,NO CUENTA CON CAUSA ESPECIFICA,3,1,0,1,2,1,0,0,0,1,0,2,0,0,NA,NA,NA,NA,NA,0,0,0,0,NA,2,1,0,0,0,0,1,0,0,0,0,1,Sí,No,No,Sí
A-2022-05-167,2022-05-30,2022,5,Mayo,lunes,06:00,6,Mañana,No,CALLAO,CALLAO,CALLAO,URBANA,-11.996399401372072,-77.12622202581116,ATROPELLO,1,0,1,No,No,CARRETERA,NACIONAL,PE-20,DESPEJADO,INDUSTRIAL,TRAMO RECTO,PLANA,ASFALTADA,IMPRUDENCIA DEL CONDUCTOR,EXCESO DE VELOCIDAD,2,1,0,1,1,0,1,0,0,0,1,2,0,2,64.5,62,67,0,2,0,0,0,0,NA,1,0,1,0,0,0,0,0,0,0,0,0,No,No,No,No
A-2022-05-268,2022-05-31,2022,5,Mayo,martes,13:00,13,Tarde,No,LIMA,LIMA,LOS OLIVOS,URBANA,-11.933205,-77.080474,ATROPELLO,1,0,1,No,No,AVENIDA,URBANO,NO CORRESPONDE,NA,NA,NA,NA,NA,EN PROCESO DE INVESTIGACIÓN,NO CUENTA CON CAUSA ESPECIFICA,2,1,0,1,1,0,1,0,0,0,1,1,0,0,NA,NA,NA,NA,NA,0,0,0,0,NA,1,1,0,0,0,0,0,0,0,1,0,0,Sí,No,No,No
A-2022-06-260,2022-06-01,2022,6,Junio,miércoles,07:00,7,Mañana,No,LIMA,LIMA,VILLA MARIA DEL TRIUNFO,URBANA,-12.16071,-76.94065,ATROPELLO,1,0,1,No,No,AVENIDA,URBANO,NO CORRESPONDE,NA,NA,NA,NA,NA,EN PROCESO DE INVESTIGACIÓN,NO CUENTA CON CAUSA ESPECIFICA,2,1,0,1,1,0,1,0,0,0,1,1,1,0,NA,NA,NA,NA,NA,1,1,0,0,NA,1,1,0,0,0,0,0,0,0,1,0,0,Sí,No,No,No
A-2022-06-262,2022-06-01,2022,6,Junio,miércoles,11:40,11,Mañana,No,LIMA,LIMA,VILLA MARIA DEL TRIUNFO,URBANA,-12.167059848818957,-76.9499128271913,DESPISTE,1,0,1,No,No,AVENIDA,URBANO,NO CORRESPONDE,NA,NA,NA,NA,NA,EN PROCESO DE INVESTIGACIÓN,NO CUENTA CON CAUSA ESPECIFICA,2,1,0,1,1,1,0,0,0,1,0,1,1,0,NA,NA,NA,NA,NA,0,1,0,0,NA,1,1,0,0,0,0,0,0,0,1,0,0,Sí,No,No,No
A-2022-06-261,2022-06-01,2022,6,Junio,miércoles,13:30,13,Tarde,No,LIMA,LIMA,SAN MARTIN DE PORRES,URBANA,-12.023962,-77.080476,ATROPELLO,1,0,1,No,No,AVENIDA,URBANO,NO CORRESPONDE,NA,NA,NA,NA,NA,EN PROCESO DE INVESTIGACIÓN,NO CUENTA CON CAUSA ESPECIFICA,2,1,0,1,1,0,1,0,0,0,1,2,0,0,NA,NA,NA,NA,NA,0,0,0,0,NA,1,0,0,1,0,0,0,0,0,1,0,0,No,Sí,No,No
A-2022-06-263,2022-06-02,2022,6,Junio,jueves,18:10,18,Noche,No,LIMA,LIMA,VILLA EL SALVADOR,URBANA,-12.195384061606628,-76.95906453254018,ATROPELLO,1,0,1,No,No,AVENIDA,URBANO,NO CORRESPONDE,NA,NA,NA,NA,NA,EN PROCESO DE INVESTIGACIÓN,NO CUENTA CON CAUSA ESPECIFICA,2,1,0,1,1,0,1,0,0,0,1,1,1,0,NA,NA,NA,NA,NA,0,0,0,0,NA,1,0,1,0,0,0,0,0,0,1,0,0,No,No,No,No
A-2022-06-216,2022-06-05,2022,6,Junio,domingo,03:00,3,Madrugada,Sí,LIMA,LIMA,CHORRILLOS,URBANA,-12.195909865191556,-77.00061983499798,CHOQUE,1,1,2,Sí,No,AVENIDA,URBANO,NO CORRESPONDE,DESPEJADO,COMERCIAL,CURVA,PLANA,ASFALTADA,EN PROCESO DE INVESTIGACIÓN,NO CUENTA CON CAUSA ESPECIFICA,2,1,1,0,2,0,0,0,1,0,0,2,0,2,28,24,32,0,0,1,1,0,0,NA,2,1,1,0,0,0,0,0,0,0,0,0,Sí,No,No,No
A-2022-06-215,2022-06-05,2022,6,Junio,domingo,08:00,8,Mañana,Sí,LIMA,LIMA,CARABAYLLO,URBANA,-11.8809297,-77.02161,DESPISTE,1,1,2,Sí,No,AVENIDA,URBANO,NO CORRESPONDE,DESPEJADO,ESCOLAR,TRAMO RECTO,PLANA,ASFALTADA,EN PROCESO DE INVESTIGACIÓN,NO CUENTA CON CAUSA ESPECIFICA,3,1,1,1,1,0,2,0,0,0,1,1,2,3,40.333333333333336,36,48,0,0,0,0,0,0,NA,1,0,1,0,0,0,0,0,0,0,0,0,No,No,No,No
A-2022-06-217,2022-06-05,2022,6,Junio,domingo,12:00,12,Tarde,Sí,LIMA,LIMA,ATE,URBANA,-12.022756096625134,-76.91190355430972,CHOQUE,1,1,2,Sí,No,AVENIDA,URBANO,NO CORRESPONDE,DESPEJADO,COMERCIAL,TRAMO RECTO,PLANA,TROCHA,EN PROCESO DE INVESTIGACIÓN,NO CUENTA CON CAUSA ESPECIFICA,4,1,1,2,2,2,0,0,0,1,0,3,1,4,20,1,29,1,0,0,0,0,0,NA,2,0,2,0,0,0,0,0,0,0,0,0,No,No,No,No
A-2022-06-264,2022-06-06,2022,6,Junio,lunes,09:15,9,Mañana,No,LIMA,LIMA,SANTIAGO DE SURCO,URBANA,-12.131478,-76.999405,ATROPELLO,1,0,1,No,No,AVENIDA,URBANO,NO CORRESPONDE,NA,NA,NA,NA,NA,EN PROCESO DE INVESTIGACIÓN,NO CUENTA CON CAUSA ESPECIFICA,2,1,0,1,1,0,1,0,0,0,1,1,1,0,NA,NA,NA,NA,NA,0,0,0,0,NA,1,0,0,0,1,0,0,1,0,1,0,0,No,No,Sí,No
A-2022-06-214,2022-06-06,2022,6,Junio,lunes,09:45,9,Mañana,No,LIMA,LIMA,SAN JUAN DE LURIGANCHO,RURAL,-11.883623699527787,-76.95503377748341,ATROPELLO,1,0,1,No,No,CARRETERA,PROVINCIAL,LM-711,DESPEJADO,RURAL,TRAMO RECTO,PLANA,ASFALTADA,EN PROCESO DE INVESTIGACIÓN,NO CUENTA CON CAUSA ESPECIFICA,2,1,0,1,1,0,1,0,0,0,1,1,1,2,61,43,79,0,1,0,0,0,0,NA,1,0,0,0,1,0,0,1,0,0,0,0,No,No,Sí,No
A-2022-06-94,2022-06-07,2022,6,Junio,martes,17:30,17,Tarde,No,CALLAO,CALLAO,CALLAO,URBANA,-12.031659682711798,-77.12741864082965,ATROPELLO,1,0,1,No,No,CARRETERA,NACIONAL,PE-20,DESPEJADO,INDUSTRIAL,TRAMO RECTO,PLANA,ASFALTADA,IMPRUDENCIA DEL PEATÓN,CRUCE INDEBIDO POR LA CALZADA,2,1,0,1,1,0,1,0,0,0,1,2,0,2,41,33,49,0,0,0,0,0,0,NA,1,0,0,1,0,0,0,0,0,0,0,0,No,Sí,No,No
A-2022-06-213,2022-06-07,2022,6,Junio,martes,19:45,19,Noche,No,LIMA,LIMA,CIENEGUILLA,URBANA,-12.100449208387403,-76.79225496039615,DESPISTE,1,1,2,Sí,No,CARRETERA,DEPARTAMENTAL,LM-117,DESPEJADO,RURAL,TRAMO RECTO,PLANA,ASFALTADA,EN PROCESO DE INVESTIGACIÓN,NO CUENTA CON CAUSA ESPECIFICA,2,1,1,0,1,1,0,0,0,1,0,1,1,2,29.5,29,30,0,0,1,1,0,0,NA,1,0,0,0,0,0,0,0,0,1,0,0,No,No,No,No
A-2022-06-212,2022-06-09,2022,6,Junio,jueves,15:30,15,Tarde,No,LIMA,LIMA,LA VICTORIA,URBANA,-12.065613373152543,-77.00441832552427,CHOQUE,1,1,2,Sí,No,AVENIDA,URBANO,NO CORRESPONDE,DESPEJADO,COMERCIAL,TRAMO RECTO,PLANA,ASFALTADA,EN PROCESO DE INVESTIGACIÓN,NO CUENTA CON CAUSA ESPECIFICA,3,1,1,1,2,1,0,0,1,0,0,2,1,3,37,25,44,0,0,0,1,0,0,NA,2,2,0,0,0,0,0,1,0,2,0,0,Sí,No,Sí,No
A-2022-06-211,2022-06-16,2022,6,Junio,jueves,01:30,1,Madrugada,No,LIMA,LIMA,LIMA,URBANA,-12.046333953794335,-77.03760797824974,ATROPELLO,1,0,1,No,No,AVENIDA,URBANO,NO CORRESPONDE,DESPEJADO,COMERCIAL,INTERSECCIÓN,PLANA,ASFALTADA,EN PROCESO DE INVESTIGACIÓN,NO CUENTA CON CAUSA ESPECIFICA,2,1,0,1,1,0,1,0,0,0,1,2,0,1,39,39,39,0,0,0,0,0,0,NA,1,0,1,0,0,0,0,0,0,0,0,0,No,No,No,No
A-2022-06-210,2022-06-16,2022,6,Junio,jueves,09:00,9,Mañana,No,LIMA,LIMA,VILLA EL SALVADOR,URBANA,-12.217266315033719,-76.95483501942381,ATROPELLO,1,0,1,No,No,AVENIDA,URBANO,NO CORRESPONDE,DESPEJADO,INDUSTRIAL,INTERSECCIÓN,PLANA,ASFALTADA,EN PROCESO DE INVESTIGACIÓN,NO CUENTA CON CAUSA ESPECIFICA,2,1,0,1,1,0,1,0,0,0,1,2,0,2,60.5,38,83,0,1,0,1,0,0,NA,1,0,1,0,0,0,0,1,1,0,1,0,No,No,Sí,No
A-2022-06-209,2022-06-17,2022,6,Junio,viernes,03:00,3,Madrugada,No,LIMA,LIMA,LA VICTORIA,URBANA,-12.068372708633627,-77.00970762382875,ATROPELLO,1,0,1,No,No,JIRÓN,URBANO,NO CORRESPONDE,DESPEJADO,COMERCIAL,TRAMO RECTO,PLANA,ASFALTADA,EN PROCESO DE INVESTIGACIÓN,NO CUENTA CON CAUSA ESPECIFICA,2,1,0,1,1,0,1,0,0,0,1,2,0,1,66,66,66,0,1,0,0,0,0,NA,1,0,0,1,0,0,0,0,0,0,0,0,No,Sí,No,No
A-2022-06-206,2022-06-18,2022,6,Junio,sábado,06:15,6,Mañana,Sí,LIMA,LIMA,ANCON,URBANA,-11.783713693158605,-77.15584501205656,CHOQUE,1,1,2,Sí,No,CARRETERA,NACIONAL,PE-1N,DESPEJADO,INDUSTRIAL,TRAMO RECTO,PLANA,ASFALTADA,EN PROCESO DE INVESTIGACIÓN,NO CUENTA CON CAUSA ESPECIFICA,3,1,1,1,2,1,0,0,1,0,0,3,0,3,32.666666666666664,25,44,0,0,0,0,0,0,NA,2,1,1,0,0,0,0,0,2,0,0,0,Sí,No,No,No
A-2022-06-205,2022-06-18,2022,6,Junio,sábado,09:00,9,Mañana,Sí,LIMA,LIMA,SAN MARTIN DE PORRES,URBANA,-12.024429804425798,-77.05142673371772,ATROPELLO,1,0,1,No,No,AVENIDA,URBANO,NO CORRESPONDE,DESPEJADO,COMERCIAL,TRAMO RECTO,PLANA,ASFALTADA,EN PROCESO DE INVESTIGACIÓN,NO CUENTA CON CAUSA ESPECIFICA,2,1,0,1,1,0,1,0,0,0,1,2,0,2,67,51,83,0,1,0,0,0,0,NA,1,0,0,0,1,0,0,1,0,0,1,0,No,No,Sí,No
A-2022-06-207,2022-06-18,2022,6,Junio,sábado,20:20,20,Noche,Sí,LIMA,LIMA,SANTA ANITA,URBANA,-12.036155960337483,-76.9605749077203,ATROPELLO,1,0,1,No,No,AVENIDA,URBANO,NO CORRESPONDE,DESPEJADO,COMERCIAL,TRAMO RECTO,PLANA,ASFALTADA,EN PROCESO DE INVESTIGACIÓN,NO CUENTA CON CAUSA ESPECIFICA,2,1,0,1,1,0,1,0,0,0,1,2,0,2,58.5,44,73,0,1,0,0,0,0,NA,1,0,1,0,0,0,0,0,1,0,1,0,No,No,No,No
A-2022-06-208,2022-06-18,2022,6,Junio,sábado,23:00,23,Noche,Sí,LIMA,LIMA,SAN JUAN DE LURIGANCHO,URBANA,-12.016034926909466,-76.96553167222483,ATROPELLO,1,0,1,No,No,AVENIDA,URBANO,NO CORRESPONDE,DESPEJADO,COMERCIAL,INTERSECCIÓN,PLANA,ASFALTADA,EN PROCESO DE INVESTIGACIÓN,NO CUENTA CON CAUSA ESPECIFICA,2,1,0,1,1,0,1,0,0,0,1,2,0,1,28,28,28,0,0,0,0,0,0,NA,1,0,1,0,0,0,0,0,0,0,0,0,No,No,No,No
A-2022-06-204,2022-06-19,2022,6,Junio,domingo,03:00,3,Madrugada,Sí,LIMA,LIMA,LURIGANCHO,URBANA,-12.021297496382838,-76.92534142797355,ATROPELLO FUGA,1,0,1,No,No,CARRETERA,NACIONAL,PE-22,DESPEJADO,COMERCIAL,CURVA,PLANA,ASFALTADA,EN PROCESO DE INVESTIGACIÓN,NO CUENTA CON CAUSA ESPECIFICA,2,1,0,0,1,0,1,0,0,0,1,1,0,0,NA,NA,NA,NA,NA,0,0,0,0,NA,1,0,0,0,0,0,1,0,0,0,0,1,No,No,No,Sí
A-2022-06-203,2022-06-19,2022,6,Junio,domingo,06:00,6,Mañana,Sí,LIMA,LIMA,LA VICTORIA,URBANA,-12.064422548495145,-77.02776426791546,ATROPELLO FUGA,1,0,1,No,No,AVENIDA,URBANO,NO CORRESPONDE,DESPEJADO,COMERCIAL,INTERSECCIÓN,PLANA,ASFALTADA,EN PROCESO DE INVESTIGACIÓN,NO CUENTA CON CAUSA ESPECIFICA,2,1,0,0,1,0,1,0,0,0,1,1,0,1,65,65,65,0,1,0,0,0,0,NA,1,0,0,0,0,0,1,0,0,0,0,1,No,No,No,Sí
A-2022-06-202,2022-06-19,2022,6,Junio,domingo,22:50,22,Noche,Sí,LIMA,LIMA,PUENTE PIEDRA,URBANA,-11.848859643195157,-77.09430987844938,ATROPELLO FUGA,1,0,1,No,No,CARRETERA,NACIONAL,PE-1N,DESPEJADO,COMERCIAL,TRAMO RECTO,PLANA,ASFALTADA,EN PROCESO DE INVESTIGACIÓN,NO CUENTA CON CAUSA ESPECIFICA,2,1,0,0,1,0,1,0,0,0,1,1,0,1,49,49,49,0,0,0,0,0,0,NA,1,0,0,0,0,0,1,0,0,0,0,1,No,No,No,Sí
A-2022-06-199,2022-06-21,2022,6,Junio,martes,00:30,0,Madrugada,No,LIMA,LIMA,SAN JUAN DE MIRAFLORES,URBANA,-12.14478,-76.98172,ATROPELLO FUGA,1,0,1,No,No,CARRETERA,NACIONAL,PE-1S,DESPEJADO,INDUSTRIAL,TRAMO RECTO,PLANA,ASFALTADA,EN PROCESO DE INVESTIGACIÓN,NO CUENTA CON CAUSA ESPECIFICA,2,1,0,0,1,0,1,0,0,0,1,1,0,0,NA,NA,NA,NA,NA,0,0,0,0,NA,1,0,0,0,0,0,1,0,0,0,0,1,No,No,No,Sí
A-2022-06-200,2022-06-21,2022,6,Junio,martes,06:40,6,Mañana,No,LIMA,LIMA,LOS OLIVOS,URBANA,-11.949958116431361,-77.0840424083373,DESPISTE,1,0,1,No,No,AVENIDA,URBANO,NO CORRESPONDE,DESPEJADO,COMERCIAL,TRAMO RECTO,PLANA,ASFALTADA,EN PROCESO DE INVESTIGACIÓN,NO CUENTA CON CAUSA ESPECIFICA,2,1,0,1,1,0,1,0,0,0,1,1,1,2,41.5,20,63,0,1,0,0,0,0,NA,1,0,0,1,0,0,0,0,0,0,0,0,No,Sí,No,No
A-2022-06-201,2022-06-21,2022,6,Junio,martes,15:50,15,Tarde,No,LIMA,LIMA,LOS OLIVOS,URBANA,-11.962558666624766,-77.08060381638019,CHOQUE,1,4,5,Sí,No,AVENIDA,URBANO,NO CORRESPONDE,DESPEJADO,ESCOLAR,TRAMO RECTO,PLANA,ASFALTADA,EN PROCESO DE INVESTIGACIÓN,NO CUENTA CON CAUSA ESPECIFICA,7,1,4,1,2,5,0,0,0,1,0,3,3,6,30.666666666666668,6,44,1,0,0,0,0,0,NA,2,0,2,0,0,0,0,1,0,0,1,0,No,No,Sí,No
A-2022-06-198,2022-06-25,2022,6,Junio,sábado,12:00,12,Tarde,Sí,LIMA,LIMA,ATE,URBANA,-12.034891553811542,-76.93168221232975,ATROPELLO,1,0,1,No,No,AVENIDA,URBANO,NO CORRESPONDE,DESPEJADO,COMERCIAL,TRAMO RECTO,PLANA,ASFALTADA,EN PROCESO DE INVESTIGACIÓN,NO CUENTA CON CAUSA ESPECIFICA,2,1,0,1,1,0,1,0,0,0,1,2,0,2,55.5,26,85,0,1,0,0,0,0,NA,1,1,0,0,0,0,0,0,0,1,0,0,Sí,No,No,No
A-2022-06-196,2022-06-26,2022,6,Junio,domingo,18:45,18,Noche,Sí,LIMA,LIMA,SAN JUAN DE MIRAFLORES,URBANA,-12.175225937648378,-76.97774592276338,ATROPELLO,1,0,1,No,No,CARRETERA,NACIONAL,PE-1S,DESPEJADO,COMERCIAL,TRAMO RECTO,PLANA,ASFALTADA,EN PROCESO DE INVESTIGACIÓN,NO CUENTA CON CAUSA ESPECIFICA,2,1,0,1,1,0,1,0,0,0,1,2,0,2,31,28,34,0,0,0,0,0,0,NA,1,0,1,0,0,0,0,0,0,0,0,0,No,No,No,No
A-2022-06-193,2022-06-27,2022,6,Junio,lunes,01:00,1,Madrugada,No,LIMA,LIMA,EL AGUSTINO,RURAL,-12.031868571136119,-76.98848593151921,ATROPELLO FUGA,1,0,1,No,No,CARRETERA,NACIONAL,PE-22,DESPEJADO,RURAL,TRAMO RECTO,PLANA,ASFALTADA,EN PROCESO DE INVESTIGACIÓN,NO CUENTA CON CAUSA ESPECIFICA,2,1,0,0,1,0,1,0,0,0,1,1,0,0,NA,NA,NA,NA,NA,0,0,0,0,NA,1,0,0,0,0,0,1,0,0,0,0,1,No,No,No,Sí
A-2022-06-194,2022-06-27,2022,6,Junio,lunes,02:00,2,Madrugada,No,LIMA,LIMA,CHACLACAYO,URBANA,-11.978427911890416,-76.78207926382203,DESPISTE,1,0,1,No,No,CARRETERA,NACIONAL,PE-22,DESPEJADO,INDUSTRIAL,TRAMO RECTO,PLANA,ASFALTADA,EN PROCESO DE INVESTIGACIÓN,NO CUENTA CON CAUSA ESPECIFICA,1,1,0,0,1,0,0,0,1,0,0,1,0,1,26,26,26,0,0,0,0,0,0,NA,1,1,0,0,0,0,0,0,0,0,0,0,Sí,No,No,No
A-2022-06-195,2022-06-27,2022,6,Junio,lunes,03:40,3,Madrugada,No,LIMA,LIMA,SAN BORJA,URBANA,-12.111403465270996,-76.99590301513672,DESPISTE,1,1,2,Sí,No,AVENIDA,URBANO,NO CORRESPONDE,DESPEJADO,COMERCIAL,TRAMO RECTO,PLANA,ASFALTADA,EN PROCESO DE INVESTIGACIÓN,NO CUENTA CON CAUSA ESPECIFICA,2,1,1,0,1,1,0,0,1,0,0,1,1,2,31,28,34,0,0,0,1,0,0,NA,1,1,0,0,0,0,0,0,0,0,0,0,Sí,No,No,No
A-2022-06-191,2022-06-28,2022,6,Junio,martes,05:48,5,Madrugada,No,LIMA,LIMA,LURIN,RURAL,-12.250331378864683,-76.93051276432485,ATROPELLO FUGA,1,0,1,No,No,CARRETERA,NACIONAL,PE-1S,DESPEJADO,INDUSTRIAL,TRAMO RECTO,PLANA,ASFALTADA,EN PROCESO DE INVESTIGACIÓN,NO CUENTA CON CAUSA ESPECIFICA,2,1,0,0,1,0,1,0,0,0,1,0,0,0,NA,NA,NA,NA,NA,0,0,0,0,NA,1,0,0,0,0,0,1,0,0,0,0,1,No,No,No,Sí
A-2022-06-192,2022-06-28,2022,6,Junio,martes,13:45,13,Tarde,No,LIMA,LIMA,VILLA EL SALVADOR,RURAL,-12.22223131897444,-76.97444197707152,DESPISTE,2,2,4,Sí,Sí,CARRETERA,NACIONAL,PE-1N,DESPEJADO,INDUSTRIAL,INTERSECCIÓN,PLANA,ASFALTADA,EN PROCESO DE INVESTIGACIÓN,NO CUENTA CON CAUSA ESPECIFICA,6,2,2,2,2,0,4,0,0,0,2,5,1,5,39,20,67,0,2,0,0,0,0,NA,2,0,0,2,0,0,0,0,0,0,0,0,No,Sí,No,No
A-2022-06-190,2022-06-30,2022,6,Junio,jueves,00:50,0,Madrugada,No,LIMA,LIMA,MIRAFLORES,URBANA,-12.12724475655441,-77.03710906091183,ATROPELLO FUGA,1,0,1,No,No,OTRO,URBANO,NO CORRESPONDE,DESPEJADO,COMERCIAL,CURVA,PLANA,ASFALTADA,EN PROCESO DE INVESTIGACIÓN,NO CUENTA CON CAUSA ESPECIFICA,2,1,0,0,1,0,1,0,0,0,1,0,1,0,NA,NA,NA,NA,NA,0,0,0,0,NA,1,0,0,0,0,0,1,0,0,0,0,1,No,No,No,Sí
A-2022-06-189,2022-06-30,2022,6,Junio,jueves,01:00,1,Madrugada,No,LIMA,LIMA,LURIN,URBANA,-12.254755,-76.924147,ATROPELLO FUGA,1,0,1,No,No,CARRETERA,NACIONAL,PE-1S,DESPEJADO,RURAL,TRAMO RECTO,PLANA,ASFALTADA,EN PROCESO DE INVESTIGACIÓN,NO CUENTA CON CAUSA ESPECIFICA,2,1,0,0,1,0,1,0,0,0,1,0,0,0,NA,NA,NA,NA,NA,0,0,0,0,NA,1,0,0,0,0,0,1,0,0,0,0,1,No,No,No,Sí
A-2022-06-188,2022-06-30,2022,6,Junio,jueves,06:46,6,Mañana,No,LIMA,LIMA,ANCON,URBANA,-11.770736277951563,-77.15902010039257,ATROPELLO FUGA,1,0,1,No,No,CARRETERA,NACIONAL,PE-1N,DESPEJADO,COMERCIAL,TRAMO RECTO,PLANA,ASFALTADA,EN PROCESO DE INVESTIGACIÓN,NO CUENTA CON CAUSA ESPECIFICA,2,1,0,0,1,0,1,0,0,0,1,0,0,0,NA,NA,NA,NA,NA,0,0,0,0,NA,1,0,0,0,0,0,1,0,0,0,0,1,No,No,No,Sí
A-2022-07-186,2022-07-02,2022,7,Julio,sábado,01:30,1,Madrugada,Sí,LIMA,LIMA,LURIN,URBANA,-12.243900000499872,-76.90951799846174,ATROPELLO FUGA,1,0,1,No,No,AVENIDA,URBANO,NO CORRESPONDE,DESPEJADO,COMERCIAL,TRAMO RECTO,PLANA,ASFALTADA,EN PROCESO DE INVESTIGACIÓN,NO CUENTA CON CAUSA ESPECIFICA,2,1,0,0,1,0,1,0,0,0,1,0,0,0,NA,NA,NA,NA,NA,0,0,0,0,NA,1,0,0,0,0,0,1,0,0,0,0,1,No,No,No,Sí
A-2022-07-187,2022-07-02,2022,7,Julio,sábado,02:50,2,Madrugada,Sí,LIMA,LIMA,PUEBLO LIBRE,URBANA,-12.0781808,-77.080337599999993,ATROPELLO FUGA,1,0,1,No,No,AVENIDA,URBANO,NO CORRESPONDE,DESPEJADO,COMERCIAL,TRAMO RECTO,PLANA,ASFALTADA,EN PROCESO DE INVESTIGACIÓN,NO CUENTA CON CAUSA ESPECIFICA,2,1,0,0,1,0,1,0,0,0,1,1,0,1,43,43,43,0,0,0,0,0,0,NA,1,0,0,0,0,0,1,0,0,0,0,1,No,No,No,Sí
A-2022-07-3,2022-07-03,2022,7,Julio,domingo,10:30,10,Mañana,Sí,CALLAO,CALLAO,CALLAO,URBANA,-12.062088097143757,-77.14276654465186,ATROPELLO,1,0,1,No,No,AVENIDA,URBANO,NO CORRESPONDE,DESPEJADO,COMERCIAL,TRAMO RECTO,PLANA,ASFALTADA,IMPRUDENCIA DEL CONDUCTOR,OTRO (IMPRUDENCIA DEL CONDUCTOR),2,1,0,1,1,0,1,0,0,0,1,1,1,2,52,41,63,0,1,0,0,0,0,NA,1,0,0,1,0,0,0,0,0,1,0,0,No,Sí,No,No
A-2022-07-185,2022-07-04,2022,7,Julio,lunes,03:50,3,Madrugada,No,LIMA,LIMA,BARRANCO,URBANA,-12.1522147,-77.0244595,CHOQUE CON OBJETO FIJO,1,0,1,No,No,OTRO,URBANO,NO CORRESPONDE,DESPEJADO,RESIDENCIAL,TRAMO RECTO,PLANA,ASFALTADA,EN PROCESO DE INVESTIGACIÓN,NO CUENTA CON CAUSA ESPECIFICA,1,1,0,0,1,0,0,0,1,0,0,1,0,1,39,39,39,0,0,1,1,0,0,NA,1,1,0,0,0,0,0,0,0,0,0,0,Sí,No,No,No
A-2022-07-184,2022-07-05,2022,7,Julio,martes,05:45,5,Madrugada,No,LIMA,LIMA,CHORRILLOS,URBANA,-12.18942855906315,-77.0072448974895,DESPISTE,1,0,1,No,No,AVENIDA,URBANO,NO CORRESPONDE,DESPEJADO,COMERCIAL,TRAMO RECTO,PLANA,ASFALTADA,EN PROCESO DE INVESTIGACIÓN,NO CUENTA CON CAUSA ESPECIFICA,1,1,0,0,1,0,0,0,1,0,0,1,0,1,38,38,38,0,0,0,1,0,0,NA,1,0,1,0,0,0,0,1,0,0,0,0,No,No,Sí,No
A-2022-07-183,2022-07-05,2022,7,Julio,martes,11:00,11,Mañana,No,LIMA,LIMA,SAN MARTIN DE PORRES,URBANA,-11.991583421555264,-77.10776831454098,ATROPELLO,1,0,1,No,No,AVENIDA,URBANO,NO CORRESPONDE,DESPEJADO,COMERCIAL,TRAMO RECTO,PLANA,ASFALTADA,EN PROCESO DE INVESTIGACIÓN,NO CUENTA CON CAUSA ESPECIFICA,2,1,0,1,1,0,1,0,0,0,1,2,0,2,27,24,30,0,0,0,0,0,0,NA,1,0,1,0,0,0,0,0,0,0,0,0,No,No,No,No
A-2022-07-180,2022-07-05,2022,7,Julio,martes,22:45,22,Noche,No,LIMA,LIMA,RIMAC,URBANA,-12.030284,-77.029465,ATROPELLO,1,0,1,No,No,AVENIDA,URBANO,NO CORRESPONDE,DESPEJADO,COMERCIAL,TRAMO RECTO,PLANA,ASFALTADA,IMPRUDENCIA DEL CONDUCTOR,CONDUCIR EN SENTIDO CONTRARIO,2,1,0,1,1,0,1,0,0,0,1,2,0,1,49,49,49,0,0,0,0,0,0,NA,1,0,0,0,1,0,0,1,0,0,0,0,No,No,Sí,No
A-2022-07-198,2022-07-07,2022,7,Julio,jueves,13:58,13,Tarde,No,LIMA,LIMA,MIRAFLORES,URBANA,-12.129913236273836,-77.0264471065407,ATROPELLO,1,0,1,No,No,AVENIDA,URBANO,NO CORRESPONDE,DESPEJADO,RESIDENCIAL,INTERSECCIÓN,PLANA,ASFALTADA,EN PROCESO DE INVESTIGACIÓN,NO CUENTA CON CAUSA ESPECIFICA,2,1,0,1,1,0,1,0,0,0,1,0,2,2,65,64,66,0,2,0,0,0,0,NA,1,0,1,0,0,0,0,0,0,0,0,0,No,No,No,No
A-2022-07-179,2022-07-08,2022,7,Julio,viernes,05:55,5,Madrugada,No,LIMA,LIMA,MIRAFLORES,URBANA,-12.123954,-77.004534,DESPISTE,1,0,1,No,No,AVENIDA,URBANO,NO CORRESPONDE,DESPEJADO,RESIDENCIAL,TRAMO RECTO,PLANA,ASFALTADA,EN PROCESO DE INVESTIGACIÓN,NO CUENTA CON CAUSA ESPECIFICA,1,1,0,0,1,0,0,0,1,0,0,1,0,1,35,35,35,0,0,0,0,0,0,NA,1,1,0,0,0,0,0,0,0,0,0,0,Sí,No,No,No
A-2022-07-178,2022-07-10,2022,7,Julio,domingo,18:20,18,Noche,Sí,LIMA,LIMA,SANTA ANITA,URBANA,-12.040450623981801,-76.96425469197622,ATROPELLO,1,0,1,No,No,AVENIDA,URBANO,NO CORRESPONDE,DESPEJADO,COMERCIAL,TRAMO RECTO,PLANA,ASFALTADA,EN PROCESO DE INVESTIGACIÓN,NO CUENTA CON CAUSA ESPECIFICA,2,1,0,1,1,0,1,0,0,0,1,2,0,2,47.5,35,60,0,1,0,0,0,0,NA,1,0,0,1,0,0,0,0,0,0,1,0,No,Sí,No,No
A-2022-07-238,2022-07-12,2022,7,Julio,martes,12:30,12,Tarde,No,CALLAO,CALLAO,CALLAO,URBANA,-12.0216519,-77.1365997195,ATROPELLO FUGA,1,0,1,No,No,CALLE,URBANO,NO CORRESPONDE,DESPEJADO,COMERCIAL,TRAMO RECTO,PLANA,ASFALTADA,EN PROCESO DE INVESTIGACIÓN,NO CUENTA CON CAUSA ESPECIFICA,2,1,0,0,1,0,1,0,0,0,1,1,0,1,65,65,65,0,1,0,0,0,0,NA,1,0,0,0,0,0,1,0,0,0,0,1,No,No,No,Sí
A-2022-07-177,2022-07-12,2022,7,Julio,martes,23:45,23,Noche,No,LIMA,LIMA,SAN MARTIN DE PORRES,URBANA,-12.031977995791783,-77.07501690522398,ATROPELLO FUGA,1,0,1,No,No,AVENIDA,URBANO,NO CORRESPONDE,DESPEJADO,COMERCIAL,TRAMO RECTO,PLANA,ASFALTADA,EN PROCESO DE INVESTIGACIÓN,NO CUENTA CON CAUSA ESPECIFICA,2,1,0,0,1,0,1,0,0,0,1,1,0,1,77,77,77,0,1,0,0,0,0,NA,1,0,0,0,0,0,1,0,0,0,0,1,No,No,No,Sí
A-2022-07-176,2022-07-13,2022,7,Julio,miércoles,04:15,4,Madrugada,No,LIMA,LIMA,SAN JUAN DE MIRAFLORES,URBANA,-12.156405948874779,-76.96668640507136,CHOQUE,1,0,1,No,No,AVENIDA,URBANO,NO CORRESPONDE,DESPEJADO,COMERCIAL,TRAMO RECTO,PLANA,ASFALTADA,EN PROCESO DE INVESTIGACIÓN,NO CUENTA CON CAUSA ESPECIFICA,2,1,0,1,2,0,0,0,1,0,0,2,0,2,47.5,33,62,0,1,0,0,0,0,NA,2,1,0,1,0,0,0,0,0,0,0,0,Sí,Sí,No,No
A-2022-07-175,2022-07-13,2022,7,Julio,miércoles,17:39,17,Tarde,No,LIMA,LIMA,CHORRILLOS,URBANA,-12.18948712406167,-77.01445676943,CHOQUE FUGA,1,0,1,No,No,AVENIDA,URBANO,NO CORRESPONDE,DESPEJADO,COMERCIAL,TRAMO RECTO,PLANA,ASFALTADA,EN PROCESO DE INVESTIGACIÓN,NO CUENTA CON CAUSA ESPECIFICA,3,1,0,1,2,1,0,0,0,1,0,1,1,2,47,27,67,0,1,0,0,0,0,NA,2,1,0,1,0,0,0,0,0,0,0,0,Sí,Sí,No,No
A-2022-07-172,2022-07-16,2022,7,Julio,sábado,14:30,14,Tarde,Sí,LIMA,LIMA,INDEPENDENCIA,URBANA,-11.974440618554572,-77.05580349036597,ATROPELLO,1,0,1,No,No,CALLE,URBANO,NO CORRESPONDE,DESPEJADO,RESIDENCIAL,TRAMO RECTO,PLANA,TROCHA,EN PROCESO DE INVESTIGACIÓN,NO CUENTA CON CAUSA ESPECIFICA,2,1,0,1,1,0,1,0,0,0,1,1,1,2,22.5,1,44,1,0,0,0,0,0,NA,1,0,1,0,0,0,0,0,0,1,0,0,No,No,No,No
A-2022-07-173,2022-07-17,2022,7,Julio,domingo,00:00,0,Madrugada,Sí,LIMA,LIMA,RIMAC,URBANA,-12.0414462,-77.032747,ATROPELLO,1,0,1,No,No,CARRETERA,NACIONAL,PE-1N,DESPEJADO,COMERCIAL,TRAMO RECTO,PLANA,ASFALTADA,EN PROCESO DE INVESTIGACIÓN,NO CUENTA CON CAUSA ESPECIFICA,2,1,0,1,1,0,1,0,0,0,1,1,0,1,58,58,58,0,0,0,0,0,0,NA,1,0,1,0,0,0,0,1,0,1,1,0,No,No,Sí,No
A-2022-07-171,2022-07-18,2022,7,Julio,lunes,04:30,4,Madrugada,No,LIMA,LIMA,VILLA EL SALVADOR,URBANA,-12.195246,-76.972876,ATROPELLO FUGA,1,0,1,No,No,CARRETERA,NACIONAL,PE-1S,DESPEJADO,COMERCIAL,TRAMO RECTO,PLANA,ASFALTADA,EN PROCESO DE INVESTIGACIÓN,NO CUENTA CON CAUSA ESPECIFICA,2,1,0,0,1,0,1,0,0,0,1,1,0,0,NA,NA,NA,NA,NA,0,0,0,0,NA,1,0,0,0,0,0,1,0,0,0,0,1,No,No,No,Sí
A-2022-07-170,2022-07-19,2022,7,Julio,martes,20:00,20,Noche,No,LIMA,LIMA,SANTA ANITA,URBANA,-12.042063440615488,-76.96575702002707,ATROPELLO FUGA,1,0,1,No,No,AVENIDA,URBANO,NO CORRESPONDE,DESPEJADO,COMERCIAL,TRAMO RECTO,PLANA,ASFALTADA,EN PROCESO DE INVESTIGACIÓN,NO CUENTA CON CAUSA ESPECIFICA,2,1,0,0,1,0,1,0,0,0,1,1,0,0,NA,NA,NA,NA,NA,0,0,0,0,NA,1,0,0,0,0,0,1,0,0,0,0,1,No,No,No,Sí
A-2022-07-169,2022-07-20,2022,7,Julio,miércoles,11:30,11,Mañana,No,LIMA,LIMA,SAN JUAN DE MIRAFLORES,URBANA,-12.16751676734652,-76.97859942866633,ATROPELLO,1,0,1,No,No,AVENIDA,URBANO,NO CORRESPONDE,DESPEJADO,COMERCIAL,TRAMO RECTO,PLANA,ASFALTADA,EN PROCESO DE INVESTIGACIÓN,NO CUENTA CON CAUSA ESPECIFICA,2,1,0,1,1,0,1,0,0,0,1,2,0,2,81,75,87,0,2,0,0,0,0,NA,1,0,1,0,0,0,0,1,0,1,0,0,No,No,Sí,No
A-2022-07-168,2022-07-23,2022,7,Julio,sábado,16:00,16,Tarde,Sí,LIMA,LIMA,CARABAYLLO,URBANA,-11.856792824116665,-77.04370578717374,DESPISTE,1,0,1,No,No,AVENIDA,URBANO,NO CORRESPONDE,DESPEJADO,RESIDENCIAL,TRAMO RECTO,PLANA,ASFALTADA,EN PROCESO DE INVESTIGACIÓN,NO CUENTA CON CAUSA ESPECIFICA,1,1,0,0,1,0,0,0,1,0,0,1,0,1,21,21,21,0,0,1,1,0,0,NA,1,1,0,0,0,0,0,0,0,0,0,0,Sí,No,No,No
A-2022-07-165,2022-07-24,2022,7,Julio,domingo,17:00,17,Tarde,Sí,LIMA,LIMA,SANTA ROSA,URBANA,-11.820243826335124,-77.16471071632888,DESPISTE,1,0,1,No,No,AVENIDA,URBANO,NO CORRESPONDE,DESPEJADO,RESIDENCIAL,TRAMO RECTO,INCLINADA,ASFALTADA,EN PROCESO DE INVESTIGACIÓN,NO CUENTA CON CAUSA ESPECIFICA,1,1,0,0,1,0,0,0,1,0,0,1,0,1,52,52,52,0,0,0,0,0,0,NA,1,0,1,0,0,0,0,0,0,0,0,0,No,No,No,No
A-2022-07-164,2022-07-24,2022,7,Julio,domingo,20:00,20,Noche,Sí,LIMA,LIMA,VILLA EL SALVADOR,URBANA,-12.213319275793808,-76.93667170357406,ATROPELLO,1,0,1,No,No,AVENIDA,URBANO,NO CORRESPONDE,DESPEJADO,COMERCIAL,INTERSECCIÓN,PLANA,ASFALTADA,EN PROCESO DE INVESTIGACIÓN,NO CUENTA CON CAUSA ESPECIFICA,2,1,0,1,1,0,1,0,0,0,1,2,0,2,40,30,50,0,0,0,1,0,0,NA,1,1,0,0,0,0,0,0,0,1,0,0,Sí,No,No,No
A-2022-07-161,2022-07-26,2022,7,Julio,martes,14:05,14,Tarde,No,LIMA,LIMA,SAN MARTIN DE PORRES,URBANA,-11.963909184597515,-77.09262688356262,CHOQUE,1,0,1,No,No,AVENIDA,URBANO,NO CORRESPONDE,DESPEJADO,RESIDENCIAL,TRAMO RECTO,PLANA,ASFALTADA,EN PROCESO DE INVESTIGACIÓN,NO CUENTA CON CAUSA ESPECIFICA,2,1,0,0,2,0,0,0,1,0,0,2,0,2,47,23,71,0,1,0,0,0,0,NA,2,1,0,0,0,1,0,0,0,0,0,0,Sí,No,No,No
A-2022-07-275,2022-07-27,2022,7,Julio,miércoles,11:50,11,Mañana,No,LIMA,LIMA,LURIN,URBANA,-12.283256,-76.878624,CHOQUE,1,0,1,No,No,CARRETERA,NACIONAL,PE-1S,DESPEJADO,INDUSTRIAL,TRAMO RECTO,PLANA,ASFALTADA,IMPRUDENCIA DEL CONDUCTOR,OTRO (IMPRUDENCIA DEL CONDUCTOR),2,1,0,1,2,0,0,0,1,0,0,2,0,2,34.5,33,36,0,0,0,0,0,0,NA,2,1,0,1,0,0,0,0,0,0,0,0,Sí,Sí,No,No
A-2022-07-162,2022-07-27,2022,7,Julio,miércoles,22:30,22,Noche,No,LIMA,LIMA,SAN MIGUEL,URBANA,-12.089397281999027,-77.08955165915467,ATROPELLO,1,1,2,Sí,No,OTRO,URBANO,NO CORRESPONDE,DESPEJADO,RESIDENCIAL,OTRO,INCLINADA,ASFALTADA,EN PROCESO DE INVESTIGACIÓN,NO CUENTA CON CAUSA ESPECIFICA,3,1,1,0,2,0,1,0,0,0,1,1,1,2,44,39,49,0,0,1,1,0,0,NA,2,1,0,0,0,0,1,0,0,0,0,1,Sí,No,No,Sí
A-2022-07-163,2022-07-28,2022,7,Julio,jueves,16:20,16,Tarde,No,LIMA,LIMA,RIMAC,URBANA,-12.041213287871356,-77.03289512282687,ATROPELLO FUGA,1,0,1,No,No,CARRETERA,NACIONAL,PE-1N,DESPEJADO,RESIDENCIAL,TRAMO RECTO,PLANA,ASFALTADA,EN PROCESO DE INVESTIGACIÓN,NO CUENTA CON CAUSA ESPECIFICA,2,1,0,0,1,0,1,0,0,0,1,1,0,1,22,22,22,0,0,0,0,0,0,NA,1,0,0,0,0,0,1,0,0,0,0,1,No,No,No,Sí
A-2022-07-160,2022-07-29,2022,7,Julio,viernes,05:40,5,Madrugada,No,LIMA,LIMA,CARABAYLLO,URBANA,-11.862209708446592,-77.05571893008928,ATROPELLO FUGA,1,0,1,No,No,CARRETERA,PROVINCIAL,LM-691,DESPEJADO,ESCOLAR,TRAMO RECTO,PLANA,ASFALTADA,EN PROCESO DE INVESTIGACIÓN,NO CUENTA CON CAUSA ESPECIFICA,2,1,0,0,1,0,1,0,0,0,1,1,0,0,NA,NA,NA,NA,NA,0,0,0,0,NA,1,0,0,0,0,0,1,0,0,0,0,1,No,No,No,Sí
A-2022-07-276,2022-07-31,2022,7,Julio,domingo,22:50,22,Noche,Sí,LIMA,LIMA,LURIN,URBANA,-12.250281,-76.930691,CHOQUE,2,6,8,Sí,Sí,CARRETERA,NACIONAL,PE-1S,DESPEJADO,COMERCIAL,TRAMO RECTO,PLANA,ASFALTADA,EN PROCESO DE INVESTIGACIÓN,NO CUENTA CON CAUSA ESPECIFICA,9,2,6,1,2,7,0,0,1,1,0,3,6,9,27.333333333333332,11,51,2,0,0,0,0,0,NA,2,0,1,1,0,0,0,0,0,0,0,0,No,Sí,No,No
A-2022-08-1,2022-08-02,2022,8,Agosto,martes,06:35,6,Mañana,No,CALLAO,CALLAO,CALLAO,URBANA,-12.049842714505223,-77.11416269059485,CHOQUE,1,0,1,No,No,AVENIDA,URBANO,NO CORRESPONDE,DESPEJADO,INDUSTRIAL,TRAMO RECTO,PLANA,ASFALTADA,NEGLIGENCIA DEL CONDUCTOR,OTRO (NEGLIGENCIA DEL CONDUCTOR),2,1,0,1,2,0,0,0,1,0,0,2,0,2,51,29,73,0,1,0,0,0,0,NA,2,0,0,2,0,0,0,0,0,0,0,0,No,Sí,No,No
A-2022-08-170,2022-08-04,2022,8,Agosto,jueves,15:00,15,Tarde,No,LIMA,LIMA,LA VICTORIA,URBANA,-12.06438623872198,-77.02921847721872,ATROPELLO,1,0,1,No,No,AVENIDA,URBANO,NO CORRESPONDE,DESPEJADO,COMERCIAL,INTERSECCIÓN,PLANA,ASFALTADA,EN PROCESO DE INVESTIGACIÓN,NO CUENTA CON CAUSA ESPECIFICA,2,1,0,1,1,0,1,0,0,0,1,2,0,2,66.5,43,90,0,1,0,0,0,0,NA,1,0,0,0,1,0,0,1,0,0,0,0,No,No,Sí,No
A-2022-08-2,2022-08-04,2022,8,Agosto,jueves,23:00,23,Noche,No,CALLAO,CALLAO,VENTANILLA,URBANA,-11.889928212601054,-77.12605166149483,CAÍDA DE PASAJERO,1,1,2,Sí,No,CARRETERA,NACIONAL,PE-20,DESPEJADO,INDUSTRIAL,OTRO,PLANA,CONCRETO,EN PROCESO DE INVESTIGACIÓN,NO CUENTA CON CAUSA ESPECIFICA,2,1,1,0,1,1,0,0,0,1,0,1,1,2,40,22,58,0,0,1,1,1,0,No,1,0,0,1,0,0,0,1,0,1,0,0,No,Sí,Sí,No
A-2022-08-169,2022-08-05,2022,8,Agosto,viernes,18:50,18,Noche,No,LIMA,LIMA,SANTA ANITA,URBANA,-12.040577742625416,-76.9827142759373,CHOQUE,1,0,1,No,No,AVENIDA,URBANO,NO CORRESPONDE,DESPEJADO,COMERCIAL,INTERSECCIÓN,PLANA,ASFALTADA,EN PROCESO DE INVESTIGACIÓN,NO CUENTA CON CAUSA ESPECIFICA,2,1,0,1,2,0,0,0,1,0,0,2,0,2,56,54,58,0,0,0,0,0,0,NA,2,1,1,0,0,0,0,1,2,0,0,0,Sí,No,Sí,No
A-2022-08-168,2022-08-07,2022,8,Agosto,domingo,22:50,22,Noche,Sí,LIMA,LIMA,CHACLACAYO,URBANA,-11.97372633877707,-76.76030960606235,ATROPELLO,1,0,1,No,No,CARRETERA,NACIONAL,PE-22,DESPEJADO,COMERCIAL,TRAMO RECTO,PLANA,ASFALTADA,EN PROCESO DE INVESTIGACIÓN,NO CUENTA CON CAUSA ESPECIFICA,2,1,0,1,1,0,1,0,0,0,1,2,0,2,33,20,46,0,0,0,0,0,0,NA,1,0,1,0,0,0,0,0,0,0,0,0,No,No,No,No
A-2022-08-167,2022-08-08,2022,8,Agosto,lunes,08:30,8,Mañana,No,LIMA,LIMA,ANCON,RURAL,-11.729107825290674,-77.16485530147563,DESPISTE,1,0,1,No,No,CARRETERA,NACIONAL,PE-1N,DESPEJADO,RURAL,TRAMO RECTO,PLANA,ASFALTADA,EN PROCESO DE INVESTIGACIÓN,NO CUENTA CON CAUSA ESPECIFICA,2,1,0,1,1,1,0,0,0,1,0,1,1,2,54.5,30,79,0,1,0,0,0,0,NA,1,0,1,0,0,0,0,0,0,0,0,0,No,No,No,No
A-2022-08-102,2022-08-09,2022,8,Agosto,martes,06:15,6,Mañana,No,CALLAO,CALLAO,CALLAO,URBANA,-11.995370935920661,-77.12587874855186,ATROPELLO,1,0,1,No,No,CARRETERA,NACIONAL,PE-20,DESPEJADO,INDUSTRIAL,TRAMO RECTO,PLANA,ASFALTADA,EN PROCESO DE INVESTIGACIÓN,NO CUENTA CON CAUSA ESPECIFICA,2,1,0,1,1,0,1,0,0,0,1,1,1,2,37,35,39,0,0,0,0,0,0,NA,1,0,0,1,0,0,0,0,0,0,0,0,No,Sí,No,No
A-2022-08-165,2022-08-10,2022,8,Agosto,miércoles,06:45,6,Mañana,No,LIMA,LIMA,SAN JUAN DE LURIGANCHO,URBANA,-12.014406491609313,-77.0116826373535,ATROPELLO,1,0,1,No,No,AVENIDA,URBANO,NO CORRESPONDE,DESPEJADO,COMERCIAL,TRAMO RECTO,PLANA,ASFALTADA,EN PROCESO DE INVESTIGACIÓN,NO CUENTA CON CAUSA ESPECIFICA,2,1,0,1,1,0,1,0,0,0,1,1,1,2,42.5,41,44,0,0,0,0,0,0,NA,1,0,0,0,1,0,0,1,0,0,0,0,No,No,Sí,No
A-2022-08-166,2022-08-10,2022,8,Agosto,miércoles,07:30,7,Mañana,No,LIMA,LIMA,PUNTA HERMOSA,RURAL,-12.330223780830693,-76.81520163341393,CHOQUE,2,0,2,No,Sí,AVENIDA,URBANO,NO CORRESPONDE,DESPEJADO,RURAL,TRAMO RECTO,PLANA,TROCHA,IMPRUDENCIA DEL CONDUCTOR,CONDUCIR EN SENTIDO CONTRARIO,4,2,0,2,2,2,0,0,0,2,0,2,2,4,32.75,14,46,1,0,1,1,0,0,NA,2,1,0,1,0,0,0,0,0,0,0,0,Sí,Sí,No,No
A-2022-08-163,2022-08-11,2022,8,Agosto,jueves,00:05,0,Madrugada,No,LIMA,LIMA,LOS OLIVOS,URBANA,-11.99509218082484,-77.07662298020652,ATROPELLO FUGA,1,0,1,No,No,AVENIDA,URBANO,NO CORRESPONDE,DESPEJADO,COMERCIAL,TRAMO RECTO,PLANA,ASFALTADA,EN PROCESO DE INVESTIGACIÓN,NO CUENTA CON CAUSA ESPECIFICA,2,1,0,0,1,0,1,0,0,0,1,1,0,1,66,66,66,0,1,0,0,0,0,NA,1,0,0,0,0,0,1,0,0,0,0,1,No,No,No,Sí
A-2022-08-164,2022-08-11,2022,8,Agosto,jueves,04:30,4,Madrugada,No,LIMA,LIMA,CHORRILLOS,URBANA,-12.1663247522129,-77.02679543852047,CHOQUE,1,1,2,Sí,No,AVENIDA,URBANO,NO CORRESPONDE,DESPEJADO,COMERCIAL,INTERSECCIÓN,PLANA,ASFALTADA,EN PROCESO DE INVESTIGACIÓN,NO CUENTA CON CAUSA ESPECIFICA,3,1,1,1,2,1,0,0,1,0,0,3,0,3,24.666666666666668,23,28,0,0,2,2,0,0,NA,2,1,1,0,0,0,0,0,0,0,0,0,Sí,No,No,No
A-2022-08-162,2022-08-12,2022,8,Agosto,viernes,19:20,19,Noche,No,LIMA,LIMA,SAN JUAN DE LURIGANCHO,URBANA,-12.022577011727268,-77.00174719298468,CHOQUE FUGA,1,0,1,No,No,JIRÓN,URBANO,NO CORRESPONDE,DESPEJADO,RESIDENCIAL,INTERSECCIÓN,PLANA,ASFALTADA,EN PROCESO DE INVESTIGACIÓN,NO CUENTA CON CAUSA ESPECIFICA,2,1,0,0,2,0,0,0,1,0,0,1,0,1,33,33,33,0,0,0,1,0,0,NA,2,1,0,0,0,0,1,0,0,0,0,1,Sí,No,No,Sí
A-2022-08-160,2022-08-13,2022,8,Agosto,sábado,17:15,17,Tarde,Sí,LIMA,LIMA,SANTA ANITA,URBANA,-12.056117038423952,-76.96797027997064,ATROPELLO,1,0,1,No,No,CARRETERA,DEPARTAMENTAL,LM-117,DESPEJADO,COMERCIAL,INTERSECCIÓN,PLANA,ASFALTADA,EN PROCESO DE INVESTIGACIÓN,NO CUENTA CON CAUSA ESPECIFICA,2,1,0,1,1,0,1,0,0,0,1,2,0,2,51,30,72,0,1,0,0,0,0,NA,1,0,0,0,1,0,0,1,0,1,0,0,No,No,Sí,No
A-2022-08-155,2022-08-13,2022,8,Agosto,sábado,18:00,18,Noche,Sí,LIMA,LIMA,CARABAYLLO,URBANA,-11.845475508105642,-77.00080274155242,CHOQUE,1,3,4,Sí,No,AVENIDA,URBANO,NO CORRESPONDE,DESPEJADO,RESIDENCIAL,TRAMO RECTO,PLANA,ASFALTADA,EN PROCESO DE INVESTIGACIÓN,NO CUENTA CON CAUSA ESPECIFICA,4,1,3,0,2,2,0,0,0,1,0,2,2,4,41.5,26,58,0,0,0,0,0,0,NA,2,0,2,0,0,0,0,1,0,0,0,0,No,No,Sí,No
A-2022-08-161,2022-08-14,2022,8,Agosto,domingo,05:20,5,Madrugada,Sí,LIMA,LIMA,CARABAYLLO,URBANA,-11.893832816314674,-77.04070556329435,DESPISTE,1,1,2,Sí,No,AVENIDA,URBANO,NO CORRESPONDE,DESPEJADO,RESIDENCIAL,TRAMO RECTO,PLANA,ASFALTADA,EN PROCESO DE INVESTIGACIÓN,NO CUENTA CON CAUSA ESPECIFICA,4,1,1,1,1,2,0,0,0,1,0,4,0,3,37.666666666666664,20,47,0,0,0,0,0,0,NA,2,0,1,1,0,0,0,1,2,0,0,0,No,Sí,Sí,No
A-2022-08-158,2022-08-14,2022,8,Agosto,domingo,05:30,5,Madrugada,Sí,LIMA,LIMA,VILLA EL SALVADOR,URBANA,-12.24078967457405,-76.94706750505482,ATROPELLO,1,0,1,No,No,CARRETERA,NACIONAL,PE-1S,DESPEJADO,INDUSTRIAL,TRAMO RECTO,PLANA,ASFALTADA,EN PROCESO DE INVESTIGACIÓN,NO CUENTA CON CAUSA ESPECIFICA,2,1,0,1,1,0,1,0,0,0,1,1,1,2,24,19,29,0,0,0,0,0,0,NA,1,0,1,0,0,0,0,0,0,0,0,0,No,No,No,No
A-2022-08-157,2022-08-14,2022,8,Agosto,domingo,10:30,10,Mañana,Sí,LIMA,LIMA,COMAS,URBANA,-11.905806423569839,-77.04292197271546,VOLCADURA,1,0,1,No,No,AVENIDA,URBANO,NO CORRESPONDE,DESPEJADO,COMERCIAL,TRAMO RECTO,PLANA,ASFALTADA,EN PROCESO DE INVESTIGACIÓN,NO CUENTA CON CAUSA ESPECIFICA,2,1,0,0,1,1,0,0,0,1,0,1,0,0,NA,NA,NA,NA,NA,0,0,0,0,NA,1,1,0,0,0,0,0,0,0,0,0,1,Sí,No,No,Sí
A-2022-08-159,2022-08-14,2022,8,Agosto,domingo,22:20,22,Noche,Sí,LIMA,LIMA,VILLA MARIA DEL TRIUNFO,URBANA,-12.169855851935914,-76.94984814454078,DESPISTE,1,0,1,No,No,AVENIDA,URBANO,NO CORRESPONDE,DESPEJADO,RESIDENCIAL,TRAMO RECTO,PLANA,ASFALTADA,EN PROCESO DE INVESTIGACIÓN,NO CUENTA CON CAUSA ESPECIFICA,1,1,0,0,1,0,0,0,1,0,0,1,0,1,29,29,29,0,0,0,0,0,0,NA,1,1,0,0,0,0,0,0,0,0,0,0,Sí,No,No,No
A-2022-08-156,2022-08-15,2022,8,Agosto,lunes,00:20,0,Madrugada,No,LIMA,LIMA,MAGDALENA DEL MAR,URBANA,-12.103737753127517,-77.0640075684988,DESPISTE,1,1,2,Sí,No,OTRO,URBANO,NO CORRESPONDE,DESPEJADO,COMERCIAL,TRAMO RECTO,PLANA,ASFALTADA,EN PROCESO DE INVESTIGACIÓN,NO CUENTA CON CAUSA ESPECIFICA,2,1,1,0,1,1,0,0,1,0,0,1,1,0,NA,NA,NA,NA,NA,0,0,0,0,NA,1,1,0,0,0,0,0,0,1,0,0,0,Sí,No,No,No
A-2022-08-154,2022-08-17,2022,8,Agosto,miércoles,06:40,6,Mañana,No,LIMA,LIMA,VILLA MARIA DEL TRIUNFO,URBANA,-12.159876112195656,-76.93937276852698,CHOQUE,2,0,2,No,Sí,AVENIDA,URBANO,NO CORRESPONDE,DESPEJADO,COMERCIAL,INTERSECCIÓN,PLANA,ASFALTADA,EN PROCESO DE INVESTIGACIÓN,NO CUENTA CON CAUSA ESPECIFICA,3,2,0,1,2,1,0,0,1,1,0,2,0,2,31.5,25,38,0,0,0,0,0,0,NA,2,1,0,0,1,0,0,1,0,0,0,0,Sí,No,Sí,No
A-2022-08-153,2022-08-19,2022,8,Agosto,viernes,03:40,3,Madrugada,No,LIMA,LIMA,LOS OLIVOS,URBANA,-11.971734808491217,-77.07560017434432,CHOQUE,1,0,1,No,No,AVENIDA,URBANO,NO CORRESPONDE,DESPEJADO,COMERCIAL,TRAMO RECTO,PLANA,ASFALTADA,EN PROCESO DE INVESTIGACIÓN,NO CUENTA CON CAUSA ESPECIFICA,3,1,0,1,2,1,0,0,0,1,0,2,1,3,33.333333333333336,23,51,0,0,0,0,0,0,NA,2,1,0,0,1,0,0,1,0,0,0,0,Sí,No,Sí,No
A-2022-08-150,2022-08-19,2022,8,Agosto,viernes,15:50,15,Tarde,No,LIMA,LIMA,ATE,URBANA,-12.030552652994869,-76.9258725420437,CAÍDA DE PASAJERO,1,0,1,No,No,CALLE,URBANO,NO CORRESPONDE,DESPEJADO,COMERCIAL,TRAMO RECTO,PLANA,ASFALTADA,EN PROCESO DE INVESTIGACIÓN,NO CUENTA CON CAUSA ESPECIFICA,2,1,0,1,1,1,0,0,0,1,0,2,0,2,31,27,35,0,0,0,0,0,0,NA,1,0,0,1,0,0,0,0,0,0,0,0,No,Sí,No,No
A-2022-08-151,2022-08-20,2022,8,Agosto,sábado,18:20,18,Noche,Sí,LIMA,LIMA,SAN JUAN DE LURIGANCHO,URBANA,-11.962938955843736,-76.98168801296968,DESPISTE,1,0,1,No,No,AVENIDA,URBANO,NO CORRESPONDE,DESPEJADO,RESIDENCIAL,TRAMO RECTO,PLANA,ASFALTADA,EN PROCESO DE INVESTIGACIÓN,NO CUENTA CON CAUSA ESPECIFICA,1,1,0,0,1,0,0,0,1,0,0,1,0,1,32,32,32,0,0,0,0,0,0,NA,1,1,0,0,0,0,0,0,0,0,0,0,Sí,No,No,No
A-2022-08-152,2022-08-21,2022,8,Agosto,domingo,18:00,18,Noche,Sí,LIMA,LIMA,LOS OLIVOS,URBANA,-11.966786844074285,-77.07867906365713,ATROPELLO FUGA,1,0,1,No,No,AVENIDA,URBANO,NO CORRESPONDE,DESPEJADO,RESIDENCIAL,TRAMO RECTO,PLANA,ASFALTADA,EN PROCESO DE INVESTIGACIÓN,NO CUENTA CON CAUSA ESPECIFICA,2,1,0,0,1,0,1,0,0,0,1,1,0,1,81,81,81,0,1,0,0,0,0,NA,1,0,0,0,0,0,1,0,0,0,0,1,No,No,No,Sí
A-2022-08-212,2022-08-23,2022,8,Agosto,martes,08:00,8,Mañana,No,CALLAO,CALLAO,VENTANILLA,URBANA,-11.9198928,-77.132012817,VOLCADURA,1,0,1,No,No,AVENIDA,URBANO,NO CORRESPONDE,DESPEJADO,INDUSTRIAL,TRAMO RECTO,PLANA,ASFALTADA,IMPRUDENCIA DEL CONDUCTOR,EXCESO DE VELOCIDAD,1,1,0,0,1,0,0,0,1,0,0,1,0,1,35,35,35,0,0,0,0,0,0,NA,1,1,0,0,0,0,0,0,0,0,0,0,Sí,No,No,No
A-2022-08-149,2022-08-23,2022,8,Agosto,martes,13:10,13,Tarde,No,LIMA,LIMA,EL AGUSTINO,URBANA,-12.03010121507606,-77.00158913661262,CHOQUE,1,0,1,No,No,CARRETERA,NACIONAL,PE-1N,DESPEJADO,COMERCIAL,TRAMO RECTO,PLANA,ASFALTADA,EN PROCESO DE INVESTIGACIÓN,NO CUENTA CON CAUSA ESPECIFICA,2,1,0,0,2,0,0,0,1,0,0,1,0,1,20,20,20,0,0,1,1,0,0,NA,2,1,0,0,0,0,1,0,0,0,0,1,Sí,No,No,Sí
A-2022-08-148,2022-08-25,2022,8,Agosto,jueves,09:45,9,Mañana,No,LIMA,LIMA,ATE,URBANA,-12.01224672467052,-76.8780904627646,ATROPELLO,1,0,1,No,No,CARRETERA,NACIONAL,PE-22,DESPEJADO,COMERCIAL,TRAMO RECTO,PLANA,ASFALTADA,EN PROCESO DE INVESTIGACIÓN,NO CUENTA CON CAUSA ESPECIFICA,2,1,0,1,1,0,1,0,0,0,1,1,1,2,49.5,39,60,0,1,0,0,0,0,NA,1,0,0,0,1,0,0,1,0,0,0,0,No,No,Sí,No
A-2022-08-274,2022-08-26,2022,8,Agosto,viernes,04:25,4,Madrugada,No,LIMA,LIMA,SAN MARTIN DE PORRES,URBANA,-12.02945217,-77.06436898,CHOQUE,1,0,1,No,No,AVENIDA,URBANO,NO CORRESPONDE,DESPEJADO,COMERCIAL,CURVA,PLANA,ASFALTADA,IMPRUDENCIA DEL CONDUCTOR,OTRO (IMPRUDENCIA DEL CONDUCTOR),2,1,0,1,2,0,0,0,1,0,0,1,1,2,40.5,32,49,0,0,0,0,0,0,NA,2,0,1,0,0,1,0,1,0,0,0,0,No,No,Sí,No
A-2022-08-147,2022-08-26,2022,8,Agosto,viernes,18:40,18,Noche,No,LIMA,LIMA,ANCON,URBANA,-11.773241,-77.159443,ATROPELLO FUGA,1,0,1,No,No,CARRETERA,NACIONAL,PE-1N,DESPEJADO,COMERCIAL,TRAMO RECTO,PLANA,ASFALTADA,EN PROCESO DE INVESTIGACIÓN,NO CUENTA CON CAUSA ESPECIFICA,2,1,0,1,1,0,1,0,0,0,1,1,1,2,72.5,64,81,0,2,0,0,0,0,NA,1,0,1,0,0,0,0,0,0,0,1,0,No,No,No,No
A-2022-08-146,2022-08-26,2022,8,Agosto,viernes,21:20,21,Noche,No,LIMA,LIMA,VILLA EL SALVADOR,URBANA,-12.218494,-76.921427,ATROPELLO,1,0,1,No,No,AVENIDA,URBANO,NO CORRESPONDE,DESPEJADO,COMERCIAL,TRAMO RECTO,PLANA,ASFALTADA,EN PROCESO DE INVESTIGACIÓN,NO CUENTA CON CAUSA ESPECIFICA,2,1,0,1,1,0,1,0,0,0,1,2,0,1,43,43,43,0,0,0,0,0,0,NA,1,0,1,0,0,0,0,0,0,0,0,0,No,No,No,No
A-2022-08-145,2022-08-27,2022,8,Agosto,sábado,06:30,6,Mañana,Sí,LIMA,LIMA,COMAS,URBANA,-11.936865,-77.049057,ATROPELLO FUGA,1,0,1,No,No,AVENIDA,URBANO,NO CORRESPONDE,DESPEJADO,COMERCIAL,TRAMO RECTO,PLANA,ASFALTADA,EN PROCESO DE INVESTIGACIÓN,NO CUENTA CON CAUSA ESPECIFICA,2,1,0,0,1,0,1,0,0,0,1,0,1,1,45,45,45,0,0,0,0,0,0,NA,1,0,0,0,0,0,1,0,0,0,0,1,No,No,No,Sí
A-2022-08-144,2022-08-27,2022,8,Agosto,sábado,07:45,7,Mañana,Sí,LIMA,LIMA,SANTIAGO DE SURCO,URBANA,-12.1119264,-76.9778515,CHOQUE,1,0,1,No,No,CARRETERA,NACIONAL,PE-1S,DESPEJADO,COMERCIAL,TRAMO RECTO,PLANA,ASFALTADA,EN PROCESO DE INVESTIGACIÓN,NO CUENTA CON CAUSA ESPECIFICA,4,1,0,3,4,0,0,0,1,0,0,4,0,4,33.5,24,47,0,0,0,0,0,0,NA,4,1,2,1,0,0,0,1,0,0,0,0,Sí,Sí,Sí,No
A-2022-08-143,2022-08-28,2022,8,Agosto,domingo,06:20,6,Mañana,Sí,LIMA,LIMA,LURIN,URBANA,-12.273785235748852,-76.87277089205438,CHOQUE,1,0,1,No,No,CARRETERA,PROVINCIAL,LM-797,DESPEJADO,COMERCIAL,TRAMO RECTO,PLANA,ASFALTADA,EN PROCESO DE INVESTIGACIÓN,NO CUENTA CON CAUSA ESPECIFICA,2,1,0,1,2,0,0,0,1,0,0,2,0,2,43,39,47,0,0,0,0,0,0,NA,2,1,0,0,1,0,0,0,0,0,0,0,Sí,No,No,No
A-2022-08-141,2022-08-29,2022,8,Agosto,lunes,05:20,5,Madrugada,No,LIMA,LIMA,PUENTE PIEDRA,URBANA,-11.8293549,-77.1187043,ATROPELLO,1,0,1,No,No,CARRETERA,NACIONAL,PE-1N,DESPEJADO,COMERCIAL,TRAMO RECTO,PLANA,ASFALTADA,EN PROCESO DE INVESTIGACIÓN,NO CUENTA CON CAUSA ESPECIFICA,2,1,0,1,1,0,1,0,0,0,1,2,0,2,35,29,41,0,0,0,0,0,0,NA,1,0,1,0,0,0,0,0,0,0,0,0,No,No,No,No
A-2022-08-142,2022-08-29,2022,8,Agosto,lunes,15:40,15,Tarde,No,LIMA,LIMA,SAN JUAN DE LURIGANCHO,URBANA,-12.0264267,-76.9887615,ATROPELLO,1,0,1,No,No,AVENIDA,URBANO,NO CORRESPONDE,DESPEJADO,RESIDENCIAL,TRAMO RECTO,PLANA,ASFALTADA,EN PROCESO DE INVESTIGACIÓN,NO CUENTA CON CAUSA ESPECIFICA,2,1,0,1,1,0,1,0,0,0,1,1,1,2,53.5,43,64,0,1,0,0,0,0,NA,1,0,0,1,0,0,0,0,0,0,0,0,No,Sí,No,No
A-2022-08-139,2022-08-30,2022,8,Agosto,martes,21:30,21,Noche,No,LIMA,LIMA,LOS OLIVOS,URBANA,-11.9770516,-77.08195513,ATROPELLO,1,0,1,No,No,CARRETERA,NACIONAL,PE-20J,DESPEJADO,COMERCIAL,TRAMO RECTO,PLANA,ASFALTADA,EN PROCESO DE INVESTIGACIÓN,NO CUENTA CON CAUSA ESPECIFICA,2,1,0,1,1,0,1,0,0,0,1,2,0,2,35.5,27,44,0,0,0,0,0,0,NA,1,1,0,0,0,0,0,0,0,0,0,0,Sí,No,No,No
A-2022-08-140,2022-08-30,2022,8,Agosto,martes,23:40,23,Noche,No,LIMA,LIMA,PUENTE PIEDRA,URBANA,-11.872988,-77.06937683,ATROPELLO,1,0,1,No,No,CARRETERA,NACIONAL,PE-1N,DESPEJADO,COMERCIAL,SINUOSA,PLANA,ASFALTADA,EN PROCESO DE INVESTIGACIÓN,NO CUENTA CON CAUSA ESPECIFICA,2,1,0,1,1,0,1,0,0,0,1,2,0,1,42,42,42,0,0,0,1,0,0,NA,1,0,1,0,0,0,0,0,0,0,0,0,No,No,No,No
A-2022-09-158,2022-09-02,2022,9,Setiembre,viernes,01:45,1,Madrugada,No,LIMA,LIMA,LIMA,URBANA,-12.051548714378525,-77.03661018722241,DESPISTE,1,0,1,No,No,JIRÓN,URBANO,NO CORRESPONDE,DESPEJADO,COMERCIAL,TRAMO RECTO,PLANA,ASFALTADA,EN PROCESO DE INVESTIGACIÓN,NO CUENTA CON CAUSA ESPECIFICA,1,1,0,0,1,0,0,0,1,0,0,1,0,1,35,35,35,0,0,0,0,0,0,NA,1,1,0,0,0,0,0,0,0,0,0,0,Sí,No,No,No
A-2022-09-157,2022-09-03,2022,9,Setiembre,sábado,16:30,16,Tarde,Sí,LIMA,LIMA,LA VICTORIA,URBANA,-12.05826931745082,-77.02332743744901,CHOQUE,1,1,2,Sí,No,VIA EXPRESA,URBANO,NO CORRESPONDE,DESPEJADO,COMERCIAL,TRAMO RECTO,PLANA,ASFALTADA,INFRAESTRUCTURA Y ENTORNO VIAL,OTRO (INFRAESTRUCTURA Y ENTORNO VIAL),3,1,1,1,2,1,0,0,0,1,0,2,1,3,35,29,46,0,0,0,1,0,0,NA,2,1,0,0,1,0,0,1,2,0,0,0,Sí,No,Sí,No
A-2022-09-155,2022-09-04,2022,9,Setiembre,domingo,02:00,2,Madrugada,Sí,LIMA,LIMA,LA VICTORIA,URBANA,-12.05921,-77.029814,CHOQUE,1,0,1,No,No,AVENIDA,URBANO,NO CORRESPONDE,DESPEJADO,COMERCIAL,INTERSECCIÓN,PLANA,ASFALTADA,EN PROCESO DE INVESTIGACIÓN,NO CUENTA CON CAUSA ESPECIFICA,2,1,0,1,2,0,0,0,1,0,0,1,0,1,50,50,50,0,0,0,0,0,0,NA,2,1,0,1,0,0,0,0,0,0,0,0,Sí,Sí,No,No
A-2022-09-156,2022-09-04,2022,9,Setiembre,domingo,02:10,2,Madrugada,Sí,LIMA,LIMA,PUNTA HERMOSA,RURAL,-12.294048555403561,-76.77507500176101,ATROPELLO FUGA,1,0,1,No,No,CARRETERA,PROVINCIAL,LM-801,DESPEJADO,RURAL,TRAMO RECTO,PLANA,TROCHA,EN PROCESO DE INVESTIGACIÓN,NO CUENTA CON CAUSA ESPECIFICA,2,1,0,0,1,0,1,0,0,0,1,0,0,0,NA,NA,NA,NA,NA,0,0,0,0,NA,1,0,0,0,0,0,1,0,0,0,0,1,No,No,No,Sí
A-2022-09-154,2022-09-05,2022,9,Setiembre,lunes,11:00,11,Mañana,No,LIMA,LIMA,COMAS,URBANA,-11.926374,-77.04708,DESPISTE,1,0,1,No,No,AVENIDA,URBANO,NO CORRESPONDE,DESPEJADO,RESIDENCIAL,TRAMO RECTO,PLANA,ASFALTADA,EN PROCESO DE INVESTIGACIÓN,NO CUENTA CON CAUSA ESPECIFICA,1,1,0,0,1,0,0,0,1,0,0,1,0,1,32,32,32,0,0,0,0,0,0,NA,1,1,0,0,0,0,0,0,0,0,0,0,Sí,No,No,No
A-2022-09-153,2022-09-08,2022,9,Setiembre,jueves,05:00,5,Madrugada,No,LIMA,LIMA,SANTIAGO DE SURCO,URBANA,-12.145132657141879,-76.98188781738283,CHOQUE CON OBJETO FIJO,1,0,1,No,No,CARRETERA,NACIONAL,PE-1S,DESPEJADO,COMERCIAL,TRAMO RECTO,PLANA,ASFALTADA,EN PROCESO DE INVESTIGACIÓN,NO CUENTA CON CAUSA ESPECIFICA,1,1,0,0,1,0,0,0,1,0,0,1,0,1,26,26,26,0,0,1,1,0,0,NA,1,1,0,0,0,0,0,0,0,1,0,0,Sí,No,No,No
A-2022-09-152,2022-09-08,2022,9,Setiembre,jueves,08:30,8,Mañana,No,LIMA,LIMA,VILLA EL SALVADOR,URBANA,-12.220176056972232,-76.93040657050007,CAÍDA DE PASAJERO,1,0,1,No,No,AVENIDA,URBANO,NO CORRESPONDE,DESPEJADO,COMERCIAL,TRAMO RECTO,PLANA,ASFALTADA,EN PROCESO DE INVESTIGACIÓN,NO CUENTA CON CAUSA ESPECIFICA,2,1,0,1,1,1,0,0,0,1,0,1,1,2,41.5,37,46,0,0,0,0,0,0,NA,1,1,0,0,0,0,0,0,0,1,0,0,Sí,No,No,No
A-2022-09-151,2022-09-09,2022,9,Setiembre,viernes,04:20,4,Madrugada,No,LIMA,LIMA,VILLA EL SALVADOR,URBANA,-12.233369129098184,-76.94168413314078,ATROPELLO,1,0,1,No,No,AVENIDA,URBANO,NO CORRESPONDE,DESPEJADO,COMERCIAL,INTERSECCIÓN,PLANA,ASFALTADA,EN PROCESO DE INVESTIGACIÓN,NO CUENTA CON CAUSA ESPECIFICA,2,1,0,1,1,0,1,0,0,0,1,1,1,2,52.5,48,57,0,0,0,0,0,0,NA,1,0,0,0,1,0,0,1,0,0,0,0,No,No,Sí,No
A-2022-09-274,2022-09-10,2022,9,Setiembre,sábado,01:20,1,Madrugada,Sí,LIMA,LIMA,CARABAYLLO,URBANA,-11.88510591,-77.02328814,CHOQUE,1,0,1,No,No,AVENIDA,URBANO,NO CORRESPONDE,DESPEJADO,COMERCIAL,SINUOSA,INCLINADA,ASFALTADA,EN PROCESO DE INVESTIGACIÓN,NO CUENTA CON CAUSA ESPECIFICA,2,1,0,1,2,0,0,0,1,0,0,2,0,2,43.5,23,64,0,1,0,0,0,0,NA,2,0,2,0,0,0,0,1,0,0,0,0,No,No,Sí,No
A-2022-09-150,2022-09-12,2022,9,Setiembre,lunes,03:40,3,Madrugada,No,LIMA,LIMA,LURIGANCHO,URBANA,-11.955,-76.936241,DESPISTE,1,1,2,Sí,No,CARRETERA,PROVINCIAL,LM-711,DESPEJADO,RURAL,CURVA,INCLINADA,TROCHA,EN PROCESO DE INVESTIGACIÓN,NO CUENTA CON CAUSA ESPECIFICA,2,1,1,0,1,1,0,0,0,1,0,2,0,2,59,50,68,0,1,0,0,0,0,NA,1,0,1,0,0,0,0,0,0,0,0,0,No,No,No,No
A-2022-09-180,2022-09-13,2022,9,Setiembre,martes,15:10,15,Tarde,No,LIMA,LIMA,LIMA,URBANA,-12.0354463,-77.0640444,ATROPELLO,1,0,1,No,No,AVENIDA,URBANO,NO CORRESPONDE,DESPEJADO,COMERCIAL,TRAMO RECTO,PLANA,ASFALTADA,IMPRUDENCIA DEL CONDUCTOR,OTRO (IMPRUDENCIA DEL CONDUCTOR),2,1,0,1,1,0,1,0,0,0,1,2,0,2,54.5,26,83,0,1,0,0,0,0,NA,1,0,1,0,0,0,0,0,0,0,0,0,No,No,No,No
A-2022-09-207,2022-09-13,2022,9,Setiembre,martes,21:40,21,Noche,No,LIMA,LIMA,VILLA EL SALVADOR,URBANA,-12.210523826851903,-76.9609990769496,DESPISTE,1,1,2,Sí,No,AVENIDA,URBANO,NO CORRESPONDE,DESPEJADO,COMERCIAL,TRAMO RECTO,PLANA,ASFALTADA,EN PROCESO DE INVESTIGACIÓN,NO CUENTA CON CAUSA ESPECIFICA,2,1,1,0,1,1,0,0,1,0,0,1,1,2,21.5,21,22,0,0,1,1,0,0,NA,1,1,0,0,0,0,0,0,0,0,0,0,Sí,No,No,No
A-2022-09-181,2022-09-17,2022,9,Setiembre,sábado,03:20,3,Madrugada,Sí,CALLAO,CALLAO,CALLAO,URBANA,-11.959308,-77.128291,CHOQUE,1,0,1,No,No,CARRETERA,NACIONAL,PE-20,DESPEJADO,INDUSTRIAL,TRAMO RECTO,PLANA,ASFALTADA,IMPRUDENCIA DEL CONDUCTOR,CONDUCIR EN ESTADO DE EBRIEDAD Y/O DROGADICCIÓN,3,1,0,0,3,0,0,0,1,0,0,1,0,1,35,35,35,0,0,0,0,0,0,NA,3,1,0,0,0,0,2,0,0,0,0,2,Sí,No,No,Sí
A-2022-09-206,2022-09-18,2022,9,Setiembre,domingo,18:50,18,Noche,Sí,LIMA,LIMA,ATE,URBANA,-12.060423,-76.966538,ATROPELLO FUGA,1,0,1,No,No,AVENIDA,URBANO,NO CORRESPONDE,DESPEJADO,RESIDENCIAL,TRAMO RECTO,PLANA,ASFALTADA,EN PROCESO DE INVESTIGACIÓN,NO CUENTA CON CAUSA ESPECIFICA,2,1,0,0,1,0,1,0,0,0,1,1,0,1,39,39,39,0,0,0,0,0,0,NA,1,0,0,0,0,0,1,0,0,0,0,1,No,No,No,Sí
A-2022-09-182,2022-09-19,2022,9,Setiembre,lunes,04:35,4,Madrugada,No,CALLAO,CALLAO,CALLAO,URBANA,-12.0257457,-77.142149113,ATROPELLO FUGA,1,0,1,No,No,AVENIDA,URBANO,NO CORRESPONDE,DESPEJADO,INDUSTRIAL,TRAMO RECTO,PLANA,ASFALTADA,EN PROCESO DE INVESTIGACIÓN,NO CUENTA CON CAUSA ESPECIFICA,2,1,0,0,1,0,1,0,0,0,1,1,0,1,34,34,34,0,0,0,0,0,0,NA,1,0,0,0,0,0,1,0,0,0,0,1,No,No,No,Sí
A-2022-09-205,2022-09-19,2022,9,Setiembre,lunes,06:50,6,Mañana,No,LIMA,LIMA,CARABAYLLO,URBANA,-11.838112443364022,-76.99880721250705,CHOQUE,1,0,1,No,No,AVENIDA,URBANO,NO CORRESPONDE,DESPEJADO,INDUSTRIAL,TRAMO RECTO,PLANA,ASFALTADA,EN PROCESO DE INVESTIGACIÓN,NO CUENTA CON CAUSA ESPECIFICA,2,1,0,1,2,0,0,0,1,0,0,2,0,2,35,26,44,0,0,0,1,0,0,NA,2,1,0,0,1,0,0,1,0,0,0,0,Sí,No,Sí,No
A-2022-09-208,2022-09-20,2022,9,Setiembre,martes,11:30,11,Mañana,No,LIMA,LIMA,PACHACAMAC,URBANA,-12.142874495771924,-76.87138038467987,ATROPELLO,1,0,1,No,No,CARRETERA,PROVINCIAL,LM-796,DESPEJADO,ESCOLAR,TRAMO RECTO,PLANA,ASFALTADA,EN PROCESO DE INVESTIGACIÓN,NO CUENTA CON CAUSA ESPECIFICA,2,1,0,1,1,0,1,0,0,0,1,1,1,2,71,68,74,0,2,0,0,0,0,NA,1,0,1,0,0,0,0,0,0,0,0,0,No,No,No,No
A-2022-09-204,2022-09-20,2022,9,Setiembre,martes,12:10,12,Tarde,No,LIMA,LIMA,INDEPENDENCIA,URBANA,-11.967565136280161,-77.03924948691724,CHOQUE,1,3,4,Sí,No,AVENIDA,URBANO,NO CORRESPONDE,DESPEJADO,ESCOLAR,TRAMO RECTO,PLANA,ASFALTADA,EN PROCESO DE INVESTIGACIÓN,NO CUENTA CON CAUSA ESPECIFICA,5,1,3,1,2,2,1,0,0,0,1,3,2,5,37.4,30,54,0,0,0,0,0,0,NA,2,0,2,0,0,0,0,1,0,0,0,0,No,No,Sí,No
A-2022-09-203,2022-09-21,2022,9,Setiembre,miércoles,20:00,20,Noche,No,LIMA,LIMA,ATE,URBANA,-12.059811331753638,-76.995577766236,ATROPELLO,1,0,1,No,No,JIRÓN,URBANO,NO CORRESPONDE,DESPEJADO,COMERCIAL,INTERSECCIÓN,PLANA,ASFALTADA,EN PROCESO DE INVESTIGACIÓN,NO CUENTA CON CAUSA ESPECIFICA,2,1,0,1,1,0,1,0,0,0,1,2,0,2,65.5,45,86,0,1,0,0,0,0,NA,1,0,0,0,1,0,0,1,0,0,0,0,No,No,Sí,No
A-2022-09-202,2022-09-21,2022,9,Setiembre,miércoles,22:30,22,Noche,No,LIMA,LIMA,LINCE,URBANA,-12.085903792138435,-77.03538711893427,CHOQUE,1,0,1,No,No,AVENIDA,URBANO,NO CORRESPONDE,DESPEJADO,COMERCIAL,INTERSECCIÓN,PLANA,ASFALTADA,EN PROCESO DE INVESTIGACIÓN,NO CUENTA CON CAUSA ESPECIFICA,2,1,0,1,2,0,0,0,1,0,0,2,0,2,37,32,42,0,0,0,0,0,0,NA,2,1,0,0,1,0,0,1,0,0,0,0,Sí,No,Sí,No
A-2022-09-200,2022-09-24,2022,9,Setiembre,sábado,23:40,23,Noche,Sí,LIMA,LIMA,SAN JUAN DE MIRAFLORES,URBANA,-12.161989629466984,-76.98187166679622,ATROPELLO,1,0,1,No,No,CARRETERA,NACIONAL,PE-1S,DESPEJADO,COMERCIAL,TRAMO RECTO,PLANA,CONCRETO,EN PROCESO DE INVESTIGACIÓN,NO CUENTA CON CAUSA ESPECIFICA,2,1,0,1,1,0,1,0,0,0,1,2,0,1,53,53,53,0,0,0,0,1,0,No,1,0,1,0,0,0,0,0,0,0,0,0,No,No,No,No
A-2022-09-198,2022-09-25,2022,9,Setiembre,domingo,00:00,0,Madrugada,Sí,LIMA,LIMA,LURIGANCHO,RURAL,-12.02054195933565,-76.92034182449075,ATROPELLO,1,0,1,No,No,CARRETERA,NACIONAL,PE-22,DESPEJADO,INDUSTRIAL,CURVA,PLANA,ASFALTADA,EN PROCESO DE INVESTIGACIÓN,NO CUENTA CON CAUSA ESPECIFICA,2,1,0,1,1,0,1,0,0,0,1,2,0,2,45.5,45,46,0,0,0,0,0,0,NA,1,0,1,0,0,0,0,0,0,0,0,0,No,No,No,No
A-2022-09-199,2022-09-25,2022,9,Setiembre,domingo,20:30,20,Noche,Sí,LIMA,LIMA,CARABAYLLO,URBANA,-11.890279917189588,-77.02667528780582,ATROPELLO,1,0,1,No,No,AVENIDA,URBANO,NO CORRESPONDE,DESPEJADO,COMERCIAL,TRAMO RECTO,PLANA,ASFALTADA,EN PROCESO DE INVESTIGACIÓN,NO CUENTA CON CAUSA ESPECIFICA,2,1,0,1,1,0,1,0,0,0,1,2,0,1,69,69,69,0,1,0,0,1,1,Sí,1,0,1,0,0,0,0,1,0,0,0,0,No,No,Sí,No
A-2022-09-197,2022-09-25,2022,9,Setiembre,domingo,23:20,23,Noche,Sí,LIMA,LIMA,SAN MARTIN DE PORRES,URBANA,-12.03096,-77.056493,ATROPELLO FUGA,1,0,1,No,No,CARRETERA,NACIONAL,PE-1N,DESPEJADO,COMERCIAL,TRAMO RECTO,PLANA,ASFALTADA,EN PROCESO DE INVESTIGACIÓN,NO CUENTA CON CAUSA ESPECIFICA,2,1,0,0,1,0,1,0,0,0,1,1,0,0,NA,NA,NA,NA,NA,0,0,0,0,NA,1,0,0,0,0,0,1,0,0,0,0,1,No,No,No,Sí
A-2022-09-196,2022-09-26,2022,9,Setiembre,lunes,02:45,2,Madrugada,No,LIMA,LIMA,LOS OLIVOS,URBANA,-11.991499397351815,-77.07698281958683,CHOQUE,1,2,3,Sí,No,AVENIDA,URBANO,NO CORRESPONDE,NA,NA,NA,NA,NA,EN PROCESO DE INVESTIGACIÓN,NO CUENTA CON CAUSA ESPECIFICA,3,1,2,0,1,2,0,0,1,0,0,2,0,0,NA,NA,NA,NA,NA,0,0,0,0,NA,1,0,1,0,0,0,0,1,0,1,0,0,No,No,Sí,No
A-2022-09-195,2022-09-26,2022,9,Setiembre,lunes,18:30,18,Noche,No,LIMA,LIMA,LOS OLIVOS,URBANA,-11.937325489263406,-77.07183834107147,ATROPELLO,1,0,1,No,No,CARRETERA,NACIONAL,PE-1N,DESPEJADO,COMERCIAL,TRAMO RECTO,PLANA,ASFALTADA,EN PROCESO DE INVESTIGACIÓN,NO CUENTA CON CAUSA ESPECIFICA,2,1,0,1,1,0,1,0,0,0,1,2,0,1,57,57,57,0,0,0,0,0,0,NA,1,0,0,0,1,0,0,1,0,0,0,0,No,No,Sí,No
A-2022-10-146,2022-10-01,2022,10,Octubre,sábado,04:30,4,Madrugada,Sí,LIMA,LIMA,CIENEGUILLA,RURAL,-12.127822656610041,-76.82059050697266,CHOQUE,1,1,2,Sí,No,AVENIDA,URBANO,NO CORRESPONDE,SOLEADO,RURAL,TRAMO RECTO,PLANA,ASFALTADA,EN PROCESO DE INVESTIGACIÓN,NO CUENTA CON CAUSA ESPECIFICA,3,1,1,0,2,1,0,0,1,0,0,1,1,2,42,40,44,0,0,0,1,0,0,NA,2,1,1,0,0,0,0,0,0,0,0,0,Sí,No,No,No
A-2022-10-144,2022-10-03,2022,10,Octubre,lunes,07:30,7,Mañana,No,LIMA,LIMA,CHORRILLOS,URBANA,-12.182793437982793,-76.99984942508037,ATROPELLO,1,0,1,No,No,AVENIDA,URBANO,NO CORRESPONDE,DESPEJADO,COMERCIAL,TRAMO RECTO,PLANA,ASFALTADA,EN PROCESO DE INVESTIGACIÓN,NO CUENTA CON CAUSA ESPECIFICA,2,1,0,1,1,0,1,0,0,0,1,2,0,2,51,28,74,0,1,0,0,0,0,NA,1,0,0,1,0,0,0,0,0,0,0,0,No,Sí,No,No
A-2022-10-143,2022-10-03,2022,10,Octubre,lunes,16:00,16,Tarde,No,LIMA,LIMA,PUNTA HERMOSA,URBANA,-12.3317711172414,-76.8210779708697,DESPISTE,1,0,1,No,No,CARRETERA,NACIONAL,PE-1S,NA,NA,NA,NA,NA,EN PROCESO DE INVESTIGACIÓN,NO CUENTA CON CAUSA ESPECIFICA,1,1,0,0,1,0,0,0,1,0,0,1,0,1,33,33,33,0,0,1,1,0,0,NA,1,1,0,0,0,0,0,0,0,0,0,0,Sí,No,No,No
A-2022-10-142,2022-10-04,2022,10,Octubre,martes,17:30,17,Tarde,No,LIMA,LIMA,LA MOLINA,URBANA,-12.085930019709732,-76.89798830105987,ATROPELLO,1,0,1,No,No,CARRETERA,DEPARTAMENTAL,LM-117,DESPEJADO,RESIDENCIAL,TRAMO RECTO,PLANA,ASFALTADA,EN PROCESO DE INVESTIGACIÓN,NO CUENTA CON CAUSA ESPECIFICA,2,1,0,1,1,0,1,0,0,0,1,2,0,2,55.5,46,65,0,1,0,0,0,0,NA,1,0,0,1,0,0,0,0,0,0,0,0,No,Sí,No,No
A-2022-10-139,2022-10-09,2022,10,Octubre,domingo,03:00,3,Madrugada,Sí,LIMA,LIMA,SAN JUAN DE MIRAFLORES,URBANA,-12.18412895251892,-76.9750320403075,ATROPELLO,1,0,1,No,No,CARRETERA,NACIONAL,PE-1S,DESPEJADO,COMERCIAL,TRAMO RECTO,PLANA,ASFALTADA,EN PROCESO DE INVESTIGACIÓN,NO CUENTA CON CAUSA ESPECIFICA,2,1,0,1,1,0,1,0,0,0,1,2,0,1,39,39,39,0,0,0,1,0,0,NA,1,0,1,0,0,0,0,0,0,0,0,0,No,No,No,No
A-2022-10-217,2022-10-09,2022,10,Octubre,domingo,20:19,20,Noche,Sí,LIMA,LIMA,SAN JUAN DE LURIGANCHO,URBANA,-12.022451784997166,-76.95885835454386,ATROPELLO FUGA,1,0,1,No,No,CARRETERA,NACIONAL,PE-22,DESPEJADO,RESIDENCIAL,TRAMO RECTO,PLANA,ASFALTADA,EN PROCESO DE INVESTIGACIÓN,NO CUENTA CON CAUSA ESPECIFICA,2,1,0,0,1,0,1,0,0,0,1,1,0,1,33,33,33,0,0,0,0,0,0,NA,1,0,0,0,0,0,1,0,0,0,0,1,No,No,No,Sí
A-2022-10-137,2022-10-10,2022,10,Octubre,lunes,08:00,8,Mañana,No,LIMA,LIMA,LURIGANCHO,RURAL,-11.996909369233883,-76.91709093354606,ATROPELLO,1,0,1,No,No,AVENIDA,URBANO,NO CORRESPONDE,SOLEADO,RURAL,INTERSECCIÓN,PLANA,TROCHA,EN PROCESO DE INVESTIGACIÓN,NO CUENTA CON CAUSA ESPECIFICA,2,1,0,1,1,0,1,0,0,0,1,2,0,2,13.5,9,18,1,0,0,0,0,0,NA,1,0,0,1,0,0,0,0,0,0,0,0,No,Sí,No,No
A-2022-10-136,2022-10-10,2022,10,Octubre,lunes,10:20,10,Mañana,No,LIMA,LIMA,MIRAFLORES,URBANA,-12.130523658979167,-77.01954063132389,ATROPELLO,1,0,1,No,No,AVENIDA,URBANO,NO CORRESPONDE,DESPEJADO,RESIDENCIAL,TRAMO RECTO,PLANA,ASFALTADA,EN PROCESO DE INVESTIGACIÓN,NO CUENTA CON CAUSA ESPECIFICA,2,1,0,1,1,0,1,0,0,0,1,1,1,2,66.5,61,72,0,2,0,0,1,0,No,1,0,0,0,1,0,0,1,0,0,0,0,No,No,Sí,No
A-2022-10-138,2022-10-10,2022,10,Octubre,lunes,13:40,13,Tarde,No,LIMA,LIMA,LOS OLIVOS,URBANA,-11.94860933473234,-77.08060378550886,ATROPELLO,1,0,1,No,No,AVENIDA,URBANO,NO CORRESPONDE,DESPEJADO,COMERCIAL,INTERSECCIÓN,PLANA,ASFALTADA,EN PROCESO DE INVESTIGACIÓN,NO CUENTA CON CAUSA ESPECIFICA,2,1,0,1,1,0,1,0,0,0,1,1,1,2,54.5,50,59,0,0,0,0,0,0,NA,1,0,0,1,0,0,0,0,0,0,0,0,No,Sí,No,No
A-2022-10-121,2022-10-12,2022,10,Octubre,miércoles,14:00,14,Tarde,No,CALLAO,CALLAO,CALLAO,URBANA,-12.0564581,-77.144569917,ATROPELLO,1,0,1,No,No,CARRETERA,NACIONAL,PE-20,DESPEJADO,RESIDENCIAL,TRAMO RECTO,PLANA,CONCRETO,IMPRUDENCIA DEL PEATÓN,CRUCE INDEBIDO POR LA CALZADA,2,1,0,1,1,0,1,0,0,0,1,2,0,2,72.5,57,88,0,1,0,0,0,0,NA,1,0,0,1,0,0,0,0,0,0,0,0,No,Sí,No,No
A-2022-10-135,2022-10-12,2022,10,Octubre,miércoles,15:20,15,Tarde,No,LIMA,LIMA,VILLA MARIA DEL TRIUNFO,URBANA,-12.1451181041005,-76.95310168313546,CHOQUE,1,2,3,Sí,No,AVENIDA,URBANO,NO CORRESPONDE,DESPEJADO,COMERCIAL,INTERSECCIÓN,PLANA,ASFALTADA,EN PROCESO DE INVESTIGACIÓN,NO CUENTA CON CAUSA ESPECIFICA,3,1,2,0,2,1,0,0,0,1,0,2,1,3,18.333333333333332,2,29,1,0,1,1,0,0,NA,2,2,0,0,0,0,0,0,0,2,0,0,Sí,No,No,No
A-2022-10-134,2022-10-15,2022,10,Octubre,sábado,22:30,22,Noche,Sí,LIMA,LIMA,PUNTA HERMOSA,URBANA,-12.33011711643208,-76.82310101724002,ATROPELLO,1,0,1,No,No,AVENIDA,URBANO,NO CORRESPONDE,DESPEJADO,INDUSTRIAL,TRAMO RECTO,PLANA,ASFALTADA,EN PROCESO DE INVESTIGACIÓN,NO CUENTA CON CAUSA ESPECIFICA,2,1,0,1,1,0,1,0,0,0,1,2,0,2,36,24,48,0,0,0,0,0,0,NA,1,0,1,0,0,0,0,0,0,0,0,0,No,No,No,No
A-2022-10-117,2022-10-18,2022,10,Octubre,martes,02:30,2,Madrugada,No,CALLAO,CALLAO,VENTANILLA,URBANA,-11.9182403,-77.13930413,CAÍDA DE PASAJERO,1,0,1,No,No,AVENIDA,URBANO,NO CORRESPONDE,LLUVIOSO,COMERCIAL,TRAMO RECTO,PLANA,ASFALTADA,IMPRUDENCIA DEL CONDUCTOR,EXCESO DE VELOCIDAD,2,1,0,1,1,1,0,0,0,1,0,1,1,2,46,42,50,0,0,0,0,0,0,NA,1,0,0,1,0,0,0,0,0,0,0,0,No,Sí,No,No
A-2022-10-133,2022-10-18,2022,10,Octubre,martes,19:45,19,Noche,No,LIMA,LIMA,SAN MARTIN DE PORRES,URBANA,-12.00789,-77.082345,DESPISTE,1,0,1,No,No,AVENIDA,URBANO,NO CORRESPONDE,NA,NA,NA,NA,NA,EN PROCESO DE INVESTIGACIÓN,NO CUENTA CON CAUSA ESPECIFICA,1,1,0,0,1,0,0,0,1,0,0,1,0,1,51,51,51,0,0,0,0,0,0,NA,1,1,0,0,0,0,0,0,0,1,0,0,Sí,No,No,No
A-2022-10-132,2022-10-21,2022,10,Octubre,viernes,03:50,3,Madrugada,No,LIMA,LIMA,PUNTA HERMOSA,URBANA,-12.332332547463732,-76.82065955391347,CHOQUE,7,3,10,Sí,Sí,CARRETERA,NACIONAL,PE-1S,DESPEJADO,RURAL,TRAMO RECTO,PLANA,ASFALTADA,EN PROCESO DE INVESTIGACIÓN,NO CUENTA CON CAUSA ESPECIFICA,11,7,3,1,2,9,0,0,1,6,0,6,2,8,39.25,7,72,2,1,0,0,0,0,NA,2,0,1,1,0,0,0,1,0,0,0,0,No,Sí,Sí,No
A-2022-10-123,2022-10-21,2022,10,Octubre,viernes,16:50,16,Tarde,No,CALLAO,CALLAO,CALLAO,URBANA,-11.9571297,-77.128831317,ATROPELLO,1,0,1,No,No,CARRETERA,NACIONAL,PE-20,DESPEJADO,INDUSTRIAL,TRAMO RECTO,PLANA,ASFALTADA,IMPRUDENCIA DEL CONDUCTOR,OTRO (IMPRUDENCIA DEL CONDUCTOR),2,1,0,1,1,0,1,0,0,0,1,2,0,2,53.5,28,79,0,1,0,0,0,0,NA,1,0,1,0,0,0,0,0,0,0,0,0,No,No,No,No
A-2022-10-122,2022-10-22,2022,10,Octubre,sábado,21:00,21,Noche,Sí,CALLAO,CALLAO,CALLAO,URBANA,-11.9761301,-77.127638817,ATROPELLO,1,0,1,No,No,AVENIDA,URBANO,NO CORRESPONDE,DESPEJADO,INDUSTRIAL,TRAMO RECTO,PLANA,ASFALTADA,IMPRUDENCIA DEL PEATÓN,ESTADO DE EBRIEDAD Y/O DROGADICCIÓN,2,1,0,1,1,0,1,0,0,0,1,2,0,2,35.5,20,51,0,0,0,0,0,0,NA,1,0,1,0,0,0,0,0,0,0,0,0,No,No,No,No
A-2022-10-148,2022-10-24,2022,10,Octubre,lunes,08:50,8,Mañana,No,LIMA,LIMA,COMAS,URBANA,-11.923537566881812,-77.05427522669308,CHOQUE,1,0,1,No,No,AVENIDA,URBANO,NO CORRESPONDE,DESPEJADO,RESIDENCIAL,TRAMO RECTO,PLANA,ASFALTADA,EN PROCESO DE INVESTIGACIÓN,NO CUENTA CON CAUSA ESPECIFICA,3,1,0,2,2,0,1,0,0,0,1,3,0,3,43.666666666666664,31,62,0,1,1,1,0,0,NA,2,0,2,0,0,0,0,0,0,0,0,0,No,No,No,No
A-2022-10-147,2022-10-27,2022,10,Octubre,jueves,08:10,8,Mañana,No,LIMA,LIMA,CHORRILLOS,URBANA,-12.198134,-76.99227,ATROPELLO,1,0,1,No,No,AVENIDA,URBANO,NO CORRESPONDE,DESPEJADO,COMERCIAL,INTERSECCIÓN,PLANA,ASFALTADA,EN PROCESO DE INVESTIGACIÓN,NO CUENTA CON CAUSA ESPECIFICA,2,1,0,1,1,0,1,0,0,0,1,2,0,2,22,15,29,1,0,0,0,0,0,NA,1,0,0,1,0,0,0,0,0,0,0,0,No,Sí,No,No
A-2022-10-130,2022-10-30,2022,10,Octubre,domingo,07:40,7,Mañana,Sí,LIMA,LIMA,ANCON,RURAL,-11.745722,-77.141868,CHOQUE,1,0,1,No,No,CARRETERA,NACIONAL,PE-1N,DESPEJADO,RURAL,TRAMO RECTO,PLANA,ASFALTADA,EN PROCESO DE INVESTIGACIÓN,NO CUENTA CON CAUSA ESPECIFICA,2,1,0,1,2,0,0,0,1,0,0,2,0,2,52.5,32,73,0,1,0,0,0,0,NA,2,1,0,1,0,0,0,0,0,0,0,0,Sí,Sí,No,No
A-2022-10-129,2022-10-30,2022,10,Octubre,domingo,16:30,16,Tarde,Sí,LIMA,LIMA,LOS OLIVOS,URBANA,-12.009299,-77.073535,CHOQUE FUGA,1,1,2,Sí,No,JIRÓN,URBANO,NO CORRESPONDE,DESPEJADO,COMERCIAL,INTERSECCIÓN,PLANA,ASFALTADA,EN PROCESO DE INVESTIGACIÓN,NO CUENTA CON CAUSA ESPECIFICA,4,1,1,1,2,2,0,0,0,1,0,3,0,3,17,1,25,1,0,0,0,0,0,NA,2,1,1,0,0,0,0,0,0,0,0,1,Sí,No,No,Sí
A-2022-10-128,2022-10-30,2022,10,Octubre,domingo,21:30,21,Noche,Sí,LIMA,LIMA,VILLA MARIA DEL TRIUNFO,URBANA,-12.194665,-76.934638,CHOQUE,1,1,2,Sí,No,AVENIDA,URBANO,NO CORRESPONDE,DESPEJADO,COMERCIAL,INTERSECCIÓN,PLANA,ASFALTADA,EN PROCESO DE INVESTIGACIÓN,NO CUENTA CON CAUSA ESPECIFICA,3,1,1,1,2,1,0,0,1,0,0,3,0,3,39.666666666666664,26,53,0,0,0,0,0,0,NA,2,0,2,0,0,0,0,1,0,0,0,0,No,No,Sí,No
A-2022-10-126,2022-10-31,2022,10,Octubre,lunes,18:00,18,Noche,No,LIMA,LIMA,LA MOLINA,RURAL,-12.069432,-76.972235,VOLCADURA,1,0,1,No,No,CARRETERA,NACIONAL,PE-1NA,DESPEJADO,RURAL,TRAMO RECTO,PLANA,ASFALTADA,EN PROCESO DE INVESTIGACIÓN,NO CUENTA CON CAUSA ESPECIFICA,2,1,0,1,1,1,0,0,0,1,0,1,1,2,24,22,26,0,0,0,0,0,0,NA,1,1,0,0,0,0,0,0,0,1,0,0,Sí,No,No,No
A-2022-11-155,2022-11-01,2022,11,Noviembre,martes,06:55,6,Mañana,No,LIMA,LIMA,PUCUSANA,URBANA,-12.459259897902477,-76.75292140903727,DESPISTE,1,3,4,Sí,No,CARRETERA,NACIONAL,PE-1S,DESPEJADO,INDUSTRIAL,TRAMO RECTO,PLANA,ASFALTADA,EN PROCESO DE INVESTIGACIÓN,NO CUENTA CON CAUSA ESPECIFICA,6,1,3,2,3,3,0,0,1,0,0,4,2,6,35.5,19,74,0,1,0,0,0,0,NA,3,0,1,2,0,0,0,0,0,0,0,0,No,Sí,No,No
A-2022-11-156,2022-11-01,2022,11,Noviembre,martes,07:35,7,Mañana,No,LIMA,LIMA,SAN MARTIN DE PORRES,URBANA,-11.983233492095652,-77.09830779960501,ATROPELLO,1,0,1,No,No,AVENIDA,URBANO,NO CORRESPONDE,DESPEJADO,COMERCIAL,TRAMO RECTO,PLANA,ASFALTADA,EN PROCESO DE INVESTIGACIÓN,NO CUENTA CON CAUSA ESPECIFICA,2,1,0,1,1,0,1,0,0,0,1,1,1,2,35,34,36,0,0,0,0,0,0,NA,1,0,1,0,0,0,0,0,0,0,0,0,No,No,No,No
A-2022-11-134,2022-11-03,2022,11,Noviembre,jueves,00:30,0,Madrugada,No,LIMA,LIMA,SAN MIGUEL,URBANA,-12.086806019114182,-77.09402020708224,CHOQUE CON OBJETO FIJO,1,1,2,Sí,No,OTRO,URBANO,NO CORRESPONDE,DESPEJADO,COMERCIAL,TRAMO RECTO,PLANA,ASFALTADA,EN PROCESO DE INVESTIGACIÓN,NO CUENTA CON CAUSA ESPECIFICA,2,1,1,0,1,1,0,0,1,0,0,1,1,2,30,28,32,0,0,0,0,0,0,NA,1,1,0,0,0,0,0,0,0,0,0,0,Sí,No,No,No
A-2022-11-135,2022-11-05,2022,11,Noviembre,sábado,22:30,22,Noche,Sí,LIMA,LIMA,PUENTE PIEDRA,URBANA,-11.8662825,-77.0735316127,ATROPELLO,1,0,1,No,No,CARRETERA,NACIONAL,PE-1N,DESPEJADO,COMERCIAL,TRAMO RECTO,PLANA,ASFALTADA,EN PROCESO DE INVESTIGACIÓN,NO CUENTA CON CAUSA ESPECIFICA,2,1,0,1,1,0,1,0,0,0,1,2,0,1,18,18,18,0,0,0,0,0,0,NA,1,0,1,0,0,0,0,0,0,0,0,0,No,No,No,No
A-2022-11-235,2022-11-06,2022,11,Noviembre,domingo,01:30,1,Madrugada,Sí,LIMA,LIMA,LURIN,URBANA,-12.257543,-76.919539,ATROPELLO FUGA,1,0,1,No,No,CARRETERA,NACIONAL,PE-1S,DESPEJADO,COMERCIAL,TRAMO RECTO,PLANA,ASFALTADA,EN PROCESO DE INVESTIGACIÓN,NO CUENTA CON CAUSA ESPECIFICA,2,1,0,0,1,0,1,0,0,0,1,1,0,1,45,45,45,0,0,0,0,0,0,NA,1,0,0,0,0,0,1,0,0,0,0,1,No,No,No,Sí
A-2022-11-239,2022-11-06,2022,11,Noviembre,domingo,05:30,5,Madrugada,Sí,LIMA,LIMA,LURIN,RURAL,-12.2833156,-76.87833662,ATROPELLO FUGA,1,0,1,No,No,CARRETERA,NACIONAL,PE-1S,DESPEJADO,INDUSTRIAL,TRAMO RECTO,PLANA,ASFALTADA,EN PROCESO DE INVESTIGACIÓN,NO CUENTA CON CAUSA ESPECIFICA,2,1,0,0,1,0,1,0,0,0,1,0,1,1,72,72,72,0,1,0,0,0,0,NA,1,0,0,0,0,0,1,0,0,0,0,1,No,No,No,Sí
A-2022-11-238,2022-11-06,2022,11,Noviembre,domingo,19:30,19,Noche,Sí,LIMA,LIMA,VILLA MARIA DEL TRIUNFO,URBANA,-12.22315198,-76.90811696,ATROPELLO FUGA,1,0,1,No,No,AVENIDA,URBANO,NO CORRESPONDE,DESPEJADO,COMERCIAL,TRAMO RECTO,PLANA,ASFALTADA,IMPRUDENCIA DEL PEATÓN,OTRO (IMPRUDENCIA DEL PEATÓN),2,1,0,0,1,0,1,0,0,0,1,1,0,1,44,44,44,0,0,0,0,0,0,NA,1,0,0,0,0,0,1,0,0,0,0,1,No,No,No,Sí
A-2022-11-157,2022-11-07,2022,11,Noviembre,lunes,05:30,5,Madrugada,No,LIMA,LIMA,PACHACAMAC,URBANA,-12.2306358913437,-76.86010973710609,CHOQUE,1,3,4,Sí,No,JIRÓN,URBANO,NO CORRESPONDE,DESPEJADO,RESIDENCIAL,TRAMO RECTO,PLANA,ASFALTADA,EN PROCESO DE INVESTIGACIÓN,NO CUENTA CON CAUSA ESPECIFICA,6,1,3,2,2,4,0,0,0,1,0,4,2,6,31.833333333333332,7,62,1,1,1,1,0,0,NA,2,1,1,0,0,0,0,1,0,2,0,0,Sí,No,Sí,No
A-2022-11-136,2022-11-07,2022,11,Noviembre,lunes,05:45,5,Madrugada,No,LIMA,LIMA,SAN MARTIN DE PORRES,URBANA,-12.0333318,-77.0534675,DESPISTE,1,0,1,No,No,CARRETERA,NACIONAL,PE-1N,DESPEJADO,COMERCIAL,TRAMO RECTO,PLANA,ASFALTADA,EN PROCESO DE INVESTIGACIÓN,NO CUENTA CON CAUSA ESPECIFICA,1,1,0,0,1,0,0,0,1,0,0,1,0,1,24,24,24,0,0,0,0,0,0,NA,1,1,0,0,0,0,0,0,0,0,0,0,Sí,No,No,No
A-2022-11-231,2022-11-07,2022,11,Noviembre,lunes,21:50,21,Noche,No,LIMA,LIMA,CARABAYLLO,URBANA,-11.87439302,-77.01407097,ATROPELLO,1,0,1,No,No,AVENIDA,URBANO,NO CORRESPONDE,DESPEJADO,COMERCIAL,TRAMO RECTO,PLANA,ASFALTADA,EN PROCESO DE INVESTIGACIÓN,NO CUENTA CON CAUSA ESPECIFICA,2,1,0,1,1,0,1,0,0,0,1,2,0,2,42.5,18,67,0,1,0,0,0,0,NA,1,1,0,0,0,0,0,0,0,0,0,0,Sí,No,No,No
A-2022-11-137,2022-11-07,2022,11,Noviembre,lunes,22:00,22,Noche,No,LIMA,LIMA,LA VICTORIA,URBANA,-12.070423831237946,-77.0312295190279,ATROPELLO FUGA,1,0,1,No,No,VIA EXPRESA,URBANO,NO CORRESPONDE,DESPEJADO,COMERCIAL,TRAMO RECTO,PLANA,ASFALTADA,EN PROCESO DE INVESTIGACIÓN,NO CUENTA CON CAUSA ESPECIFICA,2,1,0,0,1,0,1,0,0,0,1,1,0,1,72,72,72,0,1,0,0,0,0,NA,1,0,0,0,0,0,1,0,0,0,0,1,No,No,No,Sí
A-2022-11-133,2022-11-08,2022,11,Noviembre,martes,08:30,8,Mañana,No,CALLAO,CALLAO,CALLAO,URBANA,-11.9421195,-77.131295821,ATROPELLO,1,0,1,No,No,CARRETERA,NACIONAL,PE-20,DESPEJADO,INDUSTRIAL,TRAMO RECTO,PLANA,ASFALTADA,EN PROCESO DE INVESTIGACIÓN,NO CUENTA CON CAUSA ESPECIFICA,2,1,0,1,1,0,1,0,0,0,1,1,1,2,66.5,45,88,0,1,0,0,0,0,NA,1,0,0,1,0,0,0,0,0,0,0,0,No,Sí,No,No
A-2022-11-119,2022-11-08,2022,11,Noviembre,martes,16:00,16,Tarde,No,CALLAO,CALLAO,CALLAO,URBANA,-11.989341,-77.1259525195,CHOQUE,1,0,1,No,No,CARRETERA,NACIONAL,PE-20,DESPEJADO,COMERCIAL,TRAMO RECTO,PLANA,ASFALTADA,EN PROCESO DE INVESTIGACIÓN,NO CUENTA CON CAUSA ESPECIFICA,2,1,0,1,2,0,0,0,1,0,0,2,0,2,37,22,52,0,0,0,0,0,0,NA,2,1,0,1,0,0,0,0,0,0,0,0,Sí,Sí,No,No
A-2022-11-138,2022-11-08,2022,11,Noviembre,martes,16:00,16,Tarde,No,LIMA,LIMA,LURIGANCHO,URBANA,-12.007566328955926,-76.88740436673737,CHOQUE,1,0,1,No,No,AVENIDA,URBANO,NO CORRESPONDE,DESPEJADO,INDUSTRIAL,INTERSECCIÓN,PLANA,ASFALTADA,EN PROCESO DE INVESTIGACIÓN,NO CUENTA CON CAUSA ESPECIFICA,2,1,0,0,2,0,0,0,1,0,0,1,0,1,21,21,21,0,0,1,1,0,0,NA,2,1,0,1,0,0,0,0,0,0,0,0,Sí,Sí,No,No
A-2022-11-158,2022-11-10,2022,11,Noviembre,jueves,07:20,7,Mañana,No,LIMA,LIMA,SAN JUAN DE LURIGANCHO,URBANA,-11.968520605348148,-76.99352112113033,ATROPELLO,1,1,2,Sí,No,AVENIDA,URBANO,NO CORRESPONDE,DESPEJADO,COMERCIAL,TRAMO RECTO,PLANA,ASFALTADA,EN PROCESO DE INVESTIGACIÓN,NO CUENTA CON CAUSA ESPECIFICA,3,1,1,1,1,1,1,0,0,0,1,2,1,3,47.333333333333336,13,86,1,1,0,0,0,0,NA,1,0,1,0,0,0,0,0,0,0,0,0,No,No,No,No
A-2022-11-140,2022-11-10,2022,11,Noviembre,jueves,19:30,19,Noche,No,LIMA,LIMA,LIMA,URBANA,-12.061313795338775,-77.01557143153546,ATROPELLO FUGA,1,0,1,No,No,JIRÓN,URBANO,NO CORRESPONDE,DESPEJADO,COMERCIAL,INTERSECCIÓN,PLANA,ASFALTADA,EN PROCESO DE INVESTIGACIÓN,NO CUENTA CON CAUSA ESPECIFICA,2,1,0,0,1,0,1,0,0,0,1,1,0,1,57,57,57,0,0,0,0,0,0,NA,1,0,0,0,0,0,1,0,0,0,0,1,No,No,No,Sí
A-2022-11-161,2022-11-11,2022,11,Noviembre,viernes,14:40,14,Tarde,No,LIMA,LIMA,VILLA EL SALVADOR,URBANA,-12.21868577027267,-76.94013918025463,ATROPELLO,1,0,1,No,No,AVENIDA,URBANO,NO CORRESPONDE,DESPEJADO,RESIDENCIAL,INTERSECCIÓN,INCLINADA,ASFALTADA,EN PROCESO DE INVESTIGACIÓN,NO CUENTA CON CAUSA ESPECIFICA,2,1,0,1,1,0,1,0,0,0,1,2,0,2,83,82,84,0,2,1,1,0,0,NA,1,1,0,0,0,0,0,0,0,0,0,0,Sí,No,No,No
A-2022-11-160,2022-11-11,2022,11,Noviembre,viernes,17:20,17,Tarde,No,LIMA,LIMA,LURIN,URBANA,-12.275870433639133,-76.89007762093257,DESPISTE,1,3,4,Sí,No,CARRETERA,NACIONAL,PE-1S,DESPEJADO,INDUSTRIAL,TRAMO RECTO,PLANA,ASFALTADA,EN PROCESO DE INVESTIGACIÓN,NO CUENTA CON CAUSA ESPECIFICA,4,1,3,0,1,3,0,0,0,1,0,2,2,3,31.333333333333332,27,34,0,0,0,1,0,0,NA,1,0,1,0,0,0,0,0,0,0,0,0,No,No,No,No
A-2022-11-139,2022-11-12,2022,11,Noviembre,sábado,05:30,5,Madrugada,Sí,LIMA,LIMA,SAN MIGUEL,URBANA,-12.0770287,-77.0938125,CHOQUE,1,0,1,No,No,AVENIDA,URBANO,NO CORRESPONDE,DESPEJADO,COMERCIAL,TRAMO RECTO,PLANA,ASFALTADA,EN PROCESO DE INVESTIGACIÓN,NO CUENTA CON CAUSA ESPECIFICA,2,1,0,1,2,0,0,0,1,0,0,2,0,2,45.5,37,54,0,0,0,1,0,0,NA,2,0,1,0,0,0,0,0,0,0,0,0,No,No,No,No
A-2022-11-141,2022-11-12,2022,11,Noviembre,sábado,20:10,20,Noche,Sí,LIMA,LIMA,LURIGANCHO,URBANA,-12.020841026337163,-76.92263775270905,CHOQUE,1,1,2,Sí,No,CARRETERA,NACIONAL,PE-22,DESPEJADO,INDUSTRIAL,TRAMO RECTO,PLANA,ASFALTADA,EN PROCESO DE INVESTIGACIÓN,NO CUENTA CON CAUSA ESPECIFICA,3,1,1,1,2,1,0,0,0,1,0,3,0,2,45.5,37,54,0,0,1,1,0,0,NA,2,0,1,1,0,0,0,0,0,0,0,0,No,Sí,No,No
A-2022-11-233,2022-11-13,2022,11,Noviembre,domingo,18:50,18,Noche,Sí,LIMA,LIMA,SAN MARTIN DE PORRES,URBANA,-11.990969413669056,-77.08949531896536,CHOQUE,1,0,1,No,No,AVENIDA,URBANO,NO CORRESPONDE,DESPEJADO,RESIDENCIAL,TRAMO RECTO,PLANA,ASFALTADA,IMPRUDENCIA DEL CONDUCTOR,EXCESO DE VELOCIDAD,2,1,0,1,2,0,0,0,1,0,0,2,0,2,35.5,23,48,0,0,0,0,0,0,NA,2,2,0,0,0,0,0,0,0,0,0,0,Sí,No,No,No
A-2022-11-142,2022-11-13,2022,11,Noviembre,domingo,23:15,23,Noche,Sí,LIMA,LIMA,LOS OLIVOS,URBANA,-11.9632331,-77.07862223,DESPISTE,1,0,1,No,No,AVENIDA,URBANO,NO CORRESPONDE,DESPEJADO,RESIDENCIAL,TRAMO RECTO,PLANA,ASFALTADA,EN PROCESO DE INVESTIGACIÓN,NO CUENTA CON CAUSA ESPECIFICA,1,1,0,0,1,0,0,0,1,0,0,1,0,1,26,26,26,0,0,0,0,0,0,NA,1,0,0,0,0,1,0,0,0,0,0,0,No,No,No,No
A-2022-11-162,2022-11-14,2022,11,Noviembre,lunes,00:30,0,Madrugada,No,LIMA,LIMA,LURIGANCHO,URBANA,-11.938774046417786,-76.71391904540896,ATROPELLO FUGA,1,0,1,No,No,CALLE,URBANO,NO CORRESPONDE,DESPEJADO,RESIDENCIAL,INTERSECCIÓN,INCLINADA,ASFALTADA,EN PROCESO DE INVESTIGACIÓN,NO CUENTA CON CAUSA ESPECIFICA,2,1,0,0,1,0,1,0,0,0,1,1,0,1,27,27,27,0,0,0,0,0,0,NA,1,0,0,0,0,0,1,0,0,0,0,1,No,No,No,Sí
A-2022-11-143,2022-11-15,2022,11,Noviembre,martes,12:30,12,Tarde,No,LIMA,LIMA,ANCON,URBANA,-11.813834,-77.128701,ATROPELLO,1,0,1,No,No,CARRETERA,NACIONAL,PE-1N,DESPEJADO,COMERCIAL,TRAMO RECTO,PLANA,ASFALTADA,EN PROCESO DE INVESTIGACIÓN,NO CUENTA CON CAUSA ESPECIFICA,2,1,0,1,1,0,1,0,0,0,1,2,0,1,34,34,34,0,0,0,0,0,0,NA,1,0,0,0,1,0,0,0,0,0,0,0,No,No,No,No
A-2022-11-144,2022-11-15,2022,11,Noviembre,martes,23:00,23,Noche,No,LIMA,LIMA,SAN MARTIN DE PORRES,URBANA,-12.00976,-77.060729,ATROPELLO,1,0,1,No,No,CARRETERA,NACIONAL,PE-1N,DESPEJADO,COMERCIAL,TRAMO RECTO,PLANA,ASFALTADA,EN PROCESO DE INVESTIGACIÓN,NO CUENTA CON CAUSA ESPECIFICA,2,1,0,1,1,0,1,0,0,0,1,1,0,1,29,29,29,0,0,0,0,0,0,NA,1,0,0,0,1,0,0,1,0,0,0,0,No,No,Sí,No
A-2022-11-145,2022-11-16,2022,11,Noviembre,miércoles,05:30,5,Madrugada,No,LIMA,LIMA,LOS OLIVOS,URBANA,-11.974377,-77.066469,CHOQUE,1,1,2,Sí,No,CARRETERA,NACIONAL,PE-1N,DESPEJADO,COMERCIAL,TRAMO RECTO,PLANA,ASFALTADA,EN PROCESO DE INVESTIGACIÓN,NO CUENTA CON CAUSA ESPECIFICA,3,1,1,1,2,1,0,0,0,1,0,3,0,2,34.5,25,44,0,0,0,0,0,0,NA,2,0,1,1,0,0,0,0,0,0,0,0,No,Sí,No,No
A-2022-11-146,2022-11-16,2022,11,Noviembre,miércoles,20:15,20,Noche,No,LIMA,LIMA,BREÑA,URBANA,-12.06794779380365,-77.04804799852288,ATROPELLO,1,1,2,Sí,No,AVENIDA,URBANO,NO CORRESPONDE,DESPEJADO,COMERCIAL,TRAMO RECTO,PLANA,ASFALTADA,EN PROCESO DE INVESTIGACIÓN,NO CUENTA CON CAUSA ESPECIFICA,3,1,1,1,1,0,2,0,0,0,1,2,1,3,27.333333333333332,21,39,0,0,0,0,0,0,NA,1,0,0,0,1,0,0,1,0,0,0,0,No,No,Sí,No
A-2022-11-147,2022-11-18,2022,11,Noviembre,viernes,18:00,18,Noche,No,LIMA,LIMA,LOS OLIVOS,URBANA,-11.989731500526343,-77.06459178954998,ATROPELLO,1,0,1,No,No,AVENIDA,URBANO,NO CORRESPONDE,DESPEJADO,COMERCIAL,ÓVALO,PLANA,ASFALTADA,EN PROCESO DE INVESTIGACIÓN,NO CUENTA CON CAUSA ESPECIFICA,2,1,0,1,1,0,1,0,0,0,1,1,1,2,29.5,18,41,0,0,0,0,0,0,NA,1,0,0,1,0,0,0,0,0,0,0,0,No,Sí,No,No
A-2022-11-148,2022-11-19,2022,11,Noviembre,sábado,05:40,5,Madrugada,Sí,LIMA,LIMA,ATE,URBANA,-12.006904216614387,-76.85291753105753,CHOQUE,1,0,1,No,No,CARRETERA,NACIONAL,PE-22,DESPEJADO,INDUSTRIAL,TRAMO RECTO,PLANA,ASFALTADA,EN PROCESO DE INVESTIGACIÓN,NO CUENTA CON CAUSA ESPECIFICA,3,1,0,2,2,0,1,0,0,0,1,2,1,3,39.666666666666664,34,46,0,0,0,1,0,0,NA,2,0,2,0,0,0,0,2,2,0,0,0,No,No,Sí,No
A-2022-11-241,2022-11-19,2022,11,Noviembre,sábado,17:00,17,Tarde,Sí,LIMA,LIMA,PUEBLO LIBRE,URBANA,-12.08011166,-77.05790207,CHOQUE,1,0,1,No,No,AVENIDA,URBANO,NO CORRESPONDE,DESPEJADO,RESIDENCIAL,TRAMO RECTO,PLANA,ASFALTADA,EN PROCESO DE INVESTIGACIÓN,NO CUENTA CON CAUSA ESPECIFICA,2,1,0,1,2,0,0,0,1,0,0,2,0,1,48,48,48,0,0,0,0,0,0,NA,2,1,0,0,1,0,0,1,0,0,0,0,Sí,No,Sí,No
A-2022-11-149,2022-11-21,2022,11,Noviembre,lunes,04:00,4,Madrugada,No,LIMA,LIMA,EL AGUSTINO,URBANA,-12.035437190552425,-76.99949913423981,DESPISTE,1,0,1,No,No,AVENIDA,URBANO,NO CORRESPONDE,DESPEJADO,RESIDENCIAL,TRAMO RECTO,PLANA,ASFALTADA,EN PROCESO DE INVESTIGACIÓN,NO CUENTA CON CAUSA ESPECIFICA,1,1,0,0,1,0,0,0,1,0,0,1,0,1,29,29,29,0,0,0,0,0,0,NA,1,1,0,0,0,0,0,0,0,1,0,0,Sí,No,No,No
A-2022-11-236,2022-11-22,2022,11,Noviembre,martes,19:45,19,Noche,No,LIMA,LIMA,VILLA EL SALVADOR,URBANA,-12.21334091,-76.93672424,ATROPELLO,1,0,1,No,No,AVENIDA,URBANO,NO CORRESPONDE,DESPEJADO,RESIDENCIAL,INTERSECCIÓN,PLANA,ASFALTADA,IMPRUDENCIA DEL CONDUCTOR,OTRO (IMPRUDENCIA DEL CONDUCTOR),2,1,0,1,1,0,1,0,0,0,1,2,0,2,55,34,76,0,1,0,0,0,0,NA,1,1,0,0,0,0,0,0,0,1,1,0,Sí,No,No,No
A-2022-11-150,2022-11-23,2022,11,Noviembre,miércoles,18:50,18,Noche,No,LIMA,LIMA,PUENTE PIEDRA,URBANA,-11.836296,-77.110072,ATROPELLO,1,0,1,No,No,CARRETERA,NACIONAL,PE-1N,DESPEJADO,COMERCIAL,INTERSECCIÓN,PLANA,ASFALTADA,EN PROCESO DE INVESTIGACIÓN,NO CUENTA CON CAUSA ESPECIFICA,2,1,0,1,1,0,1,0,0,0,1,2,0,2,37.5,27,48,0,0,0,0,0,0,NA,1,0,0,1,0,0,0,0,0,0,0,0,No,Sí,No,No
A-2022-11-232,2022-11-24,2022,11,Noviembre,jueves,19:40,19,Noche,No,LIMA,LIMA,RIMAC,URBANA,-12.04188508,-77.02257282,ATROPELLO,1,0,1,No,No,JIRÓN,URBANO,NO CORRESPONDE,DESPEJADO,COMERCIAL,TRAMO RECTO,PLANA,ASFALTADA,IMPRUDENCIA DEL PASAJERO/OCUPANTE,OTRO (IMPRUDENCIA DEL PASAJERO/OCUPANTE),2,1,0,1,1,0,1,0,0,0,1,2,0,2,49.5,28,71,0,1,0,0,0,0,NA,1,0,0,0,1,0,0,1,0,0,0,0,No,No,Sí,No
A-2022-11-151,2022-11-25,2022,11,Noviembre,viernes,11:45,11,Mañana,No,LIMA,LIMA,COMAS,URBANA,-11.905014,-77.041267,CAÍDA DE PASAJERO,1,0,1,No,No,AVENIDA,URBANO,NO CORRESPONDE,DESPEJADO,RESIDENCIAL,CURVA,PLANA,ASFALTADA,EN PROCESO DE INVESTIGACIÓN,NO CUENTA CON CAUSA ESPECIFICA,2,1,0,0,1,1,0,0,0,1,0,1,0,0,NA,NA,NA,NA,NA,0,0,0,0,NA,1,0,0,0,0,0,1,0,0,0,0,1,No,No,No,Sí
A-2022-11-163,2022-11-25,2022,11,Noviembre,viernes,15:50,15,Tarde,No,LIMA,LIMA,VILLA MARIA DEL TRIUNFO,URBANA,-12.150951212958748,-76.95079139854161,ATROPELLO,1,0,1,No,No,CALLE,URBANO,NO CORRESPONDE,DESPEJADO,RESIDENCIAL,INTERSECCIÓN,INCLINADA,ASFALTADA,EN PROCESO DE INVESTIGACIÓN,NO CUENTA CON CAUSA ESPECIFICA,2,1,0,1,1,0,1,0,0,0,1,2,0,2,53.5,24,83,0,1,0,0,0,0,NA,1,1,0,0,0,0,0,0,0,0,0,0,Sí,No,No,No
A-2022-11-234,2022-11-26,2022,11,Noviembre,sábado,07:50,7,Mañana,Sí,LIMA,LIMA,LOS OLIVOS,URBANA,-11.961897427853344,-77.06334927825871,DESPISTE,1,0,1,No,No,AVENIDA,URBANO,NO CORRESPONDE,DESPEJADO,RESIDENCIAL,INTERSECCIÓN,PLANA,ASFALTADA,IMPRUDENCIA DEL CONDUCTOR,OTRO (IMPRUDENCIA DEL CONDUCTOR),1,1,0,0,1,0,0,0,1,0,0,1,0,1,26,26,26,0,0,0,0,0,0,NA,1,0,1,0,0,0,0,0,0,0,0,0,No,No,No,No
A-2022-11-153,2022-11-27,2022,11,Noviembre,domingo,05:52,5,Madrugada,Sí,LIMA,LIMA,ANCON,URBANA,-11.765667,-77.153833,DESPISTE,1,0,1,No,No,CALLE,URBANO,NO CORRESPONDE,DESPEJADO,RESIDENCIAL,INTERSECCIÓN,PLANA,AFIRMADO,EN PROCESO DE INVESTIGACIÓN,NO CUENTA CON CAUSA ESPECIFICA,1,1,0,0,1,0,0,0,1,0,0,1,0,1,33,33,33,0,0,1,1,0,0,NA,1,1,0,0,0,0,0,0,0,0,0,0,Sí,No,No,No
A-2022-11-122,2022-11-27,2022,11,Noviembre,domingo,10:10,10,Mañana,Sí,CALLAO,CALLAO,VENTANILLA,URBANA,-11.8613885,-77.150159717,ATROPELLO,1,1,2,Sí,No,CALLE,URBANO,NO CORRESPONDE,DESPEJADO,RURAL,OTRO,PLANA,AFIRMADO,IMPRUDENCIA DEL CONDUCTOR,OTRO (IMPRUDENCIA DEL CONDUCTOR),3,1,1,1,1,0,2,0,0,0,1,0,3,3,33.666666666666664,9,57,1,0,1,1,0,0,NA,1,0,1,0,0,0,0,0,0,0,0,0,No,No,No,No
A-2022-11-152,2022-11-27,2022,11,Noviembre,domingo,15:00,15,Tarde,Sí,LIMA,LIMA,SAN BORJA,URBANA,-12.112008645848649,-77.00674996368099,DESPISTE,1,0,1,No,No,AVENIDA,URBANO,NO CORRESPONDE,DESPEJADO,COMERCIAL,TRAMO RECTO,PLANA,ASFALTADA,EN PROCESO DE INVESTIGACIÓN,NO CUENTA CON CAUSA ESPECIFICA,1,1,0,0,1,0,0,0,1,0,0,1,0,1,51,51,51,0,0,0,0,0,0,NA,1,1,0,0,0,0,0,0,0,0,0,0,Sí,No,No,No
A-2022-11-154,2022-11-28,2022,11,Noviembre,lunes,05:30,5,Madrugada,No,LIMA,LIMA,SAN MARTIN DE PORRES,URBANA,-12.015476,-77.060042,DESPISTE,1,0,1,No,No,CARRETERA,NACIONAL,PE-1N,DESPEJADO,COMERCIAL,TRAMO RECTO,PLANA,ASFALTADA,EN PROCESO DE INVESTIGACIÓN,NO CUENTA CON CAUSA ESPECIFICA,1,1,0,0,1,0,0,0,1,0,0,1,0,1,34,34,34,0,0,1,1,0,0,NA,1,1,0,0,0,0,0,0,1,0,0,0,Sí,No,No,No
A-2022-11-237,2022-11-30,2022,11,Noviembre,miércoles,03:30,3,Madrugada,No,LIMA,LIMA,SANTIAGO DE SURCO,URBANA,-12.09583,-76.980239,DESPISTE,1,0,1,No,No,CARRETERA,NACIONAL,PE-1S,DESPEJADO,COMERCIAL,TRAMO RECTO,INCLINADA,ASFALTADA,IMPRUDENCIA DEL CONDUCTOR,OTRO (IMPRUDENCIA DEL CONDUCTOR),2,1,0,1,2,0,0,0,1,0,0,2,0,2,38.5,29,48,0,0,0,0,0,0,NA,2,1,1,0,0,0,0,0,2,0,0,0,Sí,No,No,No
A-2022-12-147,2022-12-02,2022,12,Diciembre,viernes,08:30,8,Mañana,No,LIMA,LIMA,ATE,URBANA,-12.01503277091015,-76.90017695554093,CHOQUE,1,1,2,Sí,No,CARRETERA,NACIONAL,PE-22,DESPEJADO,COMERCIAL,TRAMO RECTO,PLANA,ASFALTADA,EN PROCESO DE INVESTIGACIÓN,NO CUENTA CON CAUSA ESPECIFICA,3,1,1,1,2,1,0,0,1,0,0,2,1,3,29.333333333333332,21,43,0,0,0,1,0,0,NA,2,1,0,1,0,0,0,0,2,0,0,0,Sí,Sí,No,No
A-2022-12-135,2022-12-02,2022,12,Diciembre,viernes,22:55,22,Noche,No,LIMA,LIMA,LURIGANCHO,URBANA,-11.944786203706464,-76.7097334987167,DESPISTE,1,0,1,No,No,CARRETERA,NACIONAL,PE-22,DESPEJADO,COMERCIAL,CURVA,PLANA,ASFALTADA,EN PROCESO DE INVESTIGACIÓN,NO CUENTA CON CAUSA ESPECIFICA,1,1,0,0,1,0,0,0,1,0,0,1,0,1,22,22,22,0,0,0,0,0,0,NA,1,1,0,0,0,0,0,0,0,0,0,0,Sí,No,No,No
A-2022-12-136,2022-12-03,2022,12,Diciembre,sábado,07:00,7,Mañana,Sí,LIMA,LIMA,CARABAYLLO,URBANA,-11.87342,-77.01557,ATROPELLO,1,0,1,No,No,AVENIDA,URBANO,NO CORRESPONDE,DESPEJADO,COMERCIAL,INTERSECCIÓN,PLANA,ASFALTADA,EN PROCESO DE INVESTIGACIÓN,NO CUENTA CON CAUSA ESPECIFICA,2,1,0,1,1,0,1,0,0,0,1,2,0,2,52,33,71,0,1,0,0,0,0,NA,1,0,0,1,0,0,0,0,0,0,0,0,No,Sí,No,No
A-2022-12-137,2022-12-03,2022,12,Diciembre,sábado,12:00,12,Tarde,Sí,LIMA,LIMA,LURIN,URBANA,-12.252987489302239,-76.89355283461006,ATROPELLO,1,0,1,No,No,AVENIDA,URBANO,NO CORRESPONDE,DESPEJADO,COMERCIAL,TRAMO RECTO,PLANA,ASFALTADA,EN PROCESO DE INVESTIGACIÓN,NO CUENTA CON CAUSA ESPECIFICA,2,1,0,1,1,0,1,0,0,0,1,2,0,2,56.5,37,76,0,1,0,0,0,0,NA,1,0,1,0,0,0,0,1,0,0,0,0,No,No,Sí,No
A-2022-12-148,2022-12-04,2022,12,Diciembre,domingo,02:10,2,Madrugada,Sí,LIMA,LIMA,MIRAFLORES,URBANA,-12.124826741634587,-77.03950830798374,DESPISTE,1,1,2,Sí,No,OTRO,URBANO,NO CORRESPONDE,DESPEJADO,COMERCIAL,TRAMO RECTO,PLANA,ASFALTADA,EN PROCESO DE INVESTIGACIÓN,NO CUENTA CON CAUSA ESPECIFICA,2,1,1,0,1,1,0,0,1,0,0,1,1,2,27.5,27,28,0,0,0,1,0,0,NA,1,1,0,0,0,0,0,0,0,0,0,0,Sí,No,No,No
A-2022-12-110,2022-12-04,2022,12,Diciembre,domingo,19:45,19,Noche,Sí,CALLAO,CALLAO,CALLAO,URBANA,-12.0414112,-77.101385617,ATROPELLO,1,0,1,No,No,AVENIDA,URBANO,NO CORRESPONDE,DESPEJADO,RESIDENCIAL,TRAMO RECTO,PLANA,ASFALTADA,IMPRUDENCIA DEL CONDUCTOR,CONDUCIR EN ESTADO DE EBRIEDAD Y/O DROGADICCIÓN,2,1,0,1,1,0,1,0,0,0,1,1,1,2,66.5,60,73,0,2,0,0,1,1,Sí,1,0,1,0,0,0,0,0,0,0,0,0,No,No,No,No
A-2022-12-138,2022-12-05,2022,12,Diciembre,lunes,18:00,18,Noche,No,LIMA,LIMA,LURIGANCHO,URBANA,-11.976312131967921,-76.78678259760014,DESPISTE,1,0,1,No,No,AVENIDA,URBANO,NO CORRESPONDE,DESPEJADO,RESIDENCIAL,TRAMO RECTO,PLANA,AFIRMADO,EN PROCESO DE INVESTIGACIÓN,NO CUENTA CON CAUSA ESPECIFICA,2,1,0,1,1,1,0,0,0,1,0,0,2,2,18,2,34,1,0,1,1,0,0,NA,1,1,0,0,0,0,0,0,0,1,1,0,Sí,No,No,No
A-2022-12-149,2022-12-05,2022,12,Diciembre,lunes,20:30,20,Noche,No,LIMA,LIMA,PACHACAMAC,URBANA,-12.149398443350513,-76.87106961727629,ATROPELLO,1,0,1,No,No,CARRETERA,PROVINCIAL,LM-796,DESPEJADO,RESIDENCIAL,INTERSECCIÓN,PLANA,ASFALTADA,EN PROCESO DE INVESTIGACIÓN,NO CUENTA CON CAUSA ESPECIFICA,2,1,0,1,1,0,1,0,0,0,1,1,1,2,52.5,31,74,0,1,0,0,0,0,NA,1,0,1,0,0,0,0,1,0,0,1,0,No,No,Sí,No
A-2022-12-139,2022-12-05,2022,12,Diciembre,lunes,23:30,23,Noche,No,LIMA,LIMA,SAN MARTIN DE PORRES,URBANA,-11.985932,-77.086157,DESPISTE,1,0,1,No,No,AVENIDA,URBANO,NO CORRESPONDE,DESPEJADO,RESIDENCIAL,TRAMO RECTO,PLANA,ASFALTADA,EN PROCESO DE INVESTIGACIÓN,NO CUENTA CON CAUSA ESPECIFICA,1,1,0,0,1,0,0,0,1,0,0,1,0,1,42,42,42,0,0,1,1,0,0,NA,1,1,0,0,0,0,0,0,0,0,0,0,Sí,No,No,No
A-2022-12-140,2022-12-06,2022,12,Diciembre,martes,10:00,10,Mañana,No,LIMA,LIMA,MIRAFLORES,URBANA,-12.124395043907858,-77.04037845797377,DESPISTE,1,0,1,No,No,OTRO,URBANO,NO CORRESPONDE,DESPEJADO,COMERCIAL,TRAMO RECTO,PLANA,ASFALTADA,EN PROCESO DE INVESTIGACIÓN,NO CUENTA CON CAUSA ESPECIFICA,1,1,0,0,1,0,0,0,1,0,0,1,0,1,39,39,39,0,0,0,0,0,0,NA,1,1,0,0,0,0,0,0,0,0,0,0,Sí,No,No,No
A-2022-12-150,2022-12-06,2022,12,Diciembre,martes,11:20,11,Mañana,No,LIMA,LIMA,SAN ISIDRO,URBANA,-12.091149255233127,-77.00845235698405,ATROPELLO,1,0,1,No,No,AVENIDA,URBANO,NO CORRESPONDE,DESPEJADO,COMERCIAL,TRAMO RECTO,PLANA,ASFALTADA,EN PROCESO DE INVESTIGACIÓN,NO CUENTA CON CAUSA ESPECIFICA,4,1,0,3,3,0,1,0,0,0,1,4,0,3,33,30,39,0,0,0,0,0,0,NA,3,0,1,1,1,0,0,2,3,0,0,0,No,Sí,Sí,No
A-2022-12-141,2022-12-08,2022,12,Diciembre,jueves,04:50,4,Madrugada,No,LIMA,LIMA,CHORRILLOS,URBANA,-12.1961847637265,-77.00054599573585,DESPISTE,1,0,1,No,No,AVENIDA,URBANO,NO CORRESPONDE,DESPEJADO,COMERCIAL,TRAMO RECTO,PLANA,ASFALTADA,EN PROCESO DE INVESTIGACIÓN,NO CUENTA CON CAUSA ESPECIFICA,1,1,0,0,1,0,0,0,1,0,0,1,0,1,49,49,49,0,0,0,1,0,0,NA,1,1,0,0,0,0,0,0,0,0,0,0,Sí,No,No,No
A-2022-12-142,2022-12-10,2022,12,Diciembre,sábado,10:30,10,Mañana,Sí,LIMA,LIMA,LIMA,URBANA,-12.044576173781529,-77.0457080251964,DESPISTE,1,1,2,Sí,No,JIRÓN,URBANO,NO CORRESPONDE,DESPEJADO,COMERCIAL,TRAMO RECTO,PLANA,ASFALTADA,EN PROCESO DE INVESTIGACIÓN,NO CUENTA CON CAUSA ESPECIFICA,3,1,1,1,1,0,2,0,0,0,1,3,0,3,59,36,82,0,1,0,0,0,0,NA,1,0,1,0,0,0,0,0,0,0,0,0,No,No,No,No
A-2022-12-133,2022-12-10,2022,12,Diciembre,sábado,14:00,14,Tarde,Sí,CALLAO,CALLAO,CALLAO,URBANA,-12.0386153180246,-77.099686344007,CHOQUE CON OBJETO FIJO,1,0,1,No,No,CARRETERA,NACIONAL,PE-20B,DESPEJADO,COMERCIAL,TRAMO RECTO,PLANA,CONCRETO,IMPRUDENCIA DEL CONDUCTOR,OTRO (IMPRUDENCIA DEL CONDUCTOR),1,1,0,0,1,0,0,0,1,0,0,1,0,1,23,23,23,0,0,0,0,0,0,NA,1,1,0,0,0,0,0,0,0,0,0,0,Sí,No,No,No
A-2022-12-151,2022-12-10,2022,12,Diciembre,sábado,23:30,23,Noche,Sí,LIMA,LIMA,SAN JUAN DE MIRAFLORES,URBANA,-12.183602550323705,-76.97522781345661,ATROPELLO FUGA,1,0,1,No,No,CARRETERA,NACIONAL,PE-1S,DESPEJADO,COMERCIAL,TRAMO RECTO,PLANA,ASFALTADA,EN PROCESO DE INVESTIGACIÓN,NO CUENTA CON CAUSA ESPECIFICA,3,1,0,0,1,0,1,0,0,0,1,0,1,1,39,39,39,0,0,0,0,0,0,NA,2,0,1,0,0,0,1,0,0,0,0,1,No,No,No,Sí
A-2022-12-143,2022-12-11,2022,12,Diciembre,domingo,00:15,0,Madrugada,Sí,LIMA,LIMA,LURIGANCHO,URBANA,-11.951577,-76.726837,ATROPELLO,1,0,1,No,No,CARRETERA,NACIONAL,PE-22,DESPEJADO,RURAL,TRAMO RECTO,PLANA,ASFALTADA,EN PROCESO DE INVESTIGACIÓN,NO CUENTA CON CAUSA ESPECIFICA,2,1,0,1,1,0,1,0,0,0,1,2,0,1,41,41,41,0,0,0,0,0,0,NA,1,0,0,0,1,0,0,0,0,0,0,0,No,No,No,No
A-2022-12-144,2022-12-11,2022,12,Diciembre,domingo,12:50,12,Tarde,Sí,LIMA,LIMA,COMAS,URBANA,-11.924983900113455,-77.07292633774752,ATROPELLO,1,0,1,No,No,CARRETERA,NACIONAL,PE-1N,DESPEJADO,INDUSTRIAL,TRAMO RECTO,PLANA,ASFALTADA,EN PROCESO DE INVESTIGACIÓN,NO CUENTA CON CAUSA ESPECIFICA,2,1,0,1,1,0,1,0,0,0,1,2,0,2,58,37,79,0,1,0,0,0,0,NA,1,0,1,0,0,0,0,0,0,0,0,0,No,No,No,No
A-2022-12-152,2022-12-12,2022,12,Diciembre,lunes,18:15,18,Noche,No,LIMA,LIMA,SAN MARTIN DE PORRES,URBANA,-12.029883924894243,-77.06106400049627,ATROPELLO,1,0,1,No,No,AVENIDA,URBANO,NO CORRESPONDE,DESPEJADO,COMERCIAL,TRAMO RECTO,PLANA,ASFALTADA,EN PROCESO DE INVESTIGACIÓN,NO CUENTA CON CAUSA ESPECIFICA,2,1,0,0,1,0,1,0,0,0,1,1,1,1,70,70,70,0,1,0,0,0,0,NA,1,1,0,0,0,0,0,0,0,0,0,0,Sí,No,No,No
A-2022-12-153,2022-12-13,2022,12,Diciembre,martes,13:00,13,Tarde,No,LIMA,LIMA,SAN MARTIN DE PORRES,URBANA,-11.9879312,-77.1144248,ATROPELLO,1,0,1,No,No,AVENIDA,URBANO,NO CORRESPONDE,DESPEJADO,COMERCIAL,INTERSECCIÓN,PLANA,ASFALTADA,EN PROCESO DE INVESTIGACIÓN,NO CUENTA CON CAUSA ESPECIFICA,2,1,0,1,1,0,1,0,0,0,1,1,1,2,27.5,17,38,1,0,0,0,0,0,NA,1,0,0,1,0,0,0,0,0,0,0,0,No,Sí,No,No
A-2022-12-154,2022-12-13,2022,12,Diciembre,martes,21:10,21,Noche,No,LIMA,LIMA,LOS OLIVOS,URBANA,-11.975885,-77.083015,ATROPELLO FUGA,1,0,1,No,No,AVENIDA,URBANO,NO CORRESPONDE,DESPEJADO,COMERCIAL,TRAMO RECTO,PLANA,ASFALTADA,EN PROCESO DE INVESTIGACIÓN,NO CUENTA CON CAUSA ESPECIFICA,2,1,0,0,1,0,1,0,0,0,1,0,1,1,41,41,41,0,0,0,0,0,0,NA,1,0,0,0,0,0,1,0,0,0,0,1,No,No,No,Sí
A-2022-12-230,2022-12-15,2022,12,Diciembre,jueves,21:50,21,Noche,No,LIMA,LIMA,COMAS,URBANA,-11.92179259,-77.03542497,ATROPELLO,1,0,1,No,No,AVENIDA,URBANO,NO CORRESPONDE,DESPEJADO,RESIDENCIAL,TRAMO RECTO,PLANA,ASFALTADA,EN PROCESO DE INVESTIGACIÓN,NO CUENTA CON CAUSA ESPECIFICA,2,1,0,1,1,0,1,0,0,0,1,2,0,2,74.5,69,80,0,2,0,0,0,0,NA,1,1,0,0,0,0,0,0,0,1,0,0,Sí,No,No,No
A-2022-12-155,2022-12-18,2022,12,Diciembre,domingo,03:00,3,Madrugada,Sí,LIMA,LIMA,LURIN,URBANA,-12.250006357950348,-76.93125838153544,ATROPELLO FUGA,1,0,1,No,No,CARRETERA,NACIONAL,PE-1S,DESPEJADO,COMERCIAL,TRAMO RECTO,PLANA,ASFALTADA,EN PROCESO DE INVESTIGACIÓN,NO CUENTA CON CAUSA ESPECIFICA,2,1,0,0,1,0,1,0,0,0,1,1,0,1,44,44,44,0,0,0,0,0,0,NA,1,0,0,0,0,0,1,0,0,0,0,1,No,No,No,Sí
A-2022-12-231,2022-12-18,2022,12,Diciembre,domingo,07:50,7,Mañana,Sí,LIMA,LIMA,LURIGANCHO,URBANA,-12.007382682308082,-76.87868439810828,ESPECIAL,1,0,1,No,No,AUTOPISTA,URBANO,NO CORRESPONDE,DESPEJADO,COMERCIAL,OTRO,INCLINADA,TROCHA,EN PROCESO DE INVESTIGACIÓN,NO CUENTA CON CAUSA ESPECIFICA,2,1,0,1,1,0,1,0,0,0,1,2,0,2,37,5,69,1,1,0,1,0,0,NA,1,0,0,0,0,0,0,0,0,1,0,0,No,No,No,No
A-2022-12-156,2022-12-19,2022,12,Diciembre,lunes,02:00,2,Madrugada,No,LIMA,LIMA,PUENTE PIEDRA,URBANA,-11.8627248,-77.0772256,DESPISTE,1,1,2,Sí,No,CARRETERA,NACIONAL,PE-1N,DESPEJADO,COMERCIAL,TRAMO RECTO,PLANA,ASFALTADA,EN PROCESO DE INVESTIGACIÓN,NO CUENTA CON CAUSA ESPECIFICA,2,1,1,0,1,1,0,0,0,1,0,1,1,2,24.5,24,25,0,0,0,0,0,0,NA,1,1,0,0,0,0,0,0,0,0,0,0,Sí,No,No,No
A-2022-12-157,2022-12-19,2022,12,Diciembre,lunes,09:25,9,Mañana,No,LIMA,LIMA,PUENTE PIEDRA,URBANA,-11.900399,-77.067679,VOLCADURA,1,0,1,No,No,CARRETERA,NACIONAL,PE-1N,DESPEJADO,COMERCIAL,TRAMO RECTO,PLANA,ASFALTADA,EN PROCESO DE INVESTIGACIÓN,NO CUENTA CON CAUSA ESPECIFICA,3,1,0,2,2,1,0,0,0,1,0,2,1,3,28,22,36,0,0,0,0,0,0,NA,2,1,0,1,0,0,0,0,0,0,0,0,Sí,Sí,No,No
A-2022-12-158,2022-12-19,2022,12,Diciembre,lunes,22:00,22,Noche,No,LIMA,LIMA,SAN MARTIN DE PORRES,URBANA,-11.9886123,-77.08101323,ATROPELLO,1,0,1,No,No,AVENIDA,URBANO,NO CORRESPONDE,DESPEJADO,COMERCIAL,INTERSECCIÓN,PLANA,ASFALTADA,EN PROCESO DE INVESTIGACIÓN,NO CUENTA CON CAUSA ESPECIFICA,2,1,0,1,1,0,1,0,0,0,1,2,0,2,43.5,24,63,0,1,0,0,0,0,NA,1,1,0,0,0,0,0,0,0,0,0,0,Sí,No,No,No
A-2022-12-159,2022-12-19,2022,12,Diciembre,lunes,23:45,23,Noche,No,LIMA,LIMA,LURIGANCHO,URBANA,-12.005509,-76.864542,ATROPELLO FUGA,1,0,1,No,No,AVENIDA,URBANO,NO CORRESPONDE,DESPEJADO,RESIDENCIAL,TRAMO RECTO,PLANA,AFIRMADO,EN PROCESO DE INVESTIGACIÓN,NO CUENTA CON CAUSA ESPECIFICA,2,1,0,0,1,0,1,0,0,0,1,1,0,1,66,66,66,0,1,0,0,0,0,NA,1,0,0,0,0,0,1,0,0,0,0,1,No,No,No,Sí
A-2022-12-162,2022-12-20,2022,12,Diciembre,martes,06:30,6,Mañana,No,LIMA,LIMA,RIMAC,URBANA,-12.041029903264159,-77.03330573589118,VOLCADURA,1,0,1,No,No,CARRETERA,NACIONAL,PE-1N,DESPEJADO,RESIDENCIAL,TRAMO RECTO,PLANA,ASFALTADA,EN PROCESO DE INVESTIGACIÓN,NO CUENTA CON CAUSA ESPECIFICA,1,1,0,0,1,0,0,0,1,0,0,1,0,1,38,38,38,0,0,0,0,0,0,NA,1,1,0,0,0,0,0,0,0,0,0,0,Sí,No,No,No
A-2022-12-160,2022-12-20,2022,12,Diciembre,martes,11:15,11,Mañana,No,LIMA,LIMA,CARABAYLLO,URBANA,-11.853195628398918,-77.00321274235941,ATROPELLO FUGA,1,0,1,No,No,AVENIDA,URBANO,NO CORRESPONDE,DESPEJADO,COMERCIAL,TRAMO RECTO,INCLINADA,ASFALTADA,EN PROCESO DE INVESTIGACIÓN,NO CUENTA CON CAUSA ESPECIFICA,2,1,0,0,1,0,1,0,0,0,1,1,0,1,73,73,73,0,1,0,0,0,0,NA,1,0,0,0,0,0,1,0,0,0,0,1,No,No,No,Sí
A-2022-12-161,2022-12-20,2022,12,Diciembre,martes,14:15,14,Tarde,No,LIMA,LIMA,PUCUSANA,URBANA,-12.450924,-76.75534,ATROPELLO,1,0,1,No,No,CARRETERA,NACIONAL,PE-1S,DESPEJADO,RURAL,TRAMO RECTO,PLANA,ASFALTADA,EN PROCESO DE INVESTIGACIÓN,NO CUENTA CON CAUSA ESPECIFICA,2,1,0,1,1,0,1,0,0,0,1,2,0,2,31.5,16,47,1,0,0,0,0,0,NA,1,0,1,0,0,0,0,0,0,0,0,0,No,No,No,No
A-2022-12-163,2022-12-21,2022,12,Diciembre,miércoles,07:30,7,Mañana,No,LIMA,LIMA,JESUS MARIA,URBANA,-12.089428754673301,-77.05854595639885,ATROPELLO,1,0,1,No,No,AVENIDA,URBANO,NO CORRESPONDE,DESPEJADO,COMERCIAL,TRAMO RECTO,PLANA,ASFALTADA,EN PROCESO DE INVESTIGACIÓN,NO CUENTA CON CAUSA ESPECIFICA,2,1,0,1,1,0,1,0,0,0,1,1,1,2,55,39,71,0,1,0,0,0,0,NA,1,0,0,1,0,0,0,0,0,0,0,0,No,Sí,No,No
A-2022-12-164,2022-12-21,2022,12,Diciembre,miércoles,19:40,19,Noche,No,LIMA,LIMA,PUENTE PIEDRA,URBANA,-11.835598,-77.111331,ATROPELLO FUGA,1,0,1,No,No,CARRETERA,NACIONAL,PE-20,DESPEJADO,ESCOLAR,CURVA,PLANA,ASFALTADA,EN PROCESO DE INVESTIGACIÓN,NO CUENTA CON CAUSA ESPECIFICA,2,1,0,0,1,0,1,0,0,0,1,1,0,0,NA,NA,NA,NA,NA,0,0,0,0,NA,1,0,0,0,0,0,1,0,0,0,0,1,No,No,No,Sí
A-2022-12-165,2022-12-21,2022,12,Diciembre,miércoles,22:30,22,Noche,No,LIMA,LIMA,LURIN,URBANA,-12.249877,-76.931362,CHOQUE,1,0,1,No,No,CARRETERA,NACIONAL,PE-1S,DESPEJADO,COMERCIAL,TRAMO RECTO,PLANA,ASFALTADA,EN PROCESO DE INVESTIGACIÓN,NO CUENTA CON CAUSA ESPECIFICA,2,1,0,1,2,0,0,0,1,0,0,2,0,2,48,45,51,0,0,0,0,0,0,NA,2,0,1,0,1,0,0,1,0,0,0,0,No,No,Sí,No
A-2022-12-167,2022-12-22,2022,12,Diciembre,jueves,13:30,13,Tarde,No,LIMA,LIMA,ATE,URBANA,-12.042236570848894,-76.91083070181811,DESPISTE,2,5,7,Sí,Sí,AVENIDA,URBANO,NO CORRESPONDE,DESPEJADO,RESIDENCIAL,TRAMO RECTO,PLANA,ASFALTADA,EN PROCESO DE INVESTIGACIÓN,NO CUENTA CON CAUSA ESPECIFICA,7,2,5,0,1,6,0,0,1,1,0,1,1,2,19.5,17,22,1,0,1,1,0,0,NA,1,0,1,0,0,0,0,0,0,0,0,0,No,No,No,No
A-2022-12-134,2022-12-23,2022,12,Diciembre,viernes,16:40,16,Tarde,No,CALLAO,CALLAO,CALLAO,URBANA,-12.0425695,-77.118363617,ATROPELLO FUGA,1,0,1,No,No,AVENIDA,URBANO,NO CORRESPONDE,DESPEJADO,COMERCIAL,TRAMO RECTO,PLANA,ASFALTADA,EN PROCESO DE INVESTIGACIÓN,NO CUENTA CON CAUSA ESPECIFICA,2,1,0,0,1,0,1,0,0,0,1,1,0,1,82,82,82,0,1,0,0,0,0,NA,1,0,0,0,0,0,1,0,0,0,0,1,No,No,No,Sí
A-2022-12-166,2022-12-23,2022,12,Diciembre,viernes,23:00,23,Noche,No,LIMA,LIMA,COMAS,URBANA,-11.912144054579986,-77.04594553809683,ATROPELLO,1,0,1,No,No,AVENIDA,URBANO,NO CORRESPONDE,DESPEJADO,RESIDENCIAL,TRAMO RECTO,PLANA,ASFALTADA,EN PROCESO DE INVESTIGACIÓN,NO CUENTA CON CAUSA ESPECIFICA,2,1,0,1,1,0,1,0,0,0,1,0,2,1,29,29,29,0,0,0,0,0,0,NA,1,0,1,0,0,0,0,0,0,0,0,0,No,No,No,No
A-2022-12-169,2022-12-25,2022,12,Diciembre,domingo,02:45,2,Madrugada,Sí,LIMA,LIMA,SANTIAGO DE SURCO,URBANA,-12.144819356636646,-76.98190654884502,ATROPELLO FUGA,1,0,1,No,No,CARRETERA,NACIONAL,PE-1S,DESPEJADO,COMERCIAL,TRAMO RECTO,PLANA,ASFALTADA,EN PROCESO DE INVESTIGACIÓN,NO CUENTA CON CAUSA ESPECIFICA,2,1,0,0,1,0,1,0,0,0,1,1,0,0,NA,NA,NA,NA,NA,0,0,0,0,NA,1,0,0,0,0,0,1,0,0,0,0,1,No,No,No,Sí
A-2022-12-170,2022-12-25,2022,12,Diciembre,domingo,07:30,7,Mañana,Sí,LIMA,LIMA,BARRANCO,URBANA,-12.139128988004245,-77.02745275937706,DESPISTE,1,0,1,No,No,AUTOPISTA,URBANO,NO CORRESPONDE,DESPEJADO,COMERCIAL,CURVA,INCLINADA,ASFALTADA,EN PROCESO DE INVESTIGACIÓN,NO CUENTA CON CAUSA ESPECIFICA,1,1,0,0,1,0,0,0,1,0,0,1,0,1,35,35,35,0,0,0,0,0,0,NA,1,1,0,0,0,0,0,0,0,0,0,0,Sí,No,No,No
A-2022-12-168,2022-12-25,2022,12,Diciembre,domingo,16:30,16,Tarde,Sí,LIMA,LIMA,LIMA,URBANA,-12.044994952836248,-77.04283697391459,CHOQUE,1,0,1,No,No,AVENIDA,URBANO,NO CORRESPONDE,DESPEJADO,COMERCIAL,INTERSECCIÓN,PLANA,ASFALTADA,EN PROCESO DE INVESTIGACIÓN,NO CUENTA CON CAUSA ESPECIFICA,3,1,0,2,2,1,0,0,0,1,0,3,0,3,52,49,57,0,0,0,1,0,0,NA,2,1,0,0,1,0,0,1,0,0,0,0,Sí,No,Sí,No
A-2022-12-171,2022-12-26,2022,12,Diciembre,lunes,14:30,14,Tarde,No,LIMA,LIMA,SAN JUAN DE LURIGANCHO,URBANA,-12.029394015701405,-77.01166679892997,ATROPELLO,1,0,1,No,No,AVENIDA,URBANO,NO CORRESPONDE,DESPEJADO,COMERCIAL,TRAMO RECTO,PLANA,ASFALTADA,EN PROCESO DE INVESTIGACIÓN,NO CUENTA CON CAUSA ESPECIFICA,2,1,0,1,1,0,1,0,0,0,1,2,0,2,38,22,54,0,0,1,1,0,0,NA,1,1,0,0,0,0,0,0,0,0,0,0,Sí,No,No,No
A-2022-12-131,2022-12-26,2022,12,Diciembre,lunes,15:56,15,Tarde,No,CALLAO,CALLAO,CALLAO,URBANA,-11.9439428,-77.1315501,CHOQUE,1,0,1,No,No,CARRETERA,NACIONAL,PE-20,DESPEJADO,COMERCIAL,TRAMO RECTO,PLANA,ASFALTADA,EN PROCESO DE INVESTIGACIÓN,NO CUENTA CON CAUSA ESPECIFICA,2,1,0,1,2,0,0,0,1,0,0,2,0,2,41,33,49,0,0,0,1,0,0,NA,2,0,0,2,0,0,0,0,0,0,0,0,No,Sí,No,No
A-2022-12-172,2022-12-29,2022,12,Diciembre,jueves,09:40,9,Mañana,No,LIMA,LIMA,SAN MARTIN DE PORRES,URBANA,-12.03542145104657,-77.04759117506946,ATROPELLO FUGA,1,0,1,No,No,CARRETERA,NACIONAL,PE-1N,DESPEJADO,COMERCIAL,TRAMO RECTO,PLANA,ASFALTADA,EN PROCESO DE INVESTIGACIÓN,NO CUENTA CON CAUSA ESPECIFICA,2,1,0,0,1,0,1,0,0,0,1,1,0,0,NA,NA,NA,NA,NA,0,0,0,0,NA,1,0,0,0,0,0,1,0,0,0,0,1,No,No,No,Sí
A-2022-12-232,2022-12-30,2022,12,Diciembre,viernes,02:38,2,Madrugada,No,LIMA,LIMA,ATE,URBANA,-12.067143,-76.971589,CHOQUE,1,0,1,No,No,CARRETERA,NACIONAL,PE-1S,DESPEJADO,COMERCIAL,TRAMO RECTO,INCLINADA,ASFALTADA,EN PROCESO DE INVESTIGACIÓN,NO CUENTA CON CAUSA ESPECIFICA,2,1,0,1,2,0,0,0,1,0,0,2,0,2,52.5,46,59,0,0,0,0,0,0,NA,2,0,1,1,0,0,0,0,0,0,0,0,No,Sí,No,No
A-2022-12-215,2022-12-31,2022,12,Diciembre,sábado,23:15,23,Noche,Sí,LIMA,LIMA,ANCON,URBANA,-11.7849027,-77.1545913,ATROPELLO FUGA,1,0,1,No,No,CARRETERA,NACIONAL,PE-1N,NA,NA,NA,NA,NA,EN PROCESO DE INVESTIGACIÓN,NO CUENTA CON CAUSA ESPECIFICA,2,1,0,0,1,0,1,0,0,0,1,1,0,0,NA,NA,NA,NA,NA,0,0,0,0,NA,1,0,0,0,0,0,1,0,0,0,0,1,No,No,No,Sí
A-2022-12-229,2022-12-31,2022,12,Diciembre,sábado,23:15,23,Noche,Sí,LIMA,LIMA,ANCON,URBANA,-11.783896,-77.155454,ATROPELLO FUGA,1,0,1,No,No,CARRETERA,NACIONAL,PE-1N,DESPEJADO,RURAL,TRAMO RECTO,PLANA,ASFALTADA,EN PROCESO DE INVESTIGACIÓN,NO CUENTA CON CAUSA ESPECIFICA,2,1,0,0,1,0,1,0,0,0,1,1,0,1,36,36,36,0,0,0,0,0,0,NA,1,0,0,0,0,0,1,0,0,0,0,1,No,No,No,Sí
A-2023-01-130,2023-01-01,2023,1,Enero,domingo,04:30,4,Madrugada,Sí,LIMA,LIMA,LURIGANCHO,URBANA,-12.02115428,-76.92843602,CHOQUE,1,0,1,No,No,CARRETERA,NACIONAL,PE-22,DESPEJADO,INDUSTRIAL,TRAMO RECTO,PLANA,ASFALTADA,IMPRUDENCIA DEL CONDUCTOR,CONDUCIR EN ESTADO DE EBRIEDAD Y/O DROGADICCIÓN,2,1,0,1,2,0,0,0,1,0,0,2,0,2,35,28,42,0,0,0,0,0,0,NA,2,1,0,1,0,0,0,0,0,0,0,0,Sí,Sí,No,No
A-2023-01-131,2023-01-01,2023,1,Enero,domingo,10:50,10,Mañana,Sí,LIMA,LIMA,CHORRILLOS,URBANA,-12.18744311,-76.995348,CHOQUE,1,1,2,Sí,No,AVENIDA,URBANO,NO CORRESPONDE,DESPEJADO,RESIDENCIAL,INTERSECCIÓN,PLANA,ASFALTADA,IMPRUDENCIA DEL CONDUCTOR,OTRO (IMPRUDENCIA DEL CONDUCTOR),3,1,1,1,2,1,0,0,1,0,0,2,1,3,47.666666666666664,31,58,0,0,0,0,0,0,NA,2,2,0,0,0,0,0,0,0,0,0,0,Sí,No,No,No
A-2023-01-157,2023-01-02,2023,1,Enero,lunes,00:50,0,Madrugada,No,LIMA,LIMA,RIMAC,URBANA,-12.040883004231532,-77.03392535182245,ATROPELLO FUGA,1,0,1,No,No,CARRETERA,NACIONAL,PE-1N,DESPEJADO,COMERCIAL,TRAMO RECTO,PLANA,ASFALTADA,IMPRUDENCIA DEL CONDUCTOR,OTRO (IMPRUDENCIA DEL CONDUCTOR),2,1,0,0,1,0,1,0,0,0,1,0,1,1,66,66,66,0,1,0,0,0,0,NA,1,0,0,0,0,0,1,0,0,0,0,1,No,No,No,Sí
A-2023-01-132,2023-01-02,2023,1,Enero,lunes,03:30,3,Madrugada,No,LIMA,LIMA,SAN JUAN DE MIRAFLORES,URBANA,-12.162271,-76.981829,ATROPELLO,1,0,1,No,No,CARRETERA,NACIONAL,PE-1S,DESPEJADO,COMERCIAL,TRAMO RECTO,PLANA,ASFALTADA,IMPRUDENCIA DEL PEATÓN,CRUCE INDEBIDO POR LA CALZADA,2,1,0,1,1,0,1,0,0,0,1,2,0,2,38,25,51,0,0,0,0,0,0,NA,1,0,0,1,0,0,0,0,0,0,0,0,No,Sí,No,No
A-2023-01-136,2023-01-02,2023,1,Enero,lunes,04:10,4,Madrugada,No,LIMA,LIMA,PUENTE PIEDRA,URBANA,-11.856181,-77.085165,CHOQUE,1,0,1,No,No,CARRETERA,NACIONAL,PE-1N,DESPEJADO,COMERCIAL,TRAMO RECTO,PLANA,ASFALTADA,IMPRUDENCIA DEL CONDUCTOR,OTRO (IMPRUDENCIA DEL CONDUCTOR),2,1,0,1,2,0,0,0,1,0,0,2,0,2,33.5,31,36,0,0,0,1,0,0,NA,2,1,0,1,0,0,0,0,0,0,0,0,Sí,Sí,No,No
A-2023-01-133,2023-01-03,2023,1,Enero,martes,11:00,11,Mañana,No,LIMA,LIMA,COMAS,URBANA,-11.93560076,-77.05045653,ATROPELLO,1,0,1,No,No,JIRÓN,URBANO,NO CORRESPONDE,DESPEJADO,RESIDENCIAL,TRAMO RECTO,PLANA,ASFALTADA,IMPRUDENCIA DEL PEATÓN,OTRO (IMPRUDENCIA DEL PEATÓN),2,1,0,1,1,0,1,0,0,0,1,2,0,2,28.5,3,54,1,0,0,0,0,0,NA,1,0,1,0,0,0,0,0,0,0,0,0,No,No,No,No
A-2023-01-134,2023-01-04,2023,1,Enero,miércoles,04:30,4,Madrugada,No,LIMA,LIMA,SANTIAGO DE SURCO,URBANA,-12.131482,-76.978481,CHOQUE,1,0,1,No,No,CARRETERA,NACIONAL,PE-1S,DESPEJADO,COMERCIAL,TRAMO RECTO,PLANA,ASFALTADA,IMPRUDENCIA DEL CONDUCTOR,OTRO (IMPRUDENCIA DEL CONDUCTOR),2,1,0,1,2,0,0,0,1,0,0,2,0,2,33.5,21,46,0,0,0,0,0,0,NA,2,1,0,0,1,0,0,1,0,0,0,0,Sí,No,Sí,No
A-2023-01-347,2023-01-07,2023,1,Enero,sábado,04:40,4,Madrugada,Sí,LIMA,LIMA,CARABAYLLO,URBANA,-11.89564768,-77.02957181,ATROPELLO,1,0,1,No,No,AVENIDA,URBANO,NO CORRESPONDE,DESPEJADO,COMERCIAL,INTERSECCIÓN,INCLINADA,ASFALTADA,IMPRUDENCIA DEL CONDUCTOR,OTRO (IMPRUDENCIA DEL CONDUCTOR),2,1,0,1,1,0,1,0,0,0,1,2,0,2,67.5,57,78,0,1,0,0,0,0,NA,1,0,1,0,0,0,0,1,0,0,0,0,No,No,Sí,No
A-2023-01-135,2023-01-08,2023,1,Enero,domingo,10:00,10,Mañana,Sí,LIMA,LIMA,CIENEGUILLA,URBANA,-12.08735903,-76.86337844,ATROPELLO,1,1,2,Sí,No,AVENIDA,URBANO,NO CORRESPONDE,DESPEJADO,COMERCIAL,TRAMO RECTO,PLANA,ASFALTADA,EN PROCESO DE INVESTIGACIÓN,NO CUENTA CON CAUSA ESPECIFICA,3,1,1,1,1,0,2,0,0,0,1,3,0,3,20.333333333333332,9,38,2,0,0,0,0,0,NA,1,0,0,1,0,0,0,0,0,0,0,0,No,Sí,No,No
A-2023-01-137,2023-01-12,2023,1,Enero,jueves,04:45,4,Madrugada,No,LIMA,LIMA,LIMA,URBANA,-12.07950923,-77.03402284,CHOQUE,1,0,1,No,No,AVENIDA,URBANO,NO CORRESPONDE,DESPEJADO,COMERCIAL,INTERSECCIÓN,PLANA,ASFALTADA,NEGLIGENCIA DEL CONDUCTOR,OTRO (NEGLIGENCIA DEL CONDUCTOR),2,1,0,1,2,0,0,0,1,0,0,2,0,2,39,38,40,0,0,1,1,0,0,NA,2,0,1,1,0,0,0,0,0,0,0,0,No,Sí,No,No
A-2023-01-348,2023-01-13,2023,1,Enero,viernes,06:00,6,Mañana,No,LIMA,LIMA,LOS OLIVOS,URBANA,-11.98325181,-77.07839425,CHOQUE,1,0,1,No,No,AVENIDA,URBANO,NO CORRESPONDE,DESPEJADO,COMERCIAL,INTERSECCIÓN,PLANA,ASFALTADA,IMPRUDENCIA DEL CONDUCTOR,OTRO (IMPRUDENCIA DEL CONDUCTOR),2,1,0,1,2,0,0,0,1,0,0,2,0,2,53.5,44,63,0,1,0,0,0,0,NA,2,1,1,0,0,0,0,0,0,0,0,0,Sí,No,No,No
A-2023-01-138,2023-01-14,2023,1,Enero,sábado,01:15,1,Madrugada,Sí,LIMA,LIMA,COMAS,URBANA,-11.91191856,-77.03862173,DESPISTE,1,0,1,No,No,AVENIDA,URBANO,NO CORRESPONDE,DESPEJADO,COMERCIAL,TRAMO RECTO,PLANA,ASFALTADA,IMPRUDENCIA DEL CONDUCTOR,CONDUCIR EN ESTADO DE EBRIEDAD Y/O DROGADICCIÓN,1,1,0,0,1,0,0,0,1,0,0,1,0,1,46,46,46,0,0,0,1,0,0,NA,1,1,0,0,0,0,0,0,0,0,0,0,Sí,No,No,No
A-2023-01-346,2023-01-17,2023,1,Enero,martes,12:35,12,Tarde,No,LIMA,LIMA,VILLA EL SALVADOR,URBANA,-12.218472640122307,-76.94555299522678,CHOQUE,1,1,2,Sí,No,AVENIDA,URBANO,NO CORRESPONDE,DESPEJADO,RESIDENCIAL,INTERSECCIÓN,PLANA,ASFALTADA,IMPRUDENCIA DEL CONDUCTOR,OTRO (IMPRUDENCIA DEL CONDUCTOR),3,1,1,1,2,1,0,0,1,0,0,2,1,3,38.666666666666664,20,58,0,0,2,2,0,0,NA,2,1,0,0,1,0,0,1,0,0,0,0,Sí,No,Sí,No
A-2023-01-139,2023-01-17,2023,1,Enero,martes,17:10,17,Tarde,No,LIMA,LIMA,PUENTE PIEDRA,URBANA,-11.840191,-77.105128,CAÍDA DE PASAJERO,1,0,1,No,No,CARRETERA,NACIONAL,PE-1N,DESPEJADO,COMERCIAL,TRAMO RECTO,PLANA,ASFALTADA,IMPRUDENCIA DEL PEATÓN,OTRO (IMPRUDENCIA DEL PEATÓN),2,1,0,1,1,1,0,0,0,1,0,2,0,2,41.5,38,45,0,0,0,0,0,0,NA,1,0,0,1,0,0,0,0,0,0,0,0,No,Sí,No,No
A-2023-01-140,2023-01-17,2023,1,Enero,martes,23:00,23,Noche,No,LIMA,LIMA,ANCON,URBANA,-11.7820838,-77.16173524,CHOQUE,1,0,1,No,No,CALLE,URBANO,NO CORRESPONDE,DESPEJADO,RESIDENCIAL,INTERSECCIÓN,PLANA,ASFALTADA,IMPRUDENCIA DEL CONDUCTOR,EXCESO DE VELOCIDAD,2,1,0,1,2,0,0,0,1,0,0,2,0,2,35.5,25,46,0,0,0,0,0,0,NA,2,1,1,0,0,0,0,0,0,0,0,0,Sí,No,No,No
A-2023-01-141,2023-01-18,2023,1,Enero,miércoles,06:00,6,Mañana,No,LIMA,LIMA,SAN MARTIN DE PORRES,URBANA,-12.01553487,-77.0595959,ATROPELLO FUGA,1,0,1,No,No,AVENIDA,URBANO,NO CORRESPONDE,DESPEJADO,COMERCIAL,INTERSECCIÓN,PLANA,ASFALTADA,EN PROCESO DE INVESTIGACIÓN,NO CUENTA CON CAUSA ESPECIFICA,2,1,0,0,1,0,1,0,0,0,1,1,0,1,65,65,65,0,1,0,0,0,0,NA,1,0,0,0,0,0,1,0,0,0,0,1,No,No,No,Sí
A-2022-01-345,2023-01-18,2023,1,Enero,miércoles,12:30,12,Tarde,No,LIMA,LIMA,SAN JUAN DE MIRAFLORES,URBANA,-12.18875912,-76.96067432,CHOQUE,1,0,1,No,No,CALLE,URBANO,NO CORRESPONDE,DESPEJADO,RESIDENCIAL,TRAMO RECTO,PLANA,ASFALTADA,IMPRUDENCIA DEL CONDUCTOR,OTRO (IMPRUDENCIA DEL CONDUCTOR),2,1,0,1,2,0,0,0,1,0,0,2,0,2,25,17,33,1,0,0,1,0,0,NA,2,1,0,0,0,1,0,0,0,2,1,0,Sí,No,No,No
A-2023-01-143,2023-01-18,2023,1,Enero,miércoles,23:30,23,Noche,No,LIMA,LIMA,COMAS,URBANA,-11.92809536,-77.05262142,ATROPELLO FUGA,1,0,1,No,No,AVENIDA,URBANO,NO CORRESPONDE,DESPEJADO,RESIDENCIAL,TRAMO RECTO,PLANA,ASFALTADA,EN PROCESO DE INVESTIGACIÓN,NO CUENTA CON CAUSA ESPECIFICA,3,1,0,0,2,0,1,0,0,0,1,1,0,1,62,62,62,0,1,0,0,0,0,NA,2,0,1,0,0,0,1,0,0,0,0,1,No,No,No,Sí
A-2023-01-144,2023-01-19,2023,1,Enero,jueves,05:45,5,Madrugada,No,LIMA,LIMA,SANTIAGO DE SURCO,URBANA,-12.13080149,-76.97813265,ATROPELLO,2,0,2,No,Sí,CARRETERA,NACIONAL,PE-1S,DESPEJADO,COMERCIAL,TRAMO RECTO,PLANA,ASFALTADA,IMPRUDENCIA DEL CONDUCTOR,OTRO (IMPRUDENCIA DEL CONDUCTOR),4,2,0,2,2,0,2,0,0,0,2,4,0,4,37.75,24,58,0,0,1,2,0,0,NA,2,0,2,0,0,0,0,0,0,0,0,0,No,No,No,No
A-2023-01-142,2023-01-19,2023,1,Enero,jueves,06:20,6,Mañana,No,LIMA,LIMA,VILLA EL SALVADOR,URBANA,-12.22112427,-76.93862437,ATROPELLO,1,0,1,No,No,AVENIDA,URBANO,NO CORRESPONDE,DESPEJADO,COMERCIAL,INTERSECCIÓN,INCLINADA,ASFALTADA,IMPRUDENCIA DEL CONDUCTOR,OTRO (IMPRUDENCIA DEL CONDUCTOR),2,1,0,1,1,0,1,0,0,0,1,1,1,2,53.5,46,61,0,1,0,0,0,0,NA,1,0,0,0,1,0,0,1,0,0,0,0,No,No,Sí,No
A-2023-01-147,2023-01-21,2023,1,Enero,sábado,01:10,1,Madrugada,Sí,LIMA,LIMA,LURIGANCHO,URBANA,-12.02089,-76.921351,DESPISTE,1,0,1,No,No,CARRETERA,NACIONAL,PE-22,DESPEJADO,INDUSTRIAL,TRAMO RECTO,PLANA,ASFALTADA,IMPRUDENCIA DEL CONDUCTOR,CONDUCIR EN ESTADO DE EBRIEDAD Y/O DROGADICCIÓN,1,1,0,0,1,0,0,0,1,0,0,1,0,1,34,34,34,0,0,0,0,0,0,NA,1,1,0,0,0,0,0,0,0,1,0,0,Sí,No,No,No
A-2023-01-146,2023-01-21,2023,1,Enero,sábado,02:30,2,Madrugada,Sí,LIMA,LIMA,SANTIAGO DE SURCO,URBANA,-12.152397,-76.983898,DESPISTE,1,4,5,Sí,No,CARRETERA,NACIONAL,PE-1S,DESPEJADO,COMERCIAL,TRAMO RECTO,PLANA,ASFALTADA,NEGLIGENCIA DEL CONDUCTOR,OTRO (NEGLIGENCIA DEL CONDUCTOR),6,1,4,1,1,5,0,0,0,1,0,2,4,6,22.833333333333332,19,31,0,0,0,0,0,0,NA,1,0,1,0,0,0,0,0,0,0,0,0,No,No,No,No
A-2023-01-145,2023-01-21,2023,1,Enero,sábado,06:20,6,Mañana,Sí,LIMA,LIMA,CHORRILLOS,URBANA,-12.19732583,-76.99933498,CHOQUE,1,0,1,No,No,AVENIDA,URBANO,NO CORRESPONDE,DESPEJADO,COMERCIAL,INTERSECCIÓN,PLANA,ASFALTADA,IMPRUDENCIA DEL CONDUCTOR,OTRO (IMPRUDENCIA DEL CONDUCTOR),2,1,0,1,2,0,0,0,1,0,0,1,1,2,47,47,47,0,0,0,0,0,0,NA,2,1,1,0,0,0,0,1,0,2,0,0,Sí,No,Sí,No
A-2023-01-148,2023-01-21,2023,1,Enero,sábado,19:20,19,Noche,Sí,LIMA,LIMA,SAN MARTIN DE PORRES,URBANA,-11.97926081,-77.09554158,CAÍDA DE PASAJERO,1,0,1,No,No,CALLE,URBANO,NO CORRESPONDE,DESPEJADO,RESIDENCIAL,TRAMO RECTO,PLANA,ASFALTADA,IMPRUDENCIA DEL CONDUCTOR,OTRO (IMPRUDENCIA DEL CONDUCTOR),2,1,0,1,1,1,0,0,0,1,0,2,0,2,35,26,44,0,0,1,1,0,0,NA,1,1,0,0,0,0,0,0,0,0,0,0,Sí,No,No,No
A-2023-01-149,2023-01-22,2023,1,Enero,domingo,06:00,6,Mañana,Sí,LIMA,LIMA,ANCON,URBANA,-11.75082036,-77.14656204,ATROPELLO,1,0,1,No,No,CARRETERA,NACIONAL,PE-1N,DESPEJADO,RURAL,TRAMO RECTO,PLANA,ASFALTADA,IMPRUDENCIA DEL CONDUCTOR,EXCESO DE VELOCIDAD,2,1,0,1,1,0,1,0,0,0,1,2,0,2,52,36,68,0,1,0,0,0,0,NA,1,0,0,0,1,0,0,0,0,0,0,0,No,No,No,No
A-2023-01-151,2023-01-22,2023,1,Enero,domingo,22:30,22,Noche,Sí,LIMA,LIMA,COMAS,URBANA,-11.9105404,-77.04529613,ATROPELLO,1,0,1,No,No,AVENIDA,URBANO,NO CORRESPONDE,DESPEJADO,COMERCIAL,TRAMO RECTO,PLANA,ASFALTADA,IMPRUDENCIA DEL CONDUCTOR,OTRO (IMPRUDENCIA DEL CONDUCTOR),2,1,0,1,1,0,1,0,0,0,1,2,0,2,48.5,41,56,0,0,0,0,0,0,NA,1,0,1,0,0,0,0,1,0,1,0,0,No,No,Sí,No
A-2023-01-150,2023-01-23,2023,1,Enero,lunes,01:10,1,Madrugada,No,LIMA,LIMA,COMAS,URBANA,-11.94507449,-77.06271568,DESPISTE,1,0,1,No,No,JIRÓN,URBANO,NO CORRESPONDE,DESPEJADO,RESIDENCIAL,TRAMO RECTO,PLANA,ASFALTADA,IMPRUDENCIA DEL CONDUCTOR,CONDUCIR EN ESTADO DE EBRIEDAD Y/O DROGADICCIÓN,1,1,0,0,1,0,0,0,1,0,0,1,0,1,24,24,24,0,0,1,1,0,0,NA,1,1,0,0,0,0,0,0,0,1,0,0,Sí,No,No,No
A-2023-01-152,2023-01-25,2023,1,Enero,miércoles,07:30,7,Mañana,No,LIMA,LIMA,SAN ISIDRO,URBANA,-12.090692904028877,-77.03348002968819,ATROPELLO,1,0,1,No,No,AVENIDA,URBANO,NO CORRESPONDE,DESPEJADO,COMERCIAL,INTERSECCIÓN,PLANA,ASFALTADA,IMPRUDENCIA DEL CONDUCTOR,OTRO (IMPRUDENCIA DEL CONDUCTOR),2,1,0,1,1,0,1,0,0,0,1,1,1,2,39,34,44,0,0,0,0,0,0,NA,1,0,1,0,0,0,0,0,0,0,0,0,No,No,No,No
A-2023-01-153,2023-01-25,2023,1,Enero,miércoles,12:50,12,Tarde,No,LIMA,LIMA,LINCE,URBANA,-12.0841464,-77.03898862,ATROPELLO,1,9,10,Sí,No,AVENIDA,URBANO,NO CORRESPONDE,DESPEJADO,COMERCIAL,INTERSECCIÓN,PLANA,ASFALTADA,IMPRUDENCIA DEL CONDUCTOR,OTRO (IMPRUDENCIA DEL CONDUCTOR),11,1,9,1,2,8,1,0,0,0,1,7,4,11,34.27272727272727,3,59,3,0,0,0,0,0,NA,2,0,1,0,1,0,0,1,0,2,0,0,No,No,Sí,No
A-2023-01-154,2023-01-25,2023,1,Enero,miércoles,12:50,12,Tarde,No,LIMA,LIMA,VILLA MARIA DEL TRIUNFO,URBANA,-12.22012369404766,-76.90753429258767,ATROPELLO,1,0,1,No,No,AVENIDA,URBANO,NO CORRESPONDE,DESPEJADO,COMERCIAL,INTERSECCIÓN,PLANA,ASFALTADA,IMPRUDENCIA DEL PEATÓN,OTRO (IMPRUDENCIA DEL PEATÓN),2,1,0,1,1,0,1,0,0,0,1,2,0,2,66,59,73,0,1,0,0,0,0,NA,1,0,0,1,0,0,0,0,0,0,0,0,No,Sí,No,No
A-2023-01-155,2023-01-26,2023,1,Enero,jueves,07:30,7,Mañana,No,LIMA,LIMA,PUENTE PIEDRA,URBANA,-11.836209,-77.11015,ATROPELLO FUGA,1,0,1,No,No,CARRETERA,NACIONAL,PE-1N,DESPEJADO,COMERCIAL,TRAMO RECTO,INCLINADA,ASFALTADA,EN PROCESO DE INVESTIGACIÓN,NO CUENTA CON CAUSA ESPECIFICA,2,1,0,0,1,0,1,0,0,0,1,1,0,0,NA,NA,NA,NA,NA,0,0,0,0,NA,1,0,0,0,0,0,1,0,0,0,0,1,No,No,No,Sí
A-2023-01-349,2023-01-26,2023,1,Enero,jueves,20:40,20,Noche,No,LIMA,LIMA,SAN MARTIN DE PORRES,URBANA,-11.99113097,-77.08501239,ATROPELLO,1,0,1,No,No,AVENIDA,URBANO,NO CORRESPONDE,DESPEJADO,COMERCIAL,TRAMO RECTO,PLANA,ASFALTADA,IMPRUDENCIA DEL CONDUCTOR,OTRO (IMPRUDENCIA DEL CONDUCTOR),2,1,0,1,1,0,1,0,0,0,1,1,1,2,43,28,58,0,0,1,1,0,0,NA,1,1,0,0,0,0,0,0,1,0,0,0,Sí,No,No,No
A-2023-01-156,2023-01-28,2023,1,Enero,sábado,00:40,0,Madrugada,Sí,LIMA,LIMA,CARABAYLLO,RURAL,-11.755908,-76.974774,ATROPELLO,1,0,1,No,No,CARRETERA,NACIONAL,PE-20A,DESPEJADO,RURAL,CURVA,INCLINADA,ASFALTADA,IMPRUDENCIA DEL PEATÓN,OTRO (IMPRUDENCIA DEL PEATÓN),2,1,0,1,1,0,1,0,0,0,1,2,0,2,42,19,65,0,1,1,1,0,0,NA,1,1,0,0,0,0,0,0,0,0,0,0,Sí,No,No,No
A-2023-01-161,2023-01-28,2023,1,Enero,sábado,06:17,6,Mañana,Sí,LIMA,LIMA,ATE,URBANA,-12.01389364,-76.88334248,ATROPELLO,1,0,1,No,No,CARRETERA,NACIONAL,PE-22,DESPEJADO,COMERCIAL,TRAMO RECTO,PLANA,ASFALTADA,IMPRUDENCIA DEL PEATÓN,OTRO (IMPRUDENCIA DEL PEATÓN),2,1,0,1,1,0,1,0,0,0,1,2,0,2,40,36,44,0,0,0,0,0,0,NA,1,0,0,0,1,0,0,1,0,0,0,0,No,No,Sí,No
A-2023-01-158,2023-01-29,2023,1,Enero,domingo,08:24,8,Mañana,Sí,LIMA,LIMA,LURIN,URBANA,-12.24223259,-76.86837913,ATROPELLO FUGA,1,0,1,No,No,AVENIDA,URBANO,NO CORRESPONDE,DESPEJADO,RESIDENCIAL,CURVA,PLANA,ASFALTADA,IMPRUDENCIA DEL CONDUCTOR,OTRO (IMPRUDENCIA DEL CONDUCTOR),2,1,0,1,1,0,1,0,0,0,1,2,0,2,35,18,52,0,0,0,0,0,0,NA,1,0,0,1,0,0,0,0,0,0,0,0,No,Sí,No,No
A-2023-01-159,2023-01-29,2023,1,Enero,domingo,15:30,15,Tarde,Sí,LIMA,LIMA,COMAS,URBANA,-11.95293236,-77.05133771,ATROPELLO,1,0,1,No,No,AVENIDA,URBANO,NO CORRESPONDE,DESPEJADO,ESCOLAR,INTERSECCIÓN,INCLINADA,ASFALTADA,EN PROCESO DE INVESTIGACIÓN,NO CUENTA CON CAUSA ESPECIFICA,2,1,0,1,1,0,1,0,0,0,1,2,0,2,37.5,33,42,0,0,0,0,0,0,NA,1,0,1,0,0,0,0,1,0,1,0,0,No,No,Sí,No
A-2023-01-160,2023-01-30,2023,1,Enero,lunes,01:10,1,Madrugada,No,LIMA,LIMA,VILLA EL SALVADOR,RURAL,-12.231327467703029,-76.96538686033865,ATROPELLO FUGA,1,0,1,No,No,CARRETERA,NACIONAL,PE-1S,DESPEJADO,INDUSTRIAL,CURVA,PLANA,ASFALTADA,IMPRUDENCIA DEL CONDUCTOR,EXCESO DE VELOCIDAD,2,1,0,0,1,0,1,0,0,0,1,1,0,1,41,41,41,0,0,0,0,0,0,NA,1,0,0,0,0,0,1,0,0,0,0,1,No,No,No,Sí
A-2023-01-114,2023-01-30,2023,1,Enero,lunes,20:20,20,Noche,No,CALLAO,CALLAO,CALLAO,URBANA,-12.0447968,-77.138117617,CHOQUE,1,1,2,Sí,No,AVENIDA,URBANO,NO CORRESPONDE,DESPEJADO,RESIDENCIAL,TRAMO RECTO,PLANA,ASFALTADA,IMPRUDENCIA DEL CONDUCTOR,OTRO (IMPRUDENCIA DEL CONDUCTOR),2,1,1,0,2,0,0,0,1,0,0,1,1,2,39,33,45,0,0,1,1,0,0,NA,2,1,0,1,0,0,0,0,0,2,0,0,Sí,Sí,No,No
A-2023-01-162,2023-01-31,2023,1,Enero,martes,02:00,2,Madrugada,No,LIMA,LIMA,ATE,URBANA,-12.006141198990106,-76.82987693056809,CHOQUE,1,0,1,No,No,AVENIDA,URBANO,NO CORRESPONDE,DESPEJADO,RESIDENCIAL,TRAMO RECTO,PLANA,ASFALTADA,IMPRUDENCIA DEL CONDUCTOR,NO ESTABLECER EL DERECHO DE PASO,2,1,0,1,2,0,0,0,1,0,0,1,1,2,44,25,63,0,1,0,1,0,0,NA,2,2,0,0,0,0,0,1,0,0,0,0,Sí,No,Sí,No
A-2023-02-133,2023-02-02,2023,2,Febrero,jueves,17:20,17,Tarde,No,LIMA,LIMA,VILLA EL SALVADOR,URBANA,-12.22761005,-76.91558296,CHOQUE,1,0,1,No,No,AVENIDA,URBANO,NO CORRESPONDE,DESPEJADO,COMERCIAL,INTERSECCIÓN,PLANA,ASFALTADA,IMPRUDENCIA DEL CONDUCTOR,CONDUCIR EN ESTADO DE EBRIEDAD Y/O DROGADICCIÓN,2,1,0,1,2,0,0,0,1,0,0,2,0,2,33,23,43,0,0,0,1,0,0,NA,2,1,1,0,0,0,0,1,0,0,0,0,Sí,No,Sí,No
A-2023-02-134,2023-02-07,2023,2,Febrero,martes,09:30,9,Mañana,No,LIMA,LIMA,PUENTE PIEDRA,URBANA,-11.850768,-77.091932,CHOQUE,1,0,1,No,No,CARRETERA,NACIONAL,PE-1N,DESPEJADO,COMERCIAL,TRAMO RECTO,PLANA,ASFALTADA,EN PROCESO DE INVESTIGACIÓN,NO CUENTA CON CAUSA ESPECIFICA,2,1,0,1,2,0,0,0,1,0,0,2,0,2,22,15,29,1,0,0,0,0,0,NA,2,1,0,1,0,0,0,0,0,0,0,0,Sí,Sí,No,No
A-2023-02-135,2023-02-07,2023,2,Febrero,martes,20:40,20,Noche,No,LIMA,LIMA,PUENTE PIEDRA,URBANA,-11.835905,-77.110451,ATROPELLO,1,0,1,No,No,CARRETERA,NACIONAL,PE-1N,DESPEJADO,RESIDENCIAL,PUENTE,PLANA,ASFALTADA,IMPRUDENCIA DEL PEATÓN,OTRO (IMPRUDENCIA DEL PEATÓN),2,1,0,1,1,0,1,0,0,0,1,2,0,2,32,28,36,0,0,0,0,0,0,NA,1,0,1,0,0,0,0,0,0,0,0,0,No,No,No,No
A-2023-02-136,2023-02-07,2023,2,Febrero,martes,20:45,20,Noche,No,LIMA,LIMA,PUCUSANA,URBANA,-12.458473,-76.753223,ATROPELLO,1,0,1,No,No,CARRETERA,NACIONAL,PE-1S,DESPEJADO,RURAL,TRAMO RECTO,PLANA,ASFALTADA,IMPRUDENCIA DEL PEATÓN,OTRO (IMPRUDENCIA DEL PEATÓN),2,1,0,1,1,0,1,0,0,0,1,2,0,2,45.5,38,53,0,0,0,0,0,0,NA,1,0,1,0,0,0,0,0,0,0,0,0,No,No,No,No
A-2023-02-137,2023-02-07,2023,2,Febrero,martes,21:15,21,Noche,No,LIMA,LIMA,SANTA ANITA,URBANA,-12.053680727636,-76.97535993996986,ATROPELLO,1,0,1,No,No,CARRETERA,NACIONAL,PE-1N,DESPEJADO,COMERCIAL,TRAMO RECTO,PLANA,ASFALTADA,IMPRUDENCIA DEL PEATÓN,OTRO (IMPRUDENCIA DEL PEATÓN),2,1,0,1,1,0,1,0,0,0,1,2,0,2,40,25,55,0,0,0,0,0,0,NA,1,0,1,0,0,0,0,0,0,0,0,0,No,No,No,No
A-2023-02-138,2023-02-08,2023,2,Febrero,miércoles,15:10,15,Tarde,No,LIMA,LIMA,VILLA EL SALVADOR,URBANA,-12.19332227,-76.96688369,CHOQUE,1,1,2,Sí,No,AVENIDA,URBANO,NO CORRESPONDE,DESPEJADO,COMERCIAL,TRAMO RECTO,PLANA,ASFALTADA,EN PROCESO DE INVESTIGACIÓN,NO CUENTA CON CAUSA ESPECIFICA,3,1,1,1,2,1,0,0,1,0,0,2,1,3,40.333333333333336,25,59,0,0,1,1,0,0,NA,2,0,1,0,1,0,0,0,0,0,0,0,No,No,No,No
A-2023-02-152,2023-02-11,2023,2,Febrero,sábado,11:20,11,Mañana,Sí,LIMA,LIMA,LOS OLIVOS,URBANA,-11.97889144,-77.07699822,ATROPELLO,1,0,1,No,No,AVENIDA,URBANO,NO CORRESPONDE,DESPEJADO,COMERCIAL,TRAMO RECTO,PLANA,ASFALTADA,EN PROCESO DE INVESTIGACIÓN,NO CUENTA CON CAUSA ESPECIFICA,2,1,0,1,1,0,1,0,0,0,1,2,0,2,58,44,72,0,1,0,0,0,0,NA,1,0,0,1,0,0,0,0,0,0,0,0,No,Sí,No,No
A-2023-02-139,2023-02-14,2023,2,Febrero,martes,13:00,13,Tarde,No,LIMA,LIMA,CHORRILLOS,URBANA,-12.19771641,-77.02461312,DESPISTE,1,2,3,Sí,No,CALLE,URBANO,NO CORRESPONDE,DESPEJADO,RESIDENCIAL,INTERSECCIÓN,PLANA,ASFALTADA,IMPRUDENCIA DEL CONDUCTOR,OTRO (IMPRUDENCIA DEL CONDUCTOR),3,1,2,0,1,2,0,0,1,0,0,3,0,3,52.333333333333336,41,61,0,1,0,0,0,0,NA,1,0,0,1,0,0,0,0,0,0,0,0,No,Sí,No,No
A-2023-02-140,2023-02-14,2023,2,Febrero,martes,23:50,23,Noche,No,LIMA,LIMA,LURIN,URBANA,-12.259001,-76.917202,CHOQUE,1,0,1,No,No,CARRETERA,NACIONAL,PE-1S,DESPEJADO,INDUSTRIAL,TRAMO RECTO,PLANA,ASFALTADA,IMPRUDENCIA DEL CONDUCTOR,OTRO (IMPRUDENCIA DEL CONDUCTOR),2,1,0,1,2,0,0,0,1,0,0,2,0,2,29,27,31,0,0,1,1,0,0,NA,2,1,1,0,0,0,0,0,0,0,0,0,Sí,No,No,No
A-2023-02-141,2023-02-15,2023,2,Febrero,miércoles,19:00,19,Noche,No,LIMA,LIMA,LOS OLIVOS,URBANA,-11.981531303201123,-77.0722466886651,ATROPELLO,1,0,1,No,No,AVENIDA,URBANO,NO CORRESPONDE,DESPEJADO,RESIDENCIAL,TRAMO RECTO,PLANA,ASFALTADA,IMPRUDENCIA DEL CONDUCTOR,OTRO (IMPRUDENCIA DEL CONDUCTOR),2,1,0,1,1,0,1,0,0,0,1,2,0,2,54,27,81,0,1,1,1,0,0,NA,1,1,0,0,0,0,0,0,0,0,0,0,Sí,No,No,No
A-2023-02-142,2023-02-16,2023,2,Febrero,jueves,11:40,11,Mañana,No,LIMA,LIMA,LIMA,URBANA,-12.0484562,-77.01967504,ATROPELLO,1,2,3,Sí,No,JIRÓN,URBANO,NO CORRESPONDE,DESPEJADO,COMERCIAL,TRAMO RECTO,PLANA,ASFALTADA,IMPRUDENCIA DEL CONDUCTOR,GIRAR IMPRUDENTEMENTE,4,1,2,1,1,0,3,0,0,0,1,3,1,4,35,3,55,1,0,0,0,0,0,NA,1,0,0,1,0,0,0,0,0,0,0,0,No,Sí,No,No
A-2023-02-143,2023-02-17,2023,2,Febrero,viernes,06:20,6,Mañana,No,LIMA,LIMA,SAN JUAN DE LURIGANCHO,URBANA,-12.02551833,-76.98389413,CHOQUE,1,0,1,No,No,AVENIDA,URBANO,NO CORRESPONDE,DESPEJADO,RESIDENCIAL,TRAMO RECTO,PLANA,ASFALTADA,IMPRUDENCIA DEL CONDUCTOR,OTRO (IMPRUDENCIA DEL CONDUCTOR),2,1,0,1,2,0,0,0,1,0,0,2,0,2,32,19,45,0,0,1,1,0,0,NA,2,1,0,1,0,0,0,0,0,0,0,0,Sí,Sí,No,No
A-2023-02-144,2023-02-18,2023,2,Febrero,sábado,06:00,6,Mañana,Sí,LIMA,LIMA,COMAS,URBANA,-11.92580306,-77.0520857,CHOQUE,1,0,1,No,No,AVENIDA,URBANO,NO CORRESPONDE,DESPEJADO,RESIDENCIAL,INTERSECCIÓN,PLANA,ASFALTADA,EN PROCESO DE INVESTIGACIÓN,NO CUENTA CON CAUSA ESPECIFICA,3,1,0,2,2,1,0,0,0,1,0,3,0,3,47,41,58,0,0,0,1,0,0,NA,2,1,0,1,0,0,0,0,0,0,0,0,Sí,Sí,No,No
A-2023-02-149,2023-02-20,2023,2,Febrero,lunes,05:15,5,Madrugada,No,LIMA,LIMA,CARABAYLLO,URBANA,-11.87538044,-77.01680986,ATROPELLO,1,0,1,No,No,AVENIDA,URBANO,NO CORRESPONDE,DESPEJADO,COMERCIAL,TRAMO RECTO,PLANA,ASFALTADA,EN PROCESO DE INVESTIGACIÓN,NO CUENTA CON CAUSA ESPECIFICA,2,1,0,1,1,0,1,0,0,0,1,2,0,2,64.5,46,83,0,1,0,0,0,0,NA,1,0,0,0,1,0,0,1,0,0,0,0,No,No,Sí,No
A-2023-02-153,2023-02-20,2023,2,Febrero,lunes,07:00,7,Mañana,No,LIMA,LIMA,SANTIAGO DE SURCO,URBANA,-12.148067,-76.982726,ATROPELLO,1,0,1,No,No,CARRETERA,NACIONAL,PE-1S,DESPEJADO,RESIDENCIAL,TRAMO RECTO,PLANA,ASFALTADA,IMPRUDENCIA DEL PEATÓN,OTRO (IMPRUDENCIA DEL PEATÓN),2,1,0,1,1,0,1,0,0,0,1,2,0,2,57,40,74,0,1,0,0,0,0,NA,1,0,1,0,0,0,0,1,0,0,0,0,No,No,Sí,No
A-2023-02-130,2023-02-20,2023,2,Febrero,lunes,16:05,16,Tarde,No,CALLAO,CALLAO,CALLAO,URBANA,-12.0381007227926,-77.1270561033516,ATROPELLO,1,0,1,No,No,CARRETERA,NACIONAL,PE-20B,DESPEJADO,INDUSTRIAL,TRAMO RECTO,PLANA,ASFALTADA,IMPRUDENCIA DEL CONDUCTOR,OTRO (IMPRUDENCIA DEL CONDUCTOR),2,1,0,1,1,0,1,0,0,0,1,2,0,2,70.5,67,74,0,2,0,0,0,0,NA,1,0,0,1,0,0,0,0,0,0,0,0,No,Sí,No,No
A-2023-02-145,2023-02-20,2023,2,Febrero,lunes,19:12,19,Noche,No,LIMA,LIMA,PUEBLO LIBRE,URBANA,-12.08060291,-77.05837579,ATROPELLO FUGA,1,0,1,No,No,AVENIDA,URBANO,NO CORRESPONDE,DESPEJADO,RESIDENCIAL,INTERSECCIÓN,PLANA,ASFALTADA,IMPRUDENCIA DEL PEATÓN,DESACATO DE SEÑAL DE TRÁNSITO,2,1,0,1,1,0,1,0,0,0,1,2,0,2,52.5,44,61,0,1,0,0,0,0,NA,1,0,0,0,1,0,0,0,0,0,0,0,No,No,No,No
A-2023-02-146,2023-02-22,2023,2,Febrero,miércoles,10:50,10,Mañana,No,LIMA,LIMA,SAN BORJA,URBANA,-12.0840789,-77.00415585,ATROPELLO,1,0,1,No,No,AVENIDA,URBANO,NO CORRESPONDE,DESPEJADO,RESIDENCIAL,INTERSECCIÓN,PLANA,ASFALTADA,NEGLIGENCIA DEL CONDUCTOR,OTRO (NEGLIGENCIA DEL CONDUCTOR),2,1,0,1,1,0,1,0,0,0,1,1,1,2,67.5,50,85,0,1,0,1,0,0,NA,1,0,0,0,1,0,0,0,0,0,0,0,No,No,No,No
A-2023-02-147,2023-02-22,2023,2,Febrero,miércoles,21:41,21,Noche,No,LIMA,LIMA,RIMAC,URBANA,-12.04125616,-77.03300977,CHOQUE,1,0,1,No,No,CARRETERA,NACIONAL,PE-1N,DESPEJADO,COMERCIAL,TRAMO RECTO,PLANA,ASFALTADA,IMPRUDENCIA DEL CONDUCTOR,OTRO (IMPRUDENCIA DEL CONDUCTOR),3,1,0,2,2,1,0,0,0,1,0,2,1,3,32.666666666666664,25,48,0,0,0,0,0,0,NA,2,1,0,1,0,0,0,0,0,0,0,0,Sí,Sí,No,No
A-2023-02-120,2023-02-23,2023,2,Febrero,jueves,06:30,6,Mañana,No,CALLAO,CALLAO,MI PERU,URBANA,-11.8493148704598,-77.1215267256503,CHOQUE,1,0,1,No,No,CARRETERA,NACIONAL,PE-20,DESPEJADO,COMERCIAL,TRAMO RECTO,PLANA,ASFALTADA,EN PROCESO DE INVESTIGACIÓN,NO CUENTA CON CAUSA ESPECIFICA,2,1,0,1,2,0,0,0,1,0,0,2,0,2,38,30,46,0,0,0,0,0,0,NA,2,0,0,1,0,1,0,0,0,0,0,0,No,Sí,No,No
A-2023-02-148,2023-02-23,2023,2,Febrero,jueves,15:30,15,Tarde,No,LIMA,LIMA,LA VICTORIA,URBANA,-12.07501746,-77.02320907,ATROPELLO FUGA,1,0,1,No,No,AVENIDA,URBANO,NO CORRESPONDE,DESPEJADO,RESIDENCIAL,TRAMO RECTO,PLANA,ASFALTADA,IMPRUDENCIA DEL PEATÓN,OTRO (IMPRUDENCIA DEL PEATÓN),2,1,0,1,1,0,1,0,0,0,1,1,1,2,66.5,50,83,0,1,0,0,0,0,NA,1,0,0,0,0,0,1,0,0,0,0,1,No,No,No,Sí
A-2023-02-150,2023-02-23,2023,2,Febrero,jueves,19:00,19,Noche,No,LIMA,LIMA,BARRANCO,URBANA,-12.13446522,-77.0203962,DESPISTE,1,0,1,No,No,AVENIDA,URBANO,NO CORRESPONDE,DESPEJADO,RESIDENCIAL,TRAMO RECTO,PLANA,ASFALTADA,IMPRUDENCIA DEL CONDUCTOR,CONDUCIR EN ESTADO DE EBRIEDAD Y/O DROGADICCIÓN,1,1,0,0,1,0,0,0,1,0,0,1,0,1,34,34,34,0,0,1,1,0,0,NA,1,1,0,0,0,0,0,0,0,0,0,0,Sí,No,No,No
A-2023-03-131-A,2023-02-25,2023,2,Febrero,sábado,08:15,8,Mañana,Sí,LIMA,LIMA,SAN JUAN DE MIRAFLORES,URBANA,-12.193135,-76.972682,ATROPELLO FUGA,1,0,1,No,No,CARRETERA,NACIONAL,PE-1S,DESPEJADO,COMERCIAL,TRAMO RECTO,PLANA,ASFALTADA,EN PROCESO DE INVESTIGACIÓN,NO CUENTA CON CAUSA ESPECIFICA,2,1,0,0,1,0,1,0,0,0,1,1,0,1,84,84,84,0,1,0,0,0,0,NA,1,0,0,1,0,0,0,0,0,0,0,1,No,Sí,No,Sí
A-2023-02-151,2023-02-26,2023,2,Febrero,domingo,17:15,17,Tarde,Sí,LIMA,LIMA,RIMAC,URBANA,-12.03020755,-77.02961566,CHOQUE,2,0,2,No,Sí,AVENIDA,URBANO,NO CORRESPONDE,DESPEJADO,RESIDENCIAL,INTERSECCIÓN,PLANA,ASFALTADA,IMPRUDENCIA DEL CONDUCTOR,EXCESO DE VELOCIDAD,3,2,0,1,2,1,0,0,1,1,0,2,1,3,43,19,69,0,1,0,0,0,0,NA,2,1,0,0,1,0,0,1,0,0,0,0,Sí,No,Sí,No
A-2023-03-131-B,2023-03-01,2023,3,Marzo,miércoles,05:30,5,Madrugada,No,LIMA,LIMA,LURIGANCHO,RURAL,-11.9982629,-76.92719986,CHOQUE,1,0,1,No,No,CARRETERA,PROVINCIAL,LM-711,DESPEJADO,INDUSTRIAL,TRAMO RECTO,PLANA,ASFALTADA,EN PROCESO DE INVESTIGACIÓN,NO CUENTA CON CAUSA ESPECIFICA,2,1,0,1,2,0,0,0,1,0,0,2,0,2,40,28,52,0,0,0,0,0,0,NA,2,1,0,1,0,0,0,0,0,0,0,0,Sí,Sí,No,No
A-2023-03-132,2023-03-03,2023,3,Marzo,viernes,03:40,3,Madrugada,No,LIMA,LIMA,CARABAYLLO,URBANA,-11.87101077,-77.01986016,DESPISTE,1,0,1,No,No,AVENIDA,URBANO,NO CORRESPONDE,DESPEJADO,RESIDENCIAL,TRAMO RECTO,PLANA,ASFALTADA,IMPRUDENCIA DEL CONDUCTOR,OTRO (IMPRUDENCIA DEL CONDUCTOR),1,1,0,0,1,0,0,0,1,0,0,1,0,1,33,33,33,0,0,1,1,0,0,NA,1,1,0,0,0,0,0,0,0,0,0,0,Sí,No,No,No
A-2023-03-133,2023-03-03,2023,3,Marzo,viernes,11:30,11,Mañana,No,LIMA,LIMA,LIMA,URBANA,-12.045833096595024,-77.02559551938322,CAÍDA DE PASAJERO,1,0,1,No,No,AVENIDA,URBANO,NO CORRESPONDE,DESPEJADO,COMERCIAL,TRAMO RECTO,PLANA,ASFALTADA,IMPRUDENCIA DEL PASAJERO/OCUPANTE,OTRO (IMPRUDENCIA DEL PASAJERO/OCUPANTE),2,1,0,1,1,1,0,0,0,1,0,2,0,2,55,34,76,0,1,0,0,0,0,NA,1,0,0,0,1,0,0,1,0,0,0,0,No,No,Sí,No
A-2023-03-134,2023-03-04,2023,3,Marzo,sábado,02:20,2,Madrugada,Sí,LIMA,LIMA,PUNTA HERMOSA,RURAL,-12.308394055205584,-76.83660706823704,ATROPELLO,1,0,1,No,No,CARRETERA,NACIONAL,PE-1S,DESPEJADO,COMERCIAL,TRAMO RECTO,PLANA,ASFALTADA,IMPRUDENCIA DEL PEATÓN,OTRO (IMPRUDENCIA DEL PEATÓN),2,1,0,1,1,0,1,0,0,0,1,2,0,2,57,40,74,0,1,0,0,0,0,NA,1,0,1,0,0,0,0,0,0,0,0,0,No,No,No,No
A-2023-03-135,2023-03-05,2023,3,Marzo,domingo,12:00,12,Tarde,Sí,LIMA,LIMA,CHORRILLOS,URBANA,-12.19529584,-77.00127544,CHOQUE,1,2,3,Sí,No,AVENIDA,URBANO,NO CORRESPONDE,DESPEJADO,COMERCIAL,INTERSECCIÓN,PLANA,ASFALTADA,IMPRUDENCIA DEL CONDUCTOR,OTRO (IMPRUDENCIA DEL CONDUCTOR),4,1,2,1,2,2,0,0,1,0,0,3,1,4,41.75,31,53,0,0,1,1,0,0,NA,2,1,0,0,1,0,0,1,0,0,0,0,Sí,No,Sí,No
A-2023-03-137,2023-03-07,2023,3,Marzo,martes,05:50,5,Madrugada,No,LIMA,LIMA,SAN MARTIN DE PORRES,URBANA,-11.98905394,-77.10535899,CHOQUE,1,0,1,No,No,AVENIDA,URBANO,NO CORRESPONDE,DESPEJADO,COMERCIAL,INTERSECCIÓN,PLANA,ASFALTADA,EN PROCESO DE INVESTIGACIÓN,NO CUENTA CON CAUSA ESPECIFICA,2,1,0,1,2,0,0,0,1,0,0,2,0,2,39,24,54,0,0,1,1,0,0,NA,2,1,0,0,1,0,0,1,0,0,0,0,Sí,No,Sí,No
A-2023-03-138,2023-03-08,2023,3,Marzo,miércoles,15:00,15,Tarde,No,LIMA,LIMA,LURIN,URBANA,-12.24646301046602,-76.93613311515227,CHOQUE,1,0,1,No,No,CARRETERA,NACIONAL,PE-1S,DESPEJADO,INDUSTRIAL,TRAMO RECTO,PLANA,ASFALTADA,IMPRUDENCIA DEL CONDUCTOR,OTRO (IMPRUDENCIA DEL CONDUCTOR),2,1,0,1,2,0,0,0,1,0,0,2,0,2,37,29,45,0,0,0,0,0,0,NA,2,1,0,0,1,0,0,1,0,0,0,0,Sí,No,Sí,No
A-2023-03-179,2023-03-09,2023,3,Marzo,jueves,11:00,11,Mañana,No,LIMA,LIMA,COMAS,URBANA,-11.94773263399341,-77.04965790805825,ATROPELLO,1,0,1,No,No,AVENIDA,URBANO,NO CORRESPONDE,DESPEJADO,COMERCIAL,TRAMO RECTO,PLANA,ASFALTADA,IMPRUDENCIA DEL CONDUCTOR,EXCESO DE VELOCIDAD,2,1,0,1,1,0,1,0,0,0,1,2,0,2,41,23,59,0,0,0,0,0,0,NA,1,1,0,0,0,0,0,0,0,0,0,0,Sí,No,No,No
A-2023-03-139,2023-03-09,2023,3,Marzo,jueves,13:30,13,Tarde,No,LIMA,LIMA,SAN JUAN DE LURIGANCHO,URBANA,-12.01803437,-77.00198335,CHOQUE,1,1,2,Sí,No,AVENIDA,URBANO,NO CORRESPONDE,DESPEJADO,COMERCIAL,INTERSECCIÓN,PLANA,ASFALTADA,IMPRUDENCIA DEL CONDUCTOR,OTRO (IMPRUDENCIA DEL CONDUCTOR),3,1,1,1,2,1,0,0,1,0,0,1,2,3,37.333333333333336,36,39,0,0,1,1,0,0,NA,2,1,0,0,1,0,0,1,0,0,0,0,Sí,No,Sí,No
A-2023-03-140,2023-03-09,2023,3,Marzo,jueves,14:00,14,Tarde,No,LIMA,LIMA,SAN JUAN DE LURIGANCHO,URBANA,-12.01920608,-76.98685732,ATROPELLO FUGA,1,0,1,No,No,AVENIDA,URBANO,NO CORRESPONDE,DESPEJADO,RESIDENCIAL,TRAMO RECTO,PLANA,ASFALTADA,IMPRUDENCIA DEL PEATÓN,OTRO (IMPRUDENCIA DEL PEATÓN),2,1,0,1,1,0,1,0,0,0,1,2,0,2,41,36,46,0,0,0,0,0,0,NA,1,0,0,1,0,0,0,0,0,0,0,0,No,Sí,No,No
A-2023-03-141,2023-03-12,2023,3,Marzo,domingo,22:30,22,Noche,Sí,LIMA,LIMA,CHORRILLOS,URBANA,-12.218937,-76.977076,ATROPELLO,1,0,1,No,No,CARRETERA,NACIONAL,PE-1S,DESPEJADO,INDUSTRIAL,TRAMO RECTO,PLANA,ASFALTADA,IMPRUDENCIA DEL PEATÓN,OTRO (IMPRUDENCIA DEL PEATÓN),2,1,0,1,1,0,1,0,0,0,1,2,0,1,46,46,46,0,0,0,0,0,0,NA,1,0,1,0,0,0,0,0,0,0,0,0,No,No,No,No
A-2023-03-142,2023-03-13,2023,3,Marzo,lunes,15:30,15,Tarde,No,LIMA,LIMA,ANCON,URBANA,-11.812734,-77.12962,CAÍDA DE PASAJERO,1,0,1,No,No,CARRETERA,NACIONAL,PE-1N,DESPEJADO,COMERCIAL,TRAMO RECTO,PLANA,ASFALTADA,EN PROCESO DE INVESTIGACIÓN,NO CUENTA CON CAUSA ESPECIFICA,2,1,0,1,1,1,0,0,0,1,0,2,0,2,53,50,56,0,0,0,0,0,0,NA,1,0,0,0,1,0,0,1,0,0,0,0,No,No,Sí,No
A-2023-03-159,2023-03-13,2023,3,Marzo,lunes,23:00,23,Noche,No,LIMA,LIMA,LIMA,URBANA,-12.04945744,-77.01956828,ATROPELLO FUGA,1,0,1,No,No,JIRÓN,URBANO,NO CORRESPONDE,DESPEJADO,RESIDENCIAL,TRAMO RECTO,PLANA,ASFALTADA,IMPRUDENCIA DEL PEATÓN,OTRO (IMPRUDENCIA DEL PEATÓN),2,1,0,1,1,0,1,0,0,0,1,2,0,2,36,25,47,0,0,0,0,0,0,NA,1,0,0,1,0,0,0,0,0,0,0,0,No,Sí,No,No
A-2023-03-143,2023-03-15,2023,3,Marzo,miércoles,00:15,0,Madrugada,No,LIMA,LIMA,SAN BORJA,URBANA,-12.10486683,-76.9790993,CHOQUE,1,0,1,No,No,CARRETERA,NACIONAL,PE-1S,NUBLADO,RESIDENCIAL,TRAMO RECTO,PLANA,ASFALTADA,IMPRUDENCIA DEL CONDUCTOR,OTRO (IMPRUDENCIA DEL CONDUCTOR),3,1,0,2,2,1,0,0,0,1,0,2,1,3,36.333333333333336,26,57,0,0,0,0,0,0,NA,2,1,0,0,1,0,0,1,0,0,0,0,Sí,No,Sí,No
A-2023-03-126,2023-03-15,2023,3,Marzo,miércoles,20:00,20,Noche,No,CALLAO,CALLAO,VENTANILLA,URBANA,-11.8282122,-77.124005617,ATROPELLO,1,2,3,Sí,No,AVENIDA,URBANO,NO CORRESPONDE,NA,NA,NA,NA,NA,EN PROCESO DE INVESTIGACIÓN,NO CUENTA CON CAUSA ESPECIFICA,4,1,2,1,1,0,3,0,0,0,1,4,0,4,37.25,35,40,0,0,0,0,0,0,NA,3,0,3,0,0,0,0,1,3,0,0,0,No,No,Sí,No
A-2023-03-144,2023-03-16,2023,3,Marzo,jueves,22:30,22,Noche,No,LIMA,LIMA,SAN JUAN DE LURIGANCHO,URBANA,-12.02998879,-77.02038547,VOLCADURA,1,0,1,No,No,AVENIDA,URBANO,NO CORRESPONDE,DESPEJADO,COMERCIAL,TRAMO RECTO,PLANA,ASFALTADA,IMPRUDENCIA DEL CONDUCTOR,EXCESO DE VELOCIDAD,1,1,0,0,1,0,0,0,1,0,0,1,0,1,29,29,29,0,0,0,0,0,0,NA,1,1,0,0,0,0,0,0,0,0,0,0,Sí,No,No,No
A-2023-03-112,2023-03-17,2023,3,Marzo,viernes,09:50,9,Mañana,No,CALLAO,CALLAO,CALLAO,URBANA,-12.0356703147664,-77.1275317486346,CHOQUE,1,0,1,No,No,CARRETERA,NACIONAL,PE-20,DESPEJADO,INDUSTRIAL,TRAMO RECTO,PLANA,ASFALTADA,IMPRUDENCIA DEL CONDUCTOR,OTRO (IMPRUDENCIA DEL CONDUCTOR),2,1,0,1,2,0,0,0,1,0,0,2,0,2,41.5,33,50,0,0,1,1,0,0,NA,2,1,0,1,0,0,0,0,0,0,0,0,Sí,Sí,No,No
A-2023-03-145,2023-03-17,2023,3,Marzo,viernes,19:20,19,Noche,No,LIMA,LIMA,COMAS,URBANA,-11.913066255519233,-77.00300212566364,CHOQUE,1,1,2,Sí,No,AVENIDA,URBANO,NO CORRESPONDE,DESPEJADO,RESIDENCIAL,TRAMO RECTO,PLANA,ASFALTADA,EN PROCESO DE INVESTIGACIÓN,NO CUENTA CON CAUSA ESPECIFICA,3,1,1,1,2,1,0,0,1,0,0,2,1,3,40.333333333333336,27,53,0,0,0,1,0,0,NA,2,0,1,0,1,0,0,1,0,0,0,0,No,No,Sí,No
A-2023-03-146,2023-03-18,2023,3,Marzo,sábado,16:30,16,Tarde,Sí,LIMA,LIMA,SAN JUAN DE LURIGANCHO,URBANA,-11.97644482,-77.00207644,CHOQUE,1,1,2,Sí,No,AVENIDA,URBANO,NO CORRESPONDE,DESPEJADO,COMERCIAL,TRAMO RECTO,PLANA,ASFALTADA,IMPRUDENCIA DEL CONDUCTOR,VEHÍCULO MAL ESTACIONADO,3,1,1,1,2,1,0,0,1,0,0,2,1,3,42.333333333333336,30,51,0,0,1,1,0,0,NA,2,1,0,0,1,0,0,1,0,0,0,0,Sí,No,Sí,No
A-2023-03-147,2023-03-19,2023,3,Marzo,domingo,05:55,5,Madrugada,Sí,LIMA,LIMA,PUENTE PIEDRA,URBANA,-11.872306,-77.069443,ATROPELLO FUGA,1,0,1,No,No,CARRETERA,NACIONAL,PE-1N,DESPEJADO,COMERCIAL,TRAMO RECTO,PLANA,ASFALTADA,EN PROCESO DE INVESTIGACIÓN,NO CUENTA CON CAUSA ESPECIFICA,2,1,0,0,1,0,1,0,0,0,1,1,0,1,30,30,30,0,0,0,0,0,0,NA,1,0,0,0,0,0,1,0,0,0,0,1,No,No,No,Sí
A-2023-03-150,2023-03-19,2023,3,Marzo,domingo,06:25,6,Mañana,Sí,LIMA,LIMA,PUENTE PIEDRA,URBANA,-11.894874,-77.068026,DESPISTE,1,0,1,No,No,CARRETERA,NACIONAL,PE-1N,DESPEJADO,COMERCIAL,TRAMO RECTO,PLANA,ASFALTADA,IMPRUDENCIA DEL CONDUCTOR,OTRO (IMPRUDENCIA DEL CONDUCTOR),1,1,0,0,1,0,0,0,1,0,0,1,0,1,24,24,24,0,0,0,1,0,0,NA,1,1,0,0,0,0,0,0,0,0,0,0,Sí,No,No,No
A-2023-03-148,2023-03-19,2023,3,Marzo,domingo,06:50,6,Mañana,Sí,LIMA,LIMA,VILLA EL SALVADOR,URBANA,-12.23215271,-76.92550453,ATROPELLO,1,0,1,No,No,AVENIDA,URBANO,NO CORRESPONDE,DESPEJADO,RESIDENCIAL,TRAMO RECTO,PLANA,ASFALTADA,IMPRUDENCIA DEL PEATÓN,ESTADO DE EBRIEDAD Y/O DROGADICCIÓN,2,1,0,1,1,0,1,0,0,0,1,1,0,1,34,34,34,0,0,0,0,0,0,NA,1,0,1,0,0,0,0,0,0,0,0,0,No,No,No,No
A-2023-03-149,2023-03-19,2023,3,Marzo,domingo,10:15,10,Mañana,Sí,LIMA,LIMA,SAN BORJA,URBANA,-12.103769417849724,-77.00134451399319,CHOQUE,1,0,1,No,No,AVENIDA,URBANO,NO CORRESPONDE,DESPEJADO,COMERCIAL,TRAMO RECTO,PLANA,ASFALTADA,NEGLIGENCIA DEL CONDUCTOR,OTRO (NEGLIGENCIA DEL CONDUCTOR),2,1,0,1,2,0,0,0,1,0,0,1,1,2,39.5,30,49,0,0,0,0,0,0,NA,2,1,1,0,0,0,0,0,0,0,0,0,Sí,No,No,No
A-2023-03-151,2023-03-20,2023,3,Marzo,lunes,16:45,16,Tarde,No,LIMA,LIMA,COMAS,URBANA,-11.920433,-77.041833,CHOQUE,1,1,2,Sí,No,AVENIDA,URBANO,NO CORRESPONDE,DESPEJADO,COMERCIAL,TRAMO RECTO,PLANA,ASFALTADA,EN PROCESO DE INVESTIGACIÓN,NO CUENTA CON CAUSA ESPECIFICA,3,1,1,1,2,1,0,0,0,1,0,3,0,3,36.333333333333336,19,46,0,0,0,0,0,0,NA,2,0,1,1,0,0,0,0,0,0,1,0,No,Sí,No,No
A-2023-03-152,2023-03-21,2023,3,Marzo,martes,08:30,8,Mañana,No,LIMA,LIMA,JESUS MARIA,URBANA,-12.07380405,-77.04644437,CHOQUE,1,0,1,No,No,AVENIDA,URBANO,NO CORRESPONDE,DESPEJADO,RESIDENCIAL,TRAMO RECTO,PLANA,ASFALTADA,EN PROCESO DE INVESTIGACIÓN,NO CUENTA CON CAUSA ESPECIFICA,2,1,0,1,2,0,0,0,1,0,0,1,1,2,28,26,30,0,0,0,0,0,0,NA,2,0,0,1,0,1,0,0,0,0,0,0,No,Sí,No,No
A-2023-03-153,2023-03-22,2023,3,Marzo,miércoles,19:40,19,Noche,No,LIMA,LIMA,ATE,URBANA,-12.00078285218256,-76.83970770106689,CHOQUE,1,6,7,Sí,No,CARRETERA,NACIONAL,PE-22,DESPEJADO,COMERCIAL,TRAMO RECTO,PLANA,ASFALTADA,NEGLIGENCIA DEL CONDUCTOR,OTRO (NEGLIGENCIA DEL CONDUCTOR),9,1,6,2,2,7,0,0,0,1,0,6,3,9,33.888888888888886,18,62,0,1,1,1,0,0,NA,2,0,0,1,1,0,0,1,0,0,0,0,No,Sí,Sí,No
A-2023-03-154,2023-03-25,2023,3,Marzo,sábado,01:45,1,Madrugada,Sí,LIMA,LIMA,CHACLACAYO,URBANA,-11.987369,-76.813531,CHOQUE FUGA,1,0,1,No,No,CARRETERA,NACIONAL,PE-22,DESPEJADO,RESIDENCIAL,TRAMO RECTO,PLANA,ASFALTADA,IMPRUDENCIA DEL CONDUCTOR,EXCESO DE VELOCIDAD,2,1,0,0,2,0,0,0,1,0,0,1,0,1,28,28,28,0,0,1,1,0,0,NA,2,1,0,0,0,0,1,0,0,2,0,1,Sí,No,No,Sí
A-2023-03-155,2023-03-25,2023,3,Marzo,sábado,16:40,16,Tarde,Sí,LIMA,LIMA,LIMA,URBANA,-12.03553729,-77.06534623,ATROPELLO,1,0,1,No,No,AVENIDA,URBANO,NO CORRESPONDE,DESPEJADO,RESIDENCIAL,INTERSECCIÓN,PLANA,ASFALTADA,IMPRUDENCIA DEL PEATÓN,OTRO (IMPRUDENCIA DEL PEATÓN),2,1,0,1,1,0,1,0,0,0,1,2,0,2,41,36,46,0,0,1,1,0,0,NA,1,0,1,0,0,0,0,0,0,1,0,0,No,No,No,No
A-2023-03-157,2023-03-28,2023,3,Marzo,martes,07:10,7,Mañana,No,LIMA,LIMA,CARABAYLLO,RURAL,-11.789697,-76.982849,CHOQUE,1,6,7,Sí,No,CARRETERA,NACIONAL,PE-20A,DESPEJADO,RURAL,TRAMO RECTO,PLANA,ASFALTADA,IMPRUDENCIA DEL CONDUCTOR,OTRO (IMPRUDENCIA DEL CONDUCTOR),8,1,6,1,2,6,0,0,0,1,0,6,2,8,19.625,4,40,3,0,1,1,0,0,NA,2,1,1,0,0,0,0,0,0,2,0,0,Sí,No,No,No
A-2023-03-156,2023-03-28,2023,3,Marzo,martes,16:00,16,Tarde,No,LIMA,LIMA,COMAS,URBANA,-11.927892649661823,-77.07262012961597,ATROPELLO,1,0,1,No,No,CARRETERA,NACIONAL,PE-1N,DESPEJADO,COMERCIAL,TRAMO RECTO,PLANA,ASFALTADA,IMPRUDENCIA DEL PEATÓN,OTRO (IMPRUDENCIA DEL PEATÓN),2,1,0,1,1,0,1,0,0,0,1,2,0,2,45,35,55,0,0,0,0,0,0,NA,1,0,0,0,1,0,0,1,0,1,0,0,No,No,Sí,No
A-2023-03-158,2023-03-31,2023,3,Marzo,viernes,12:30,12,Tarde,No,LIMA,LIMA,SAN BORJA,URBANA,-12.109276,-76.978491,CHOQUE,1,0,1,No,No,CARRETERA,NACIONAL,PE-1S,DESPEJADO,RESIDENCIAL,TRAMO RECTO,PLANA,ASFALTADA,IMPRUDENCIA DEL CONDUCTOR,OTRO (IMPRUDENCIA DEL CONDUCTOR),3,1,0,2,2,1,0,0,0,1,0,2,1,3,37,25,53,0,0,0,0,0,0,NA,2,1,0,1,0,0,0,0,0,0,0,0,Sí,Sí,No,No
A-2023-04-140,2023-04-01,2023,4,Abril,sábado,20:50,20,Noche,Sí,LIMA,LIMA,SURQUILLO,URBANA,-12.113598546581427,-76.99475546746805,ATROPELLO FUGA,1,1,2,Sí,No,AVENIDA,URBANO,NO CORRESPONDE,DESPEJADO,RESIDENCIAL,TRAMO RECTO,PLANA,ASFALTADA,EN PROCESO DE INVESTIGACIÓN,NO CUENTA CON CAUSA ESPECIFICA,3,1,1,0,1,0,2,0,0,0,1,0,2,2,82,75,89,0,2,0,0,0,0,NA,1,0,0,0,0,0,1,0,0,0,0,1,No,No,No,Sí
A-2023-04-139,2023-04-01,2023,4,Abril,sábado,22:20,22,Noche,Sí,LIMA,LIMA,LURIN,URBANA,-12.285617,-76.874719,ATROPELLO,1,0,1,No,No,CARRETERA,NACIONAL,PE-1S,DESPEJADO,COMERCIAL,TRAMO RECTO,PLANA,ASFALTADA,IMPRUDENCIA DEL PEATÓN,CRUCE INDEBIDO POR LA CALZADA,2,1,0,1,1,0,1,0,0,0,1,2,0,1,18,18,18,0,0,0,0,0,0,NA,1,0,1,0,0,0,0,0,0,0,0,0,No,No,No,No
A-2023-04-142,2023-04-02,2023,4,Abril,domingo,04:00,4,Madrugada,Sí,LIMA,LIMA,PUNTA HERMOSA,URBANA,-12.316674301303449,-76.83106026157697,ATROPELLO FUGA,1,0,1,No,No,CARRETERA,NACIONAL,PE-1S,DESPEJADO,RURAL,TRAMO RECTO,PLANA,ASFALTADA,EN PROCESO DE INVESTIGACIÓN,NO CUENTA CON CAUSA ESPECIFICA,2,1,0,0,1,0,1,0,0,0,1,1,0,0,NA,NA,NA,NA,NA,0,0,0,0,NA,1,0,0,0,0,0,1,0,0,0,0,1,No,No,No,Sí
A-2023-04-145,2023-04-02,2023,4,Abril,domingo,07:30,7,Mañana,Sí,LIMA,LIMA,LURIGANCHO,RURAL,-12.021318,-76.930528,CHOQUE FUGA,1,0,1,No,No,CARRETERA,NACIONAL,PE-22,DESPEJADO,RURAL,TRAMO RECTO,PLANA,ASFALTADA,IMPRUDENCIA DEL CONDUCTOR,NO ESTABLECER EL DERECHO DE PASO,2,1,0,1,2,0,0,0,1,0,0,2,0,2,28.5,25,32,0,0,1,1,0,0,NA,2,1,1,0,0,0,0,1,0,0,0,0,Sí,No,Sí,No
A-2023-04-141,2023-04-02,2023,4,Abril,domingo,11:45,11,Mañana,Sí,LIMA,LIMA,COMAS,URBANA,-11.957287243185698,-77.05289503640583,ATROPELLO,1,0,1,No,No,AVENIDA,URBANO,NO CORRESPONDE,DESPEJADO,COMERCIAL,TRAMO RECTO,PLANA,ASFALTADA,EN PROCESO DE INVESTIGACIÓN,NO CUENTA CON CAUSA ESPECIFICA,2,1,0,1,1,0,1,0,0,0,1,2,0,2,22,1,43,1,0,0,0,0,0,NA,1,0,0,0,1,0,0,1,0,1,0,0,No,No,Sí,No
A-2023-04-147,2023-04-03,2023,4,Abril,lunes,06:50,6,Mañana,No,LIMA,LIMA,MAGDALENA DEL MAR,URBANA,-12.097690075769856,-77.07298478904971,CHOQUE,1,0,1,No,No,OTRO,URBANO,NO CORRESPONDE,DESPEJADO,COMERCIAL,TRAMO RECTO,PLANA,ASFALTADA,IMPRUDENCIA DEL CONDUCTOR,CONDUCIR EN ESTADO DE EBRIEDAD Y/O DROGADICCIÓN,2,1,0,0,2,0,0,0,1,0,0,0,1,1,48,48,48,0,0,0,0,0,0,NA,2,1,0,0,0,0,1,0,0,0,0,1,Sí,No,No,Sí
A-2023-04-21,2023-04-05,2023,4,Abril,miércoles,19:40,19,Noche,No,CALLAO,CALLAO,CALLAO,URBANA,-12.0495024,-77.111637117,CHOQUE,1,0,1,No,No,AVENIDA,URBANO,NO CORRESPONDE,DESPEJADO,COMERCIAL,TRAMO RECTO,PLANA,ASFALTADA,IMPRUDENCIA DEL CONDUCTOR,INVASIÓN DE CARRIL,2,1,0,1,2,0,0,0,1,0,0,2,0,2,35,30,40,0,0,1,1,0,0,NA,2,1,0,1,0,0,0,0,0,0,0,0,Sí,Sí,No,No
A-2023-04-144,2023-04-06,2023,4,Abril,jueves,18:00,18,Noche,No,LIMA,LIMA,SAN MARTIN DE PORRES,URBANA,-11.98188834,-77.09332269,ATROPELLO FUGA,1,0,1,No,No,AVENIDA,URBANO,NO CORRESPONDE,DESPEJADO,RESIDENCIAL,TRAMO RECTO,PLANA,ASFALTADA,EN PROCESO DE INVESTIGACIÓN,NO CUENTA CON CAUSA ESPECIFICA,2,1,0,1,1,0,1,0,0,0,1,2,0,2,28.5,24,33,0,0,1,1,0,0,NA,1,0,0,1,0,0,0,0,0,0,0,0,No,Sí,No,No
A-2023-04-143,2023-04-07,2023,4,Abril,viernes,02:30,2,Madrugada,No,LIMA,LIMA,LURIN,RURAL,-12.302890245927639,-76.84266349381855,ATROPELLO FUGA,1,0,1,No,No,CARRETERA,NACIONAL,PE-1S,DESPEJADO,INDUSTRIAL,TRAMO RECTO,PLANA,ASFALTADA,IMPRUDENCIA DEL PEATÓN,OTRO (IMPRUDENCIA DEL PEATÓN),2,1,0,0,1,0,1,0,0,0,1,1,0,1,61,61,61,0,1,0,0,0,0,NA,1,0,0,0,0,0,1,0,0,0,0,1,No,No,No,Sí
A-2023-04-151,2023-04-07,2023,4,Abril,viernes,04:50,4,Madrugada,No,LIMA,LIMA,EL AGUSTINO,URBANA,-12.0299579102563,-76.99432096385232,DESPISTE,1,1,2,Sí,No,CARRETERA,NACIONAL,PE-1N,DESPEJADO,RESIDENCIAL,TRAMO RECTO,PLANA,ASFALTADA,IMPRUDENCIA DEL CONDUCTOR,OTRO (IMPRUDENCIA DEL CONDUCTOR),2,1,1,0,1,1,0,0,1,0,0,1,1,2,27,25,29,0,0,0,0,0,0,NA,1,1,0,0,0,0,0,0,0,0,0,0,Sí,No,No,No
A-2023-04-152,2023-04-08,2023,4,Abril,sábado,06:50,6,Mañana,Sí,LIMA,LIMA,ANCON,URBANA,-11.75884746,-77.15368618,ATROPELLO,1,0,1,No,No,CARRETERA,NACIONAL,PE-1N,DESPEJADO,INDUSTRIAL,TRAMO RECTO,PLANA,ASFALTADA,IMPRUDENCIA DEL CONDUCTOR,OTRO (IMPRUDENCIA DEL CONDUCTOR),2,1,0,1,1,0,1,0,0,0,1,2,0,2,44,33,55,0,0,0,0,0,0,NA,1,0,1,0,0,0,0,0,0,0,0,0,No,No,No,No
A-2023-04-153,2023-04-08,2023,4,Abril,sábado,10:40,10,Mañana,Sí,LIMA,LIMA,CHORRILLOS,URBANA,-12.214472,-76.976484,ATROPELLO,1,0,1,No,No,CARRETERA,NACIONAL,PE-1S,DESPEJADO,INDUSTRIAL,TRAMO RECTO,PLANA,ASFALTADA,IMPRUDENCIA DEL PEATÓN,OTRO (IMPRUDENCIA DEL PEATÓN),2,1,0,1,1,0,1,0,0,0,1,1,0,1,52,52,52,0,0,0,0,0,0,NA,1,0,1,0,0,0,0,0,0,0,0,0,No,No,No,No
A-2023-04-154,2023-04-08,2023,4,Abril,sábado,23:00,23,Noche,Sí,LIMA,LIMA,SANTIAGO DE SURCO,URBANA,-12.147633905434658,-76.98657473392949,DESPISTE,1,0,1,No,No,AVENIDA,URBANO,NO CORRESPONDE,DESPEJADO,COMERCIAL,TRAMO RECTO,PLANA,ASFALTADA,IMPRUDENCIA DEL CONDUCTOR,OTRO (IMPRUDENCIA DEL CONDUCTOR),1,1,0,0,1,0,0,0,1,0,0,1,0,1,30,30,30,0,0,1,1,0,0,NA,1,1,0,0,0,0,0,0,0,0,0,0,Sí,No,No,No
A-2023-04-113,2023-04-09,2023,4,Abril,domingo,06:00,6,Mañana,Sí,CALLAO,CALLAO,CALLAO,URBANA,-12.0150373,-77.093949617,CHOQUE,1,0,1,No,No,AUTOPISTA,URBANO,NO CORRESPONDE,DESPEJADO,RESIDENCIAL,TRAMO RECTO,PLANA,ASFALTADA,IMPRUDENCIA DEL CONDUCTOR,CONDUCIR EN ESTADO DE EBRIEDAD Y/O DROGADICCIÓN,2,1,0,0,1,0,0,0,1,0,0,1,0,1,24,24,24,0,0,0,0,0,0,NA,2,1,0,1,0,0,0,0,0,0,0,0,Sí,Sí,No,No
A-2023-04-155,2023-04-09,2023,4,Abril,domingo,17:20,17,Tarde,Sí,LIMA,LIMA,ATE,URBANA,-12.01301814,-76.88077749,ATROPELLO,1,0,1,No,No,CARRETERA,NACIONAL,PE-22,DESPEJADO,RESIDENCIAL,INTERSECCIÓN,INCLINADA,ASFALTADA,EN PROCESO DE INVESTIGACIÓN,NO CUENTA CON CAUSA ESPECIFICA,2,1,0,1,1,0,1,0,0,0,1,2,0,2,47,30,64,0,1,0,1,0,0,NA,1,0,0,1,0,0,0,0,0,0,0,0,No,Sí,No,No
A-2023-04-8,2023-04-10,2023,4,Abril,lunes,10:30,10,Mañana,No,CALLAO,CALLAO,MI PERU,URBANA,-11.8422136100802,-77.1155101642242,ATROPELLO,1,0,1,No,No,CARRETERA,NACIONAL,PE-20,DESPEJADO,COMERCIAL,TRAMO RECTO,PLANA,ASFALTADA,IMPRUDENCIA DEL CONDUCTOR,OTRO (IMPRUDENCIA DEL CONDUCTOR),2,1,0,1,1,0,1,0,0,0,1,1,1,2,57.5,41,74,0,1,0,0,0,0,NA,1,0,1,0,0,0,0,0,0,0,0,0,No,No,No,No
A-2023-04-124,2023-04-11,2023,4,Abril,martes,09:00,9,Mañana,No,CALLAO,CALLAO,CALLAO,URBANA,-12.0165152,-77.105584617,ATROPELLO,1,1,2,Sí,No,AVENIDA,URBANO,NO CORRESPONDE,DESPEJADO,COMERCIAL,TRAMO RECTO,PLANA,ASFALTADA,EN PROCESO DE INVESTIGACIÓN,NO CUENTA CON CAUSA ESPECIFICA,3,1,1,1,1,0,2,0,0,0,1,2,1,3,46.666666666666664,26,71,0,1,0,0,0,0,NA,1,1,0,0,0,0,0,0,1,0,0,0,Sí,No,No,No
A-2023-04-156,2023-04-11,2023,4,Abril,martes,18:15,18,Noche,No,LIMA,LIMA,VILLA EL SALVADOR,URBANA,-12.19660856,-76.93395764,CHOQUE,1,0,1,No,No,AVENIDA,URBANO,NO CORRESPONDE,DESPEJADO,INDUSTRIAL,TRAMO RECTO,PLANA,ASFALTADA,IMPRUDENCIA DEL CONDUCTOR,OTRO (IMPRUDENCIA DEL CONDUCTOR),2,1,0,1,2,0,0,0,1,0,0,2,0,2,34,28,40,0,0,1,2,0,0,NA,2,1,0,1,0,0,0,0,0,2,0,0,Sí,Sí,No,No
A-2023-04-171,2023-04-12,2023,4,Abril,miércoles,00:00,0,Madrugada,No,LIMA,LIMA,LIMA,URBANA,-12.05666629,-77.01475186,ATROPELLO,1,0,1,No,No,AVENIDA,URBANO,NO CORRESPONDE,DESPEJADO,COMERCIAL,INTERSECCIÓN,PLANA,ASFALTADA,IMPRUDENCIA DEL CONDUCTOR,OTRO (IMPRUDENCIA DEL CONDUCTOR),2,1,0,1,1,0,1,0,0,0,1,1,0,1,43,43,43,0,0,0,0,0,0,NA,1,0,1,0,0,0,0,1,0,0,0,0,No,No,Sí,No
A-2023-04-170,2023-04-12,2023,4,Abril,miércoles,13:00,13,Tarde,No,LIMA,LIMA,PACHACAMAC,URBANA,-12.10407387,-76.87515432,DESPISTE,1,0,1,No,No,CALLE,URBANO,NO CORRESPONDE,DESPEJADO,RURAL,INTERSECCIÓN,PLANA,ASFALTADA,IMPRUDENCIA DEL CONDUCTOR,OTRO (IMPRUDENCIA DEL CONDUCTOR),1,1,0,0,1,0,0,0,1,0,0,1,0,1,26,26,26,0,0,1,1,0,0,NA,1,1,0,0,0,0,0,0,1,0,0,0,Sí,No,No,No
A-2023-04-185,2023-04-12,2023,4,Abril,miércoles,13:00,13,Tarde,No,LIMA,LIMA,PACHACAMAC,URBANA,-12.10407896228532,-76.87514312224006,VOLCADURA,1,0,1,No,No,CALLE,URBANO,NO CORRESPONDE,NUBLADO,RESIDENCIAL,INTERSECCIÓN,PLANA,ASFALTADA,IMPRUDENCIA DEL CONDUCTOR,EXCESO DE VELOCIDAD,1,1,0,0,1,0,0,0,1,0,0,1,0,1,0,0,0,1,0,1,1,0,0,NA,1,1,0,0,0,0,0,0,0,1,0,0,Sí,No,No,No
A-2023-04-157,2023-04-14,2023,4,Abril,viernes,23:30,23,Noche,No,LIMA,LIMA,SAN JUAN DE MIRAFLORES,URBANA,-12.18767261,-76.95869849,ATROPELLO,1,0,1,No,No,AVENIDA,URBANO,NO CORRESPONDE,DESPEJADO,COMERCIAL,INTERSECCIÓN,INCLINADA,ASFALTADA,IMPRUDENCIA DEL CONDUCTOR,OTRO (IMPRUDENCIA DEL CONDUCTOR),2,1,0,1,1,0,1,0,0,0,1,1,1,2,63,52,74,0,1,0,0,0,0,NA,1,0,0,0,1,0,0,1,0,0,0,0,No,No,Sí,No
A-2023-04-150,2023-04-16,2023,4,Abril,domingo,04:40,4,Madrugada,Sí,LIMA,LIMA,LA VICTORIA,URBANA,-12.06694023,-76.99849473,ATROPELLO,1,0,1,No,No,AVENIDA,URBANO,NO CORRESPONDE,DESPEJADO,INDUSTRIAL,TRAMO RECTO,PLANA,ASFALTADA,EN PROCESO DE INVESTIGACIÓN,NO CUENTA CON CAUSA ESPECIFICA,2,1,0,1,1,0,1,0,0,0,1,2,0,2,36.5,27,46,0,0,0,0,0,0,NA,1,0,0,1,0,0,0,0,0,0,0,0,No,Sí,No,No
A-2023-04-149,2023-04-22,2023,4,Abril,sábado,03:30,3,Madrugada,Sí,LIMA,LIMA,LIMA,URBANA,-12.05920463,-77.01355817,ATROPELLO FUGA,1,0,1,No,No,AVENIDA,URBANO,NO CORRESPONDE,DESPEJADO,COMERCIAL,INTERSECCIÓN,PLANA,ASFALTADA,EN PROCESO DE INVESTIGACIÓN,NO CUENTA CON CAUSA ESPECIFICA,2,1,0,0,1,0,1,0,0,0,1,1,0,0,NA,NA,NA,NA,NA,0,0,0,0,NA,1,0,0,0,0,0,1,0,0,0,0,1,No,No,No,Sí
A-2023-04-148,2023-04-22,2023,4,Abril,sábado,09:40,9,Mañana,Sí,LIMA,LIMA,ATE,URBANA,-12.01599061,-76.89060504,ATROPELLO FUGA,1,0,1,No,No,AVENIDA,URBANO,NO CORRESPONDE,DESPEJADO,INDUSTRIAL,CURVA,PLANA,ASFALTADA,IMPRUDENCIA DEL CONDUCTOR,OTRO (IMPRUDENCIA DEL CONDUCTOR),2,1,0,1,1,0,1,0,0,0,1,2,0,2,31.5,30,33,0,0,0,0,0,0,NA,1,0,0,1,0,0,0,0,0,0,0,0,No,Sí,No,No
A-2023-04-146,2023-04-23,2023,4,Abril,domingo,12:20,12,Tarde,Sí,LIMA,LIMA,SAN JUAN DE LURIGANCHO,URBANA,-12.01432112,-77.001726970000007,ATROPELLO,1,0,1,No,No,AVENIDA,URBANO,NO CORRESPONDE,DESPEJADO,COMERCIAL,TRAMO RECTO,PLANA,ASFALTADA,IMPRUDENCIA DEL CONDUCTOR,EXCESO DE VELOCIDAD,2,1,0,1,1,0,1,0,0,0,1,1,1,2,45,19,71,0,1,0,0,0,0,NA,1,1,0,0,0,0,0,0,0,0,0,0,Sí,No,No,No
A-2023-04-138,2023-04-23,2023,4,Abril,domingo,14:10,14,Tarde,Sí,LIMA,LIMA,VILLA MARIA DEL TRIUNFO,URBANA,-12.17091248,-76.946248,ATROPELLO,1,0,1,No,No,AVENIDA,URBANO,NO CORRESPONDE,DESPEJADO,RESIDENCIAL,CURVA,PLANA,ASFALTADA,IMPRUDENCIA DEL CONDUCTOR,OTRO (IMPRUDENCIA DEL CONDUCTOR),2,1,0,1,1,0,1,0,0,0,1,1,1,2,40,37,43,0,0,0,0,0,0,NA,1,0,0,0,1,0,0,0,0,0,0,0,No,No,No,No
A-2023-04-136,2023-04-24,2023,4,Abril,lunes,04:30,4,Madrugada,No,LIMA,LIMA,ATE,URBANA,-12.008281,-76.860416,CHOQUE,1,0,1,No,No,CARRETERA,NACIONAL,PE-22,DESPEJADO,COMERCIAL,TRAMO RECTO,INCLINADA,ASFALTADA,IMPRUDENCIA DEL CONDUCTOR,OTRO (IMPRUDENCIA DEL CONDUCTOR),2,1,0,1,2,0,0,0,1,0,0,2,0,2,52,32,72,0,1,0,0,0,0,NA,2,0,1,0,0,1,0,0,0,0,0,0,No,No,No,No
A-2023-04-137,2023-04-24,2023,4,Abril,lunes,09:30,9,Mañana,No,LIMA,LIMA,SAN MARTIN DE PORRES,URBANA,-12.03035888,-77.06053602,DESPISTE,1,0,1,No,No,AVENIDA,URBANO,NO CORRESPONDE,DESPEJADO,RESIDENCIAL,TRAMO RECTO,PLANA,ASFALTADA,IMPRUDENCIA DEL CONDUCTOR,OTRO (IMPRUDENCIA DEL CONDUCTOR),2,1,0,1,1,0,1,0,0,0,1,1,1,2,48,34,62,0,1,0,0,0,0,NA,1,0,1,0,0,0,0,0,0,0,0,0,No,No,No,No
A-2023-04-135,2023-04-24,2023,4,Abril,lunes,13:20,13,Tarde,No,LIMA,LIMA,SANTA ANITA,URBANA,-12.05344617,-76.96525251,ATROPELLO,1,0,1,No,No,AVENIDA,URBANO,NO CORRESPONDE,DESPEJADO,COMERCIAL,TRAMO RECTO,PLANA,ASFALTADA,IMPRUDENCIA DEL CONDUCTOR,OTRO (IMPRUDENCIA DEL CONDUCTOR),2,1,0,1,1,0,1,0,0,0,1,1,1,2,62.5,49,76,0,1,0,0,0,0,NA,1,0,1,0,0,0,0,0,0,0,0,0,No,No,No,No
A-2023-04-133,2023-04-24,2023,4,Abril,lunes,16:30,16,Tarde,No,LIMA,LIMA,PUNTA HERMOSA,RURAL,-12.30346628,-76.7806483,CAÍDA DE PASAJERO,1,0,1,No,No,AVENIDA,URBANO,NO CORRESPONDE,DESPEJADO,RURAL,TRAMO RECTO,INCLINADA,TROCHA,IMPRUDENCIA DEL CONDUCTOR,OTRO (IMPRUDENCIA DEL CONDUCTOR),2,1,0,1,1,1,0,0,0,1,0,2,0,2,51,49,53,0,0,0,0,0,0,NA,1,0,0,1,0,0,0,0,0,0,0,0,No,Sí,No,No
A-2023-04-134,2023-04-25,2023,4,Abril,martes,15:20,15,Tarde,No,LIMA,LIMA,ATE,RURAL,-12.02083116,-76.81139937,CHOQUE,1,0,1,No,No,AVENIDA,URBANO,NO CORRESPONDE,DESPEJADO,ESCOLAR,CURVA,INCLINADA,ASFALTADA,IMPRUDENCIA DEL CONDUCTOR,OTRO (IMPRUDENCIA DEL CONDUCTOR),3,1,0,1,1,0,1,0,0,0,1,1,1,2,38.5,35,42,0,0,0,0,0,0,NA,2,0,1,1,0,0,0,0,0,0,0,0,No,Sí,No,No
A-2023-04-131,2023-04-27,2023,4,Abril,jueves,06:23,6,Mañana,No,LIMA,LIMA,LURIGANCHO,URBANA,-12.00777096,-76.92043616,ATROPELLO FUGA,1,0,1,No,No,AVENIDA,URBANO,NO CORRESPONDE,DESPEJADO,INDUSTRIAL,INTERSECCIÓN,PLANA,ASFALTADA,EN PROCESO DE INVESTIGACIÓN,NO CUENTA CON CAUSA ESPECIFICA,2,1,0,0,1,0,1,0,0,0,1,1,0,1,28,28,28,0,0,0,0,0,0,NA,1,0,0,0,0,0,1,0,0,0,0,1,No,No,No,Sí
A-2023-04-132,2023-04-27,2023,4,Abril,jueves,10:31,10,Mañana,No,LIMA,LIMA,LA MOLINA,URBANA,-12.075539,-76.974923,ATROPELLO FUGA,1,0,1,No,No,CARRETERA,NACIONAL,PE-1S,DESPEJADO,RESIDENCIAL,TRAMO RECTO,PLANA,ASFALTADA,EN PROCESO DE INVESTIGACIÓN,NO CUENTA CON CAUSA ESPECIFICA,2,1,0,0,1,0,1,0,0,0,1,1,0,0,NA,NA,NA,NA,NA,0,0,0,0,NA,1,0,0,0,0,0,1,0,0,0,0,1,No,No,No,Sí
A-2023-04-129,2023-04-27,2023,4,Abril,jueves,18:50,18,Noche,No,LIMA,LIMA,SAN JUAN DE LURIGANCHO,URBANA,-12.00268844,-76.99903106,ATROPELLO,1,0,1,No,No,AVENIDA,URBANO,NO CORRESPONDE,DESPEJADO,COMERCIAL,INTERSECCIÓN,PLANA,ASFALTADA,IMPRUDENCIA DEL CONDUCTOR,OTRO (IMPRUDENCIA DEL CONDUCTOR),2,1,0,1,1,0,1,0,0,0,1,1,1,2,57,37,77,0,1,0,0,0,0,NA,1,0,1,0,0,0,0,1,0,0,0,0,No,No,Sí,No
A-2023-04-121,2023-04-28,2023,4,Abril,viernes,09:10,9,Mañana,No,LIMA,LIMA,BARRANCO,URBANA,-12.15348967,-77.01962601,ATROPELLO,1,0,1,No,No,AVENIDA,URBANO,NO CORRESPONDE,DESPEJADO,ESCOLAR,INTERSECCIÓN,INCLINADA,ASFALTADA,IMPRUDENCIA DEL CONDUCTOR,OTRO (IMPRUDENCIA DEL CONDUCTOR),2,1,0,1,1,0,1,0,0,0,1,1,1,2,46,26,66,0,1,0,0,0,0,NA,1,0,1,0,0,0,0,0,0,0,0,0,No,No,No,No
A-2023-04-128,2023-04-29,2023,4,Abril,sábado,13:00,13,Tarde,Sí,LIMA,LIMA,VILLA EL SALVADOR,RURAL,-12.242372,-76.944312,VOLCADURA,1,0,1,No,No,CARRETERA,NACIONAL,PE-1S,DESPEJADO,RURAL,TRAMO RECTO,PLANA,ASFALTADA,EN PROCESO DE INVESTIGACIÓN,NO CUENTA CON CAUSA ESPECIFICA,2,1,0,1,1,1,0,0,0,1,0,1,1,2,59,53,65,0,1,0,0,0,0,NA,1,1,0,0,0,0,0,0,0,0,0,0,Sí,No,No,No
A-2023-04-127,2023-04-29,2023,4,Abril,sábado,13:45,13,Tarde,Sí,LIMA,LIMA,CARABAYLLO,URBANA,-11.87353797,-77.01561197,CHOQUE,2,0,2,No,Sí,AVENIDA,URBANO,NO CORRESPONDE,DESPEJADO,COMERCIAL,INTERSECCIÓN,INCLINADA,ASFALTADA,EN PROCESO DE INVESTIGACIÓN,NO CUENTA CON CAUSA ESPECIFICA,4,2,0,2,2,0,2,0,0,0,2,2,2,4,50.5,35,62,0,2,0,0,0,0,NA,2,2,0,0,0,0,0,0,0,2,0,0,Sí,No,No,No
A-2023-04-122,2023-04-29,2023,4,Abril,sábado,16:15,16,Tarde,Sí,LIMA,LIMA,MIRAFLORES,URBANA,-12.10873273,-77.02668939,DESPISTE,1,0,1,No,No,AVENIDA,URBANO,NO CORRESPONDE,DESPEJADO,RESIDENCIAL,INTERSECCIÓN,PLANA,ASFALTADA,EN PROCESO DE INVESTIGACIÓN,NO CUENTA CON CAUSA ESPECIFICA,2,1,0,1,1,1,0,0,0,1,0,1,1,2,28.5,24,33,0,0,0,0,0,0,NA,1,1,0,0,0,0,0,0,0,0,0,0,Sí,No,No,No
A-2023-04-126,2023-04-30,2023,4,Abril,domingo,05:00,5,Madrugada,Sí,LIMA,LIMA,CARABAYLLO,URBANA,-11.89864717,-77.03846028,ATROPELLO,1,0,1,No,No,AVENIDA,URBANO,NO CORRESPONDE,DESPEJADO,COMERCIAL,TRAMO RECTO,PLANA,ASFALTADA,EN PROCESO DE INVESTIGACIÓN,NO CUENTA CON CAUSA ESPECIFICA,2,1,0,1,1,0,1,0,0,0,1,2,0,1,39,39,39,0,0,0,0,0,0,NA,1,0,1,0,0,0,0,0,0,0,0,0,No,No,No,No
A-2023-04-125,2023-04-30,2023,4,Abril,domingo,11:30,11,Mañana,Sí,LIMA,LIMA,VILLA EL SALVADOR,URBANA,-12.22638233,-76.9354564,CHOQUE,1,9,10,Sí,No,AVENIDA,URBANO,NO CORRESPONDE,DESPEJADO,RESIDENCIAL,INTERSECCIÓN,PLANA,ASFALTADA,IMPRUDENCIA DEL CONDUCTOR,EXCESO DE VELOCIDAD,12,1,9,2,2,10,0,0,0,1,0,7,5,12,47.25,20,67,0,2,1,1,0,0,NA,2,0,2,0,0,0,0,1,0,2,0,0,No,No,Sí,No
A-2023-04-123,2023-04-30,2023,4,Abril,domingo,15:30,15,Tarde,Sí,LIMA,LIMA,EL AGUSTINO,URBANA,-12.030709,-76.983637,DESPISTE,2,1,3,Sí,Sí,CARRETERA,NACIONAL,PE-22,DESPEJADO,INDUSTRIAL,TRAMO RECTO,PLANA,ASFALTADA,NEGLIGENCIA DEL CONDUCTOR,OTRO (NEGLIGENCIA DEL CONDUCTOR),4,2,1,0,1,3,0,0,0,2,0,3,1,4,61.5,42,88,0,2,0,0,0,0,NA,1,0,1,0,0,0,0,0,0,0,0,0,No,No,No,No
A-2023-05-140,2023-05-03,2023,5,Mayo,miércoles,10:30,10,Mañana,No,LIMA,LIMA,SAN JUAN DE LURIGANCHO,URBANA,-11.96311927,-76.98319507,ATROPELLO,1,0,1,No,No,JIRÓN,URBANO,NO CORRESPONDE,DESPEJADO,RESIDENCIAL,INTERSECCIÓN,PLANA,ASFALTADA,IMPRUDENCIA DEL CONDUCTOR,OTRO (IMPRUDENCIA DEL CONDUCTOR),2,1,0,1,1,0,1,0,0,0,1,2,0,2,33,25,41,0,0,0,0,0,0,NA,1,0,1,0,0,0,0,0,0,0,0,0,No,No,No,No
A-2023-05-139,2023-05-06,2023,5,Mayo,sábado,09:23,9,Mañana,Sí,LIMA,LIMA,SAN JUAN DE LURIGANCHO,URBANA,-11.96782396,-77.00390032,ATROPELLO,1,0,1,No,No,AVENIDA,URBANO,NO CORRESPONDE,DESPEJADO,COMERCIAL,TRAMO RECTO,PLANA,ASFALTADA,EN PROCESO DE INVESTIGACIÓN,NO CUENTA CON CAUSA ESPECIFICA,2,1,0,1,1,0,1,0,0,0,1,2,0,2,52.5,31,74,0,1,0,0,0,0,NA,1,0,0,0,0,0,0,0,0,0,0,0,No,No,No,No
A-2023-05-155,2023-05-06,2023,5,Mayo,sábado,15:40,15,Tarde,Sí,LIMA,LIMA,SANTIAGO DE SURCO,RURAL,-12.143686,-76.981723,CHOQUE,1,0,1,No,No,CARRETERA,NACIONAL,PE-1S,DESPEJADO,INDUSTRIAL,TRAMO RECTO,PLANA,ASFALTADA,IMPRUDENCIA DEL CONDUCTOR,OTRO (IMPRUDENCIA DEL CONDUCTOR),2,1,0,1,2,0,0,0,1,0,0,1,1,2,31,22,40,0,0,0,0,0,0,NA,2,1,1,0,0,0,0,0,0,0,0,0,Sí,No,No,No
A-2023-05-174,2023-05-06,2023,5,Mayo,sábado,15:40,15,Tarde,Sí,LIMA,LIMA,SANTIAGO DE SURCO,URBANA,-12.143750308314194,-76.98170268928794,CHOQUE,1,0,1,No,No,CARRETERA,NACIONAL,PE-1S,DESPEJADO,RESIDENCIAL,TRAMO RECTO,PLANA,ASFALTADA,IMPRUDENCIA DEL CONDUCTOR,GIRAR IMPRUDENTEMENTE,2,1,0,1,2,0,0,0,1,0,0,1,1,2,35,30,40,0,0,0,1,0,0,NA,2,1,1,0,0,0,0,0,0,0,0,0,Sí,No,No,No
A-2023-05-138,2023-05-06,2023,5,Mayo,sábado,22:40,22,Noche,Sí,LIMA,LIMA,INDEPENDENCIA,URBANA,-12.002167065249218,-77.05499941826353,ATROPELLO,1,0,1,No,No,AVENIDA,URBANO,NO CORRESPONDE,DESPEJADO,COMERCIAL,TRAMO RECTO,INCLINADA,ASFALTADA,EN PROCESO DE INVESTIGACIÓN,NO CUENTA CON CAUSA ESPECIFICA,2,1,0,1,1,0,1,0,0,0,1,2,0,2,36,24,48,0,0,0,0,0,0,NA,1,1,0,0,0,0,0,0,0,0,0,0,Sí,No,No,No
A-2023-05-137,2023-05-07,2023,5,Mayo,domingo,00:40,0,Madrugada,Sí,LIMA,LIMA,LOS OLIVOS,URBANA,-11.98023189,-77.07220528,CHOQUE,1,0,1,No,No,AVENIDA,URBANO,NO CORRESPONDE,DESPEJADO,COMERCIAL,INTERSECCIÓN,PLANA,ASFALTADA,EN PROCESO DE INVESTIGACIÓN,NO CUENTA CON CAUSA ESPECIFICA,3,1,0,2,2,1,0,0,0,1,0,2,1,3,27.666666666666668,23,37,0,0,1,1,0,0,NA,2,1,1,0,0,0,0,0,0,0,0,0,Sí,No,No,No
A-2023-05-136,2023-05-08,2023,5,Mayo,lunes,05:00,5,Madrugada,No,LIMA,LIMA,SAN BORJA,URBANA,-12.094176,-76.980606,CHOQUE,1,24,25,Sí,No,CARRETERA,NACIONAL,PE-1S,DESPEJADO,COMERCIAL,TRAMO RECTO,PLANA,ASFALTADA,EN PROCESO DE INVESTIGACIÓN,NO CUENTA CON CAUSA ESPECIFICA,26,1,24,1,2,24,0,0,1,0,0,12,14,26,43.34615384615385,4,87,2,5,0,0,0,0,NA,2,0,0,1,1,0,0,0,0,0,0,0,No,Sí,No,No
A-2023-05-135,2023-05-10,2023,5,Mayo,miércoles,13:50,13,Tarde,No,LIMA,LIMA,VILLA EL SALVADOR,RURAL,-12.24054167,-76.9477022,ATROPELLO FUGA,1,0,1,No,No,CARRETERA,NACIONAL,PE-1S,DESPEJADO,INDUSTRIAL,TRAMO RECTO,PLANA,ASFALTADA,EN PROCESO DE INVESTIGACIÓN,NO CUENTA CON CAUSA ESPECIFICA,2,1,0,0,1,0,1,0,0,0,1,1,0,1,35,35,35,0,0,0,0,0,0,NA,1,0,0,0,0,0,1,0,0,0,0,1,No,No,No,Sí
A-2023-05-134,2023-05-11,2023,5,Mayo,jueves,12:30,12,Tarde,No,LIMA,LIMA,LURIGANCHO,URBANA,-11.9985816,-76.92668958,CHOQUE,1,0,1,No,No,AVENIDA,URBANO,NO CORRESPONDE,DESPEJADO,RESIDENCIAL,INTERSECCIÓN,PLANA,ASFALTADA,IMPRUDENCIA DEL CONDUCTOR,OTRO (IMPRUDENCIA DEL CONDUCTOR),2,1,0,1,2,0,0,0,1,0,0,2,0,2,42,32,52,0,0,0,1,0,0,NA,2,1,0,1,0,0,0,0,0,0,0,0,Sí,Sí,No,No
A-2023-05-133,2023-05-11,2023,5,Mayo,jueves,18:50,18,Noche,No,LIMA,LIMA,VILLA MARIA DEL TRIUNFO,URBANA,-12.1840592,-76.93914062,DESPISTE,1,0,1,No,No,JIRÓN,URBANO,NO CORRESPONDE,DESPEJADO,RESIDENCIAL,TRAMO RECTO,INCLINADA,ASFALTADA,EN PROCESO DE INVESTIGACIÓN,NO CUENTA CON CAUSA ESPECIFICA,1,1,0,0,1,0,0,0,1,0,0,1,0,1,30,30,30,0,0,0,1,0,0,NA,1,0,0,0,0,0,0,0,0,0,0,0,No,No,No,No
A-2023-05-132,2023-05-12,2023,5,Mayo,viernes,21:00,21,Noche,No,LIMA,LIMA,LURIN,RURAL,-12.28162677,-76.88079856,ATROPELLO,1,0,1,No,No,CARRETERA,NACIONAL,PE-1S,DESPEJADO,INDUSTRIAL,TRAMO RECTO,PLANA,ASFALTADA,IMPRUDENCIA DEL PEATÓN,OTRO (IMPRUDENCIA DEL PEATÓN),2,1,0,1,1,0,1,0,0,0,1,1,1,1,49,49,49,0,0,0,0,0,0,NA,1,0,1,0,0,0,0,0,0,0,0,0,No,No,No,No
A-2023-05-131,2023-05-13,2023,5,Mayo,sábado,10:30,10,Mañana,Sí,LIMA,LIMA,RIMAC,URBANA,-12.03779377,-77.02698101,ATROPELLO,1,1,2,Sí,No,JIRÓN,URBANO,NO CORRESPONDE,DESPEJADO,RESIDENCIAL,INTERSECCIÓN,PLANA,ASFALTADA,EN PROCESO DE INVESTIGACIÓN,NO CUENTA CON CAUSA ESPECIFICA,3,1,1,1,1,0,2,0,0,0,1,2,1,3,64.33333333333333,52,84,0,1,0,0,0,0,NA,1,0,1,0,0,0,0,0,0,0,0,0,No,No,No,No
A-2023-05-130,2023-05-14,2023,5,Mayo,domingo,07:00,7,Mañana,Sí,LIMA,LIMA,SAN MARTIN DE PORRES,URBANA,-12.02103639,-77.08656019,ATROPELLO,1,0,1,No,No,AVENIDA,URBANO,NO CORRESPONDE,DESPEJADO,RESIDENCIAL,INTERSECCIÓN,PLANA,ASFALTADA,EN PROCESO DE INVESTIGACIÓN,NO CUENTA CON CAUSA ESPECIFICA,2,1,0,1,1,0,1,0,0,0,1,1,1,2,55,42,68,0,1,0,0,0,0,NA,1,0,1,0,0,0,0,0,0,0,0,0,No,No,No,No
A-2023-05-129,2023-05-14,2023,5,Mayo,domingo,16:40,16,Tarde,Sí,LIMA,LIMA,LURIN,URBANA,-12.302955,-76.84265,ATROPELLO,1,0,1,No,No,CARRETERA,NACIONAL,PE-1S,DESPEJADO,INDUSTRIAL,TRAMO RECTO,INCLINADA,ASFALTADA,IMPRUDENCIA DEL PEATÓN,OTRO (IMPRUDENCIA DEL PEATÓN),2,1,0,1,1,0,1,0,0,0,1,1,1,2,48,42,54,0,0,0,0,0,0,NA,1,0,1,0,0,0,0,0,0,0,0,0,No,No,No,No
A-2023-05-10,2023-05-14,2023,5,Mayo,domingo,23:20,23,Noche,Sí,LIMA,LIMA,PACHACAMAC,URBANA,-12.112766104359844,-76.87371350616725,ATROPELLO FUGA,1,0,1,No,No,AVENIDA,URBANO,NO CORRESPONDE,NA,NA,NA,NA,NA,EN PROCESO DE INVESTIGACIÓN,NO CUENTA CON CAUSA ESPECIFICA,2,1,0,0,1,0,1,0,0,0,1,1,0,1,29,29,29,0,0,0,0,0,0,NA,1,0,0,0,0,0,1,0,0,0,0,1,No,No,No,Sí
A-2023-05-128,2023-05-14,2023,5,Mayo,domingo,23:20,23,Noche,Sí,LIMA,LIMA,PACHACAMAC,URBANA,-12.11263727,-76.87395975,ATROPELLO FUGA,1,0,1,No,No,AVENIDA,URBANO,NO CORRESPONDE,DESPEJADO,ESCOLAR,INTERSECCIÓN,INCLINADA,ASFALTADA,EN PROCESO DE INVESTIGACIÓN,NO CUENTA CON CAUSA ESPECIFICA,2,1,0,0,1,0,1,0,0,0,1,1,0,1,27,27,27,0,0,0,0,0,0,NA,1,0,0,0,0,0,1,0,0,0,0,1,No,No,No,Sí
A-2023-05-122,2023-05-19,2023,5,Mayo,viernes,06:00,6,Mañana,No,LIMA,LIMA,ATE,URBANA,-12.008269,-76.860337,ATROPELLO FUGA,1,0,1,No,No,CARRETERA,NACIONAL,PE-22,DESPEJADO,COMERCIAL,TRAMO RECTO,PLANA,ASFALTADA,EN PROCESO DE INVESTIGACIÓN,NO CUENTA CON CAUSA ESPECIFICA,2,1,0,0,1,0,1,0,0,0,1,1,0,0,NA,NA,NA,NA,NA,0,0,0,0,NA,1,0,0,0,0,0,1,0,0,0,0,1,No,No,No,Sí
A-2023-05-127,2023-05-20,2023,5,Mayo,sábado,19:20,19,Noche,Sí,LIMA,LIMA,LURIGANCHO,URBANA,-12.02100704,-76.92451146,VOLCADURA,1,0,1,No,No,CARRETERA,NACIONAL,PE-22,DESPEJADO,INDUSTRIAL,CURVA,PLANA,ASFALTADA,IMPRUDENCIA DEL CONDUCTOR,OTRO (IMPRUDENCIA DEL CONDUCTOR),1,1,0,0,1,0,0,0,1,0,0,1,0,1,22,22,22,0,0,1,1,0,0,NA,1,1,0,0,0,0,0,0,0,0,0,0,Sí,No,No,No
A-2023-05-126,2023-05-20,2023,5,Mayo,sábado,23:40,23,Noche,Sí,LIMA,LIMA,LURIN,RURAL,-12.245601,-76.937863,ATROPELLO,1,0,1,No,No,CARRETERA,NACIONAL,PE-1S,DESPEJADO,INDUSTRIAL,TRAMO RECTO,PLANA,ASFALTADA,IMPRUDENCIA DEL PEATÓN,OTRO (IMPRUDENCIA DEL PEATÓN),2,1,0,1,1,0,1,0,0,0,1,2,0,1,31,31,31,0,0,0,0,0,0,NA,1,0,1,0,0,0,0,0,0,0,0,0,No,No,No,No
A-2023-05-125,2023-05-21,2023,5,Mayo,domingo,06:30,6,Mañana,Sí,LIMA,LIMA,LURIN,RURAL,-12.272526,-76.895531,DESPISTE,1,0,1,No,No,CARRETERA,NACIONAL,PE-1S,DESPEJADO,RURAL,TRAMO RECTO,PLANA,ASFALTADA,IMPRUDENCIA DEL CONDUCTOR,OTRO (IMPRUDENCIA DEL CONDUCTOR),2,1,0,1,2,0,0,0,1,0,0,2,0,2,42,24,60,0,1,0,0,0,0,NA,2,1,1,0,0,0,0,0,0,2,0,0,Sí,No,No,No
A-2023-05-124,2023-05-21,2023,5,Mayo,domingo,23:30,23,Noche,Sí,LIMA,LIMA,SAN JUAN DE MIRAFLORES,URBANA,-12.14689319,-76.98213285,ATROPELLO,1,0,1,No,No,CARRETERA,NACIONAL,PE-1S,DESPEJADO,COMERCIAL,TRAMO RECTO,PLANA,ASFALTADA,EN PROCESO DE INVESTIGACIÓN,NO CUENTA CON CAUSA ESPECIFICA,2,1,0,1,1,0,1,0,0,0,1,1,1,1,34,34,34,0,0,0,0,0,0,NA,1,0,0,1,0,0,0,0,0,0,0,0,No,Sí,No,No
A-2023-05-123,2023-05-22,2023,5,Mayo,lunes,20:20,20,Noche,No,LIMA,LIMA,PUENTE PIEDRA,URBANA,-11.899354,-77.067782,CHOQUE,1,0,1,No,No,CARRETERA,NACIONAL,PE-1N,DESPEJADO,COMERCIAL,TRAMO RECTO,PLANA,ASFALTADA,IMPRUDENCIA DEL CONDUCTOR,OTRO (IMPRUDENCIA DEL CONDUCTOR),2,1,0,1,2,0,0,0,1,0,0,2,0,2,29,22,36,0,0,0,1,0,0,NA,2,1,0,0,1,0,0,1,0,0,0,0,Sí,No,Sí,No
A-2023-05-121,2023-05-24,2023,5,Mayo,miércoles,14:00,14,Tarde,No,LIMA,LIMA,SAN JUAN DE MIRAFLORES,URBANA,-12.17345044,-76.97824974,CHOQUE,1,2,3,Sí,No,CARRETERA,NACIONAL,PE-1S,DESPEJADO,RESIDENCIAL,TRAMO RECTO,PLANA,ASFALTADA,IMPRUDENCIA DEL CONDUCTOR,OTRO (IMPRUDENCIA DEL CONDUCTOR),4,1,2,1,2,2,0,0,0,1,0,4,0,3,26.666666666666668,18,40,0,0,1,1,0,0,NA,2,0,1,1,0,0,0,1,0,0,0,0,No,Sí,Sí,No
A-2023-05-154,2023-05-24,2023,5,Mayo,miércoles,17:00,17,Tarde,No,LIMA,LIMA,CHORRILLOS,URBANA,-12.19022849,-77.00627146,ATROPELLO,1,0,1,No,No,AVENIDA,URBANO,NO CORRESPONDE,DESPEJADO,RESIDENCIAL,INTERSECCIÓN,PLANA,ASFALTADA,IMPRUDENCIA DEL PEATÓN,OTRO (IMPRUDENCIA DEL PEATÓN),2,1,0,1,1,0,1,0,0,0,1,2,0,1,37,37,37,0,0,0,0,0,0,NA,1,0,0,1,0,0,0,0,0,0,0,0,No,Sí,No,No
A-2023-05-173,2023-05-24,2023,5,Mayo,miércoles,17:00,17,Tarde,No,LIMA,LIMA,CHORRILLOS,URBANA,-12.190240130901273,-77.00637930966165,ATROPELLO,1,0,1,No,No,AVENIDA,URBANO,NO CORRESPONDE,DESPEJADO,COMERCIAL,INTERSECCIÓN,PLANA,ASFALTADA,IMPRUDENCIA DEL PEATÓN,CRUCE INDEBIDO POR LA CALZADA,2,1,0,1,1,0,1,0,0,0,1,2,0,2,58.5,36,81,0,1,0,0,1,0,No,1,0,0,1,0,0,0,0,0,0,0,0,No,Sí,No,No
A-2023-05-107,2023-05-26,2023,5,Mayo,viernes,08:10,8,Mañana,No,CALLAO,CALLAO,VENTANILLA,URBANA,-11.920192,-77.129354,DESPISTE,1,2,3,Sí,No,CARRETERA,NACIONAL,PE-20,NA,NA,NA,NA,NA,EN PROCESO DE INVESTIGACIÓN,NO CUENTA CON CAUSA ESPECIFICA,4,1,2,1,1,3,0,0,0,1,0,2,2,4,43.75,38,58,0,0,0,0,0,0,NA,1,0,0,0,1,0,0,1,0,0,0,0,No,No,Sí,No
A-2023-05-120,2023-05-26,2023,5,Mayo,viernes,20:50,20,Noche,No,LIMA,LIMA,PUEBLO LIBRE,URBANA,-12.08478289,-77.06448613,CHOQUE,1,0,1,No,No,AVENIDA,URBANO,NO CORRESPONDE,DESPEJADO,RESIDENCIAL,SINUOSA,INCLINADA,ASFALTADA,EN PROCESO DE INVESTIGACIÓN,NO CUENTA CON CAUSA ESPECIFICA,2,1,0,1,2,0,0,0,1,0,0,2,0,2,31.5,21,42,0,0,0,0,0,0,NA,2,1,1,0,0,0,0,0,0,0,0,0,Sí,No,No,No
A-2023-05-119,2023-05-26,2023,5,Mayo,viernes,21:00,21,Noche,No,LIMA,LIMA,VILLA EL SALVADOR,URBANA,-12.229045,-76.968166,CHOQUE,1,0,1,No,No,CARRETERA,NACIONAL,PE-1S,DESPEJADO,INDUSTRIAL,CURVA,PLANA,ASFALTADA,IMPRUDENCIA DEL CONDUCTOR,OTRO (IMPRUDENCIA DEL CONDUCTOR),2,1,0,1,2,0,0,0,1,0,0,2,0,2,44,34,54,0,0,0,0,0,0,NA,2,0,2,0,0,0,0,0,0,0,1,0,No,No,No,No
A-2023-05-113,2023-05-27,2023,5,Mayo,sábado,20:00,20,Noche,Sí,LIMA,LIMA,LIMA,URBANA,-12.05875452,-77.01399072,ATROPELLO,1,0,1,No,No,AVENIDA,URBANO,NO CORRESPONDE,DESPEJADO,COMERCIAL,TRAMO RECTO,PLANA,ASFALTADA,IMPRUDENCIA DEL CONDUCTOR,EXCESO DE VELOCIDAD,2,1,0,1,1,0,1,0,0,0,1,2,0,2,33,24,42,0,0,0,0,0,0,NA,1,1,0,0,0,0,0,0,0,0,0,0,Sí,No,No,No
A-2023-05-114,2023-05-27,2023,5,Mayo,sábado,20:10,20,Noche,Sí,LIMA,LIMA,PUENTE PIEDRA,URBANA,-11.841271,-77.10371989,ATROPELLO,1,0,1,No,No,CARRETERA,NACIONAL,PE-1N,DESPEJADO,COMERCIAL,TRAMO RECTO,PLANA,ASFALTADA,IMPRUDENCIA DEL PEATÓN,OTRO (IMPRUDENCIA DEL PEATÓN),2,1,0,1,1,0,1,0,0,0,1,2,0,2,41.5,34,49,0,0,0,1,0,0,NA,1,0,0,0,1,0,0,1,0,1,0,0,No,No,Sí,No
A-2023-05-112,2023-05-28,2023,5,Mayo,domingo,05:30,5,Madrugada,Sí,LIMA,LIMA,SAN MARTIN DE PORRES,URBANA,-12.03520243,-77.04900501,CHOQUE CON OBJETO FIJO,1,1,2,Sí,No,CARRETERA,NACIONAL,PE-1N,DESPEJADO,ESCOLAR,TRAMO RECTO,INCLINADA,ASFALTADA,EN PROCESO DE INVESTIGACIÓN,NO CUENTA CON CAUSA ESPECIFICA,2,1,1,0,1,1,0,0,1,0,0,1,1,2,58,53,63,0,1,0,0,0,0,NA,1,0,1,0,0,0,0,1,0,1,0,0,No,No,Sí,No
A-2023-05-116,2023-05-29,2023,5,Mayo,lunes,16:00,16,Tarde,No,LIMA,LIMA,LURIGANCHO,URBANA,-11.97624021,-76.89507074,ATROPELLO,1,0,1,No,No,AVENIDA,URBANO,NO CORRESPONDE,DESPEJADO,RURAL,CURVA,INCLINADA,AFIRMADO,IMPRUDENCIA DEL CONDUCTOR,OTRO (IMPRUDENCIA DEL CONDUCTOR),2,1,0,1,1,0,1,0,0,0,1,2,0,2,12,2,22,1,0,0,0,0,0,NA,1,0,0,1,0,0,0,0,0,0,0,0,No,Sí,No,No
A-2023-05-115,2023-05-29,2023,5,Mayo,lunes,17:30,17,Tarde,No,LIMA,LIMA,PUEBLO LIBRE,URBANA,-12.07878024,-77.05688044,ATROPELLO,1,0,1,No,No,AVENIDA,URBANO,NO CORRESPONDE,DESPEJADO,COMERCIAL,TRAMO RECTO,PLANA,ASFALTADA,IMPRUDENCIA DEL PEATÓN,OTRO (IMPRUDENCIA DEL PEATÓN),2,1,0,1,1,0,1,0,0,0,1,2,0,2,32,29,35,0,0,0,0,0,0,NA,1,0,0,0,1,0,0,1,0,0,0,0,No,No,Sí,No
A-2023-05-117,2023-05-30,2023,5,Mayo,martes,07:30,7,Mañana,No,LIMA,LIMA,PUENTE PIEDRA,URBANA,-11.82623667,-77.11241649,CAÍDA DE PASAJERO,1,0,1,No,No,CALLE,URBANO,NO CORRESPONDE,DESPEJADO,RESIDENCIAL,TRAMO RECTO,INCLINADA,ASFALTADA,EN PROCESO DE INVESTIGACIÓN,NO CUENTA CON CAUSA ESPECIFICA,2,1,0,1,1,1,0,0,0,1,0,1,1,2,37,11,63,1,1,0,0,0,0,NA,1,0,1,0,0,0,0,0,0,0,0,0,No,No,No,No
A-2023-05-118,2023-05-31,2023,5,Mayo,miércoles,19:00,19,Noche,No,LIMA,LIMA,VILLA EL SALVADOR,URBANA,-12.2240505737527,-76.91982411092617,ATROPELLO,1,0,1,No,No,AVENIDA,URBANO,NO CORRESPONDE,DESPEJADO,ESCOLAR,INTERSECCIÓN,INCLINADA,ASFALTADA,IMPRUDENCIA DEL CONDUCTOR,OTRO (IMPRUDENCIA DEL CONDUCTOR),2,1,0,1,1,0,1,0,0,0,1,1,1,2,49,35,63,0,1,0,0,0,0,NA,1,0,0,0,1,0,0,1,0,0,0,0,No,No,Sí,No
A-2023-06-114,2023-06-01,2023,6,Junio,jueves,23:00,23,Noche,No,LIMA,LIMA,SAN MIGUEL,URBANA,-12.081534242873907,-77.10680099489718,DESPISTE,1,1,2,Sí,No,OTRO,URBANO,NO CORRESPONDE,DESPEJADO,COMERCIAL,TRAMO RECTO,INCLINADA,ASFALTADA,IMPRUDENCIA DEL CONDUCTOR,OTRO (IMPRUDENCIA DEL CONDUCTOR),3,1,1,1,1,2,0,0,0,1,0,1,2,3,58.666666666666664,34,85,0,1,0,0,0,0,NA,1,0,1,0,0,0,0,0,0,0,0,0,No,No,No,No
A-2023-06-115,2023-06-01,2023,6,Junio,jueves,23:50,23,Noche,No,LIMA,LIMA,VILLA EL SALVADOR,URBANA,-12.2397639,-76.91231399,CHOQUE,1,1,2,Sí,No,AVENIDA,URBANO,NO CORRESPONDE,DESPEJADO,COMERCIAL,ÓVALO,PLANA,ASFALTADA,IMPRUDENCIA DEL CONDUCTOR,OTRO (IMPRUDENCIA DEL CONDUCTOR),3,1,1,1,2,1,0,0,1,0,0,2,0,2,34.5,29,40,0,0,0,0,0,0,NA,2,0,1,1,0,0,0,0,0,0,0,0,No,Sí,No,No
A-2023-06-116,2023-06-03,2023,6,Junio,sábado,18:45,18,Noche,Sí,LIMA,LIMA,LIMA,RURAL,-12.055194789607143,-77.030261418098,ATROPELLO,1,0,1,No,No,AVENIDA,URBANO,NO CORRESPONDE,DESPEJADO,COMERCIAL,INTERSECCIÓN,PLANA,ASFALTADA,EN PROCESO DE INVESTIGACIÓN,NO CUENTA CON CAUSA ESPECIFICA,2,1,0,1,1,0,1,0,0,0,1,2,0,2,56,27,85,0,1,0,0,0,0,NA,1,0,1,0,0,0,0,1,0,0,0,0,No,No,Sí,No
A-2023-06-117,2023-06-03,2023,6,Junio,sábado,19:20,19,Noche,Sí,LIMA,LIMA,PUCUSANA,URBANA,-12.49241469,-76.78754177,ATROPELLO,1,0,1,No,No,AVENIDA,URBANO,NO CORRESPONDE,DESPEJADO,ESCOLAR,TRAMO RECTO,PLANA,ASFALTADA,EN PROCESO DE INVESTIGACIÓN,NO CUENTA CON CAUSA ESPECIFICA,2,1,0,1,1,0,1,0,0,0,1,2,0,2,46,26,66,0,1,0,0,0,0,NA,1,1,0,0,0,0,0,0,0,1,0,0,Sí,No,No,No
A-2023-06-118,2023-06-04,2023,6,Junio,domingo,07:20,7,Mañana,Sí,LIMA,LIMA,VILLA EL SALVADOR,RURAL,-12.235937,-76.956483,ATROPELLO FUGA,1,0,1,No,No,CARRETERA,NACIONAL,PE-1S,DESPEJADO,RURAL,TRAMO RECTO,PLANA,ASFALTADA,EN PROCESO DE INVESTIGACIÓN,NO CUENTA CON CAUSA ESPECIFICA,2,1,0,0,1,0,1,0,0,0,1,1,0,0,NA,NA,NA,NA,NA,0,0,0,0,NA,1,0,0,0,0,0,1,0,0,0,0,1,No,No,No,Sí
A-2023-06-119,2023-06-04,2023,6,Junio,domingo,07:45,7,Mañana,Sí,LIMA,LIMA,SANTIAGO DE SURCO,URBANA,-12.136873,-76.980469,ATROPELLO FUGA,1,0,1,No,No,CARRETERA,NACIONAL,PE-1S,DESPEJADO,RESIDENCIAL,TRAMO RECTO,PLANA,ASFALTADA,EN PROCESO DE INVESTIGACIÓN,NO CUENTA CON CAUSA ESPECIFICA,2,1,0,0,1,0,1,0,0,0,1,1,0,0,NA,NA,NA,NA,NA,0,0,0,0,NA,1,0,0,0,0,0,1,0,0,0,0,1,No,No,No,Sí
A-2023-06-120,2023-06-04,2023,6,Junio,domingo,22:30,22,Noche,Sí,LIMA,LIMA,ANCON,RURAL,-11.79253,-77.146759,CHOQUE,1,0,1,No,No,CARRETERA,NACIONAL,PE-1N,DESPEJADO,RURAL,TRAMO RECTO,PLANA,ASFALTADA,EN PROCESO DE INVESTIGACIÓN,NO CUENTA CON CAUSA ESPECIFICA,2,1,0,1,2,0,0,0,1,0,0,2,0,2,44,39,49,0,0,0,0,0,0,NA,2,0,1,1,0,0,0,1,0,0,0,0,No,Sí,Sí,No
A-2023-06-121,2023-06-06,2023,6,Junio,martes,09:40,9,Mañana,No,LIMA,LIMA,SAN JUAN DE LURIGANCHO,URBANA,-11.97699222,-77.00305921,CAÍDA DE PASAJERO,1,0,1,No,No,AVENIDA,URBANO,NO CORRESPONDE,DESPEJADO,ESCOLAR,CURVA,PLANA,ASFALTADA,IMPRUDENCIA DEL CONDUCTOR,EXCESO DE VELOCIDAD,2,1,0,1,1,1,0,0,0,1,0,2,0,2,29.5,18,41,0,0,0,1,0,0,NA,1,0,0,0,1,0,0,1,0,1,0,0,No,No,Sí,No
A-2023-06-122,2023-06-06,2023,6,Junio,martes,20:50,20,Noche,No,LIMA,LIMA,SURQUILLO,URBANA,-12.10971142,-77.01165375,ATROPELLO,1,1,2,Sí,No,CALLE,URBANO,NO CORRESPONDE,DESPEJADO,ESCOLAR,TRAMO RECTO,PLANA,ASFALTADA,IMPRUDENCIA DEL PEATÓN,OTRO (IMPRUDENCIA DEL PEATÓN),3,1,1,1,1,0,2,0,0,0,1,3,0,3,14,6,29,2,0,0,0,0,0,NA,1,0,1,0,0,0,0,0,0,0,0,0,No,No,No,No
A-2023-06-123,2023-06-07,2023,6,Junio,miércoles,03:40,3,Madrugada,No,LIMA,LIMA,SANTIAGO DE SURCO,URBANA,-12.118224698717238,-76.97713221891348,CHOQUE,2,1,3,Sí,Sí,CARRETERA,NACIONAL,PE-1S,DESPEJADO,ESCOLAR,TRAMO RECTO,PLANA,ASFALTADA,IMPRUDENCIA DEL CONDUCTOR,OTRO (IMPRUDENCIA DEL CONDUCTOR),4,2,1,1,2,2,0,0,1,1,0,2,2,4,51.5,43,68,0,1,0,1,0,0,NA,2,0,1,1,0,0,0,1,0,0,0,0,No,Sí,Sí,No
A-2023-06-124,2023-06-07,2023,6,Junio,miércoles,10:45,10,Mañana,No,LIMA,LIMA,CHORRILLOS,URBANA,-12.18134573,-77.01232672,ATROPELLO,1,0,1,No,No,AVENIDA,URBANO,NO CORRESPONDE,DESPEJADO,COMERCIAL,INTERSECCIÓN,PLANA,ASFALTADA,NEGLIGENCIA DEL CONDUCTOR,OTRO (NEGLIGENCIA DEL CONDUCTOR),2,1,0,1,1,0,1,0,0,0,1,2,0,2,68.5,48,89,0,1,0,0,0,0,NA,1,0,0,0,1,0,0,1,1,0,0,0,No,No,Sí,No
A-2023-06-125,2023-06-08,2023,6,Junio,jueves,05:00,5,Madrugada,No,LIMA,LIMA,SAN MARTIN DE PORRES,URBANA,-12.01662094,-77.07794638,DESPISTE,1,0,1,No,No,AVENIDA,URBANO,NO CORRESPONDE,DESPEJADO,COMERCIAL,TRAMO RECTO,PLANA,ASFALTADA,EN PROCESO DE INVESTIGACIÓN,NO CUENTA CON CAUSA ESPECIFICA,1,1,0,0,1,0,0,0,1,0,0,1,0,1,23,23,23,0,0,0,0,0,0,NA,1,1,0,0,0,0,0,0,0,1,0,0,Sí,No,No,No
A-2023-06-126,2023-06-08,2023,6,Junio,jueves,08:30,8,Mañana,No,LIMA,LIMA,MIRAFLORES,URBANA,-12.12991394,-77.02370858,ATROPELLO,1,0,1,No,No,AVENIDA,URBANO,NO CORRESPONDE,DESPEJADO,RESIDENCIAL,TRAMO RECTO,PLANA,ASFALTADA,IMPRUDENCIA DEL CONDUCTOR,OTRO (IMPRUDENCIA DEL CONDUCTOR),2,1,0,1,1,0,1,0,0,0,1,1,1,2,50.5,46,55,0,0,0,0,0,0,NA,1,0,1,0,0,0,0,1,0,0,0,0,No,No,Sí,No
A-2023-06-86,2023-06-08,2023,6,Junio,jueves,18:30,18,Noche,No,CALLAO,CALLAO,CALLAO,URBANA,-12.0446162274835,-77.126587086002,ATROPELLO,1,0,1,No,No,CARRETERA,NACIONAL,PE-20,DESPEJADO,COMERCIAL,TRAMO RECTO,PLANA,ASFALTADA,IMPRUDENCIA DEL PEATÓN,OTRO (IMPRUDENCIA DEL PEATÓN),2,1,0,1,1,0,1,0,0,0,1,2,0,2,45,44,46,0,0,0,0,0,0,NA,1,0,0,1,0,0,0,0,0,0,0,0,No,Sí,No,No
A-2023-06-127,2023-06-09,2023,6,Junio,viernes,16:50,16,Tarde,No,LIMA,LIMA,JESUS MARIA,URBANA,-12.07422298,-77.05293713,CHOQUE,2,0,2,No,Sí,AVENIDA,URBANO,NO CORRESPONDE,DESPEJADO,COMERCIAL,INTERSECCIÓN,PLANA,ASFALTADA,EN PROCESO DE INVESTIGACIÓN,NO CUENTA CON CAUSA ESPECIFICA,3,2,0,1,2,1,0,0,1,1,0,1,2,3,70,38,94,0,2,0,0,0,0,NA,2,0,1,0,1,0,0,1,0,0,0,0,No,No,Sí,No
A-2023-06-128,2023-06-10,2023,6,Junio,sábado,07:10,7,Mañana,Sí,LIMA,LIMA,SAN BORJA,URBANA,-12.08725484,-76.99614485,CHOQUE,1,1,2,Sí,No,AVENIDA,URBANO,NO CORRESPONDE,DESPEJADO,COMERCIAL,TRAMO RECTO,PLANA,ASFALTADA,EN PROCESO DE INVESTIGACIÓN,NO CUENTA CON CAUSA ESPECIFICA,3,1,1,1,2,1,0,0,1,0,0,3,0,3,38,27,46,0,0,0,1,0,0,NA,2,0,0,1,1,0,0,1,0,0,0,0,No,Sí,Sí,No
A-2023-06-131,2023-06-10,2023,6,Junio,sábado,20:40,20,Noche,Sí,LIMA,LIMA,ATE,URBANA,-12.009093,-76.864798,ATROPELLO FUGA,1,0,1,No,No,CARRETERA,NACIONAL,PE-22,DESPEJADO,INDUSTRIAL,TRAMO RECTO,PLANA,ASFALTADA,EN PROCESO DE INVESTIGACIÓN,NO CUENTA CON CAUSA ESPECIFICA,2,1,0,0,1,0,1,0,0,0,1,1,0,1,33,33,33,0,0,0,0,0,0,NA,1,0,1,0,0,0,0,1,0,0,0,0,No,No,Sí,No
A-2023-06-129,2023-06-10,2023,6,Junio,sábado,23:30,23,Noche,Sí,LIMA,LIMA,ANCON,RURAL,-11.806201,-77.134166,ATROPELLO,1,0,1,No,No,CARRETERA,NACIONAL,PE-1N,DESPEJADO,RURAL,TRAMO RECTO,PLANA,ASFALTADA,IMPRUDENCIA DEL PEATÓN,OTRO (IMPRUDENCIA DEL PEATÓN),2,1,0,1,1,0,1,0,0,0,1,1,1,2,33.5,28,39,0,0,0,0,0,0,NA,1,0,1,0,0,0,0,0,0,0,0,0,No,No,No,No
A-2023-06-132,2023-06-11,2023,6,Junio,domingo,05:20,5,Madrugada,Sí,LIMA,LIMA,SURQUILLO,URBANA,-12.109287273426169,-77.025994012994,VOLCADURA,1,0,1,No,No,AVENIDA,URBANO,NO CORRESPONDE,DESPEJADO,COMERCIAL,INTERSECCIÓN,PLANA,ASFALTADA,EN PROCESO DE INVESTIGACIÓN,NO CUENTA CON CAUSA ESPECIFICA,1,1,0,0,1,0,0,0,1,0,0,1,0,1,29,29,29,0,0,0,1,0,0,NA,1,1,0,0,0,0,0,0,1,0,0,0,Sí,No,No,No
A-2023-06-84,2023-06-11,2023,6,Junio,domingo,10:00,10,Mañana,Sí,CALLAO,CALLAO,CALLAO,URBANA,-12.0142975,-77.104825716,CHOQUE,1,0,1,No,No,AVENIDA,URBANO,NO CORRESPONDE,DESPEJADO,COMERCIAL,TRAMO RECTO,PLANA,ASFALTADA,IMPRUDENCIA DEL CONDUCTOR,CONDUCIR EN ESTADO DE EBRIEDAD Y/O DROGADICCIÓN,3,1,0,2,2,0,1,0,0,0,1,1,2,2,47,46,48,0,0,0,0,0,0,NA,2,0,2,0,0,0,0,0,0,0,0,0,No,No,No,No
A-2023-06-133,2023-06-12,2023,6,Junio,lunes,00:30,0,Madrugada,No,LIMA,LIMA,CHACLACAYO,URBANA,-11.982035,-76.797168,ATROPELLO,1,0,1,No,No,CARRETERA,NACIONAL,PE-22,DESPEJADO,RESIDENCIAL,TRAMO RECTO,PLANA,ASFALTADA,IMPRUDENCIA DEL PEATÓN,OTRO (IMPRUDENCIA DEL PEATÓN),2,1,0,1,1,0,1,0,0,0,1,2,0,2,47.5,33,62,0,1,0,0,0,0,NA,1,0,1,0,0,0,0,0,0,1,0,0,No,No,No,No
A-2023-06-135,2023-06-12,2023,6,Junio,lunes,06:30,6,Mañana,No,LIMA,LIMA,LIMA,URBANA,-12.04426499,-77.04279183,CAÍDA DE PASAJERO,1,0,1,No,No,AVENIDA,URBANO,NO CORRESPONDE,DESPEJADO,COMERCIAL,INTERSECCIÓN,PLANA,ASFALTADA,EN PROCESO DE INVESTIGACIÓN,NO CUENTA CON CAUSA ESPECIFICA,2,1,0,1,1,1,0,0,0,1,0,2,0,2,43,37,49,0,0,0,0,0,0,NA,1,0,0,0,1,0,0,1,0,0,0,0,No,No,Sí,No
A-2023-06-134,2023-06-12,2023,6,Junio,lunes,20:30,20,Noche,No,LIMA,LIMA,SAN MARTIN DE PORRES,URBANA,-12.033849,-77.052185,ATROPELLO,1,0,1,No,No,CARRETERA,NACIONAL,PE-1N,DESPEJADO,COMERCIAL,CURVA,PLANA,ASFALTADA,EN PROCESO DE INVESTIGACIÓN,NO CUENTA CON CAUSA ESPECIFICA,2,1,0,1,1,0,1,0,0,0,1,1,1,2,33.5,30,37,0,0,0,0,0,0,NA,1,0,1,0,0,0,0,0,0,0,0,0,No,No,No,No
A-2023-06-92,2023-06-13,2023,6,Junio,martes,09:00,9,Mañana,No,CALLAO,CALLAO,CALLAO,URBANA,-11.9469751337747,-77.1315834711881,CHOQUE,1,0,1,No,No,CARRETERA,NACIONAL,PE-20,DESPEJADO,INDUSTRIAL,TRAMO RECTO,PLANA,ASFALTADA,EN PROCESO DE INVESTIGACIÓN,NO CUENTA CON CAUSA ESPECIFICA,2,1,0,1,2,0,0,0,1,0,0,2,0,2,41,38,44,0,0,0,0,0,0,NA,2,1,0,1,0,0,0,0,0,0,0,0,Sí,Sí,No,No
A-2023-06-136,2023-06-13,2023,6,Junio,martes,15:40,15,Tarde,No,LIMA,LIMA,SAN JUAN DE MIRAFLORES,URBANA,-12.1799327360984,-76.9766362389251,VOLCADURA,1,0,1,No,No,AVENIDA,URBANO,NO CORRESPONDE,DESPEJADO,COMERCIAL,TRAMO RECTO,INCLINADA,ASFALTADA,IMPRUDENCIA DEL CONDUCTOR,OTRO (IMPRUDENCIA DEL CONDUCTOR),2,1,0,1,2,0,0,0,1,0,0,2,0,2,40,27,53,0,0,1,1,0,0,NA,2,1,0,1,0,0,0,0,0,0,0,0,Sí,Sí,No,No
A-2023-06-137,2023-06-13,2023,6,Junio,martes,21:00,21,Noche,No,LIMA,LIMA,SAN JUAN DE LURIGANCHO,URBANA,-11.95565916,-76.99170998,ATROPELLO,1,0,1,No,No,AVENIDA,URBANO,NO CORRESPONDE,DESPEJADO,COMERCIAL,CURVA,PLANA,ASFALTADA,IMPRUDENCIA DEL PEATÓN,OTRO (IMPRUDENCIA DEL PEATÓN),2,1,0,1,1,0,1,0,0,0,1,1,1,2,50.5,45,56,0,0,0,0,0,0,NA,1,0,0,0,1,0,0,1,0,0,0,0,No,No,Sí,No
A-2023-06-190,2023-06-14,2023,6,Junio,miércoles,15:15,15,Tarde,No,CALLAO,CALLAO,CALLAO,URBANA,-12.0131311,-77.097646517,ATROPELLO,1,0,1,No,No,AVENIDA,URBANO,NO CORRESPONDE,DESPEJADO,COMERCIAL,TRAMO RECTO,PLANA,ASFALTADA,IMPRUDENCIA DEL CONDUCTOR,OTRO (IMPRUDENCIA DEL CONDUCTOR),2,1,0,1,1,0,1,0,0,0,1,1,1,2,40.5,28,53,0,0,1,1,0,0,NA,1,1,0,0,0,0,0,0,0,1,0,0,Sí,No,No,No
A-2023-06-138,2023-06-16,2023,6,Junio,viernes,20:30,20,Noche,No,LIMA,LIMA,SANTIAGO DE SURCO,URBANA,-12.11946773240162,-76.97718852870648,ATROPELLO FUGA,1,0,1,No,No,CARRETERA,NACIONAL,PE-1S,DESPEJADO,COMERCIAL,TRAMO RECTO,INCLINADA,ASFALTADA,EN PROCESO DE INVESTIGACIÓN,NO CUENTA CON CAUSA ESPECIFICA,2,1,0,0,1,0,1,0,0,0,1,1,0,0,NA,NA,NA,NA,NA,0,0,0,0,NA,1,0,0,0,0,0,1,0,0,0,0,1,No,No,No,Sí
A-2023-06-139,2023-06-17,2023,6,Junio,sábado,00:30,0,Madrugada,Sí,LIMA,LIMA,LURIN,URBANA,-12.292872,-76.863096,ATROPELLO FUGA,1,0,1,No,No,CARRETERA,NACIONAL,PE-1S,DESPEJADO,INDUSTRIAL,TRAMO RECTO,PLANA,ASFALTADA,EN PROCESO DE INVESTIGACIÓN,NO CUENTA CON CAUSA ESPECIFICA,2,1,0,0,1,0,1,0,0,0,1,1,0,1,24,24,24,0,0,0,0,0,0,NA,1,0,0,0,0,0,1,0,0,0,0,1,No,No,No,Sí
A-2023-06-153,2023-06-17,2023,6,Junio,sábado,01:30,1,Madrugada,Sí,LIMA,LIMA,ATE,URBANA,-12.00990055,-76.86931821,ATROPELLO,1,0,1,No,No,CARRETERA,NACIONAL,PE-22,DESPEJADO,INDUSTRIAL,TRAMO RECTO,INCLINADA,ASFALTADA,EN PROCESO DE INVESTIGACIÓN,NO CUENTA CON CAUSA ESPECIFICA,2,1,0,1,1,0,1,0,0,0,1,2,0,2,41.5,33,50,0,0,0,0,0,0,NA,1,1,0,0,0,0,0,0,0,0,0,0,Sí,No,No,No
A-2023-06-140,2023-06-17,2023,6,Junio,sábado,09:00,9,Mañana,Sí,LIMA,LIMA,MIRAFLORES,URBANA,-12.115355733890553,-77.02957748346554,ATROPELLO,1,0,1,No,No,AVENIDA,URBANO,NO CORRESPONDE,DESPEJADO,COMERCIAL,TRAMO RECTO,PLANA,ASFALTADA,EN PROCESO DE INVESTIGACIÓN,NO CUENTA CON CAUSA ESPECIFICA,2,1,0,1,1,0,1,0,0,0,1,1,1,2,42,42,42,0,0,0,0,0,0,NA,1,0,1,0,0,0,0,0,0,0,0,0,No,No,No,No
A-2023-06-141,2023-06-18,2023,6,Junio,domingo,06:00,6,Mañana,Sí,LIMA,LIMA,ATE,URBANA,-12.00829,-76.860486,ATROPELLO FUGA,1,0,1,No,No,CARRETERA,NACIONAL,PE-22,DESPEJADO,INDUSTRIAL,TRAMO RECTO,INCLINADA,ASFALTADA,EN PROCESO DE INVESTIGACIÓN,NO CUENTA CON CAUSA ESPECIFICA,2,1,0,0,1,0,1,0,0,0,1,1,0,1,21,21,21,0,0,0,0,0,0,NA,1,0,0,0,0,0,1,0,0,0,0,1,No,No,No,Sí
A-2023-06-142,2023-06-19,2023,6,Junio,lunes,03:15,3,Madrugada,No,LIMA,LIMA,LOS OLIVOS,URBANA,-11.98006605,-77.07233094,CHOQUE,1,0,1,No,No,AVENIDA,URBANO,NO CORRESPONDE,DESPEJADO,COMERCIAL,INTERSECCIÓN,INCLINADA,ASFALTADA,EN PROCESO DE INVESTIGACIÓN,NO CUENTA CON CAUSA ESPECIFICA,2,1,0,1,2,0,0,0,1,0,0,2,0,2,38,28,48,0,0,1,1,0,0,NA,2,1,1,0,0,0,0,0,0,0,0,0,Sí,No,No,No
A-2023-06-143,2023-06-19,2023,6,Junio,lunes,16:50,16,Tarde,No,LIMA,LIMA,LURIGANCHO,URBANA,-11.937546620000001,-76.70175226,VOLCADURA,1,1,2,Sí,No,CALLE,URBANO,NO CORRESPONDE,DESPEJADO,RESIDENCIAL,TRAMO RECTO,INCLINADA,ASFALTADA,EN PROCESO DE INVESTIGACIÓN,NO CUENTA CON CAUSA ESPECIFICA,2,1,1,0,1,1,0,0,1,0,0,1,1,2,43.5,32,55,0,0,0,0,0,0,NA,1,1,0,0,0,0,0,0,0,1,0,0,Sí,No,No,No
A-2023-06-154,2023-06-19,2023,6,Junio,lunes,17:20,17,Tarde,No,CALLAO,CALLAO,CALLAO,URBANA,-11.9976181,-77.114760217,ATROPELLO,1,0,1,No,No,AVENIDA,URBANO,NO CORRESPONDE,DESPEJADO,COMERCIAL,TRAMO RECTO,PLANA,ASFALTADA,IMPRUDENCIA DEL CONDUCTOR,EXCESO DE VELOCIDAD,2,1,0,1,1,0,1,0,0,0,1,2,0,2,34,23,45,0,0,0,0,0,0,NA,1,1,0,0,0,0,0,0,0,1,0,0,Sí,No,No,No
A-2023-06-144,2023-06-19,2023,6,Junio,lunes,22:00,22,Noche,No,LIMA,LIMA,SAN MARTIN DE PORRES,URBANA,-12.025267,-77.058607,ATROPELLO FUGA,1,0,1,No,No,CARRETERA,NACIONAL,PE-1N,DESPEJADO,COMERCIAL,TRAMO RECTO,INCLINADA,ASFALTADA,EN PROCESO DE INVESTIGACIÓN,NO CUENTA CON CAUSA ESPECIFICA,2,1,0,0,1,0,1,0,0,0,1,1,0,0,NA,NA,NA,NA,NA,0,0,0,0,NA,1,0,0,0,0,0,1,0,0,0,0,1,No,No,No,Sí
A-2023-06-145,2023-06-22,2023,6,Junio,jueves,06:00,6,Mañana,No,LIMA,LIMA,VILLA EL SALVADOR,URBANA,-12.19513792,-76.93481918,VOLCADURA,1,1,2,Sí,No,AVENIDA,URBANO,NO CORRESPONDE,DESPEJADO,COMERCIAL,INTERSECCIÓN,INCLINADA,ASFALTADA,IMPRUDENCIA DEL CONDUCTOR,OTRO (IMPRUDENCIA DEL CONDUCTOR),3,1,1,1,1,2,0,0,0,1,0,1,2,3,25.333333333333332,24,26,0,0,0,0,0,0,NA,1,1,0,0,0,0,0,0,0,1,0,0,Sí,No,No,No
A-2023-06-146,2023-06-22,2023,6,Junio,jueves,08:45,8,Mañana,No,LIMA,LIMA,INDEPENDENCIA,URBANA,-12.00786703,-77.05837381,ATROPELLO,1,0,1,No,No,AVENIDA,URBANO,NO CORRESPONDE,DESPEJADO,COMERCIAL,TRAMO RECTO,PLANA,ASFALTADA,EN PROCESO DE INVESTIGACIÓN,NO CUENTA CON CAUSA ESPECIFICA,2,1,0,1,1,0,1,0,0,0,1,2,0,2,34,26,42,0,0,0,0,0,0,NA,1,0,1,0,0,0,0,0,0,0,0,0,No,No,No,No
A-2023-06-85,2023-06-23,2023,6,Junio,viernes,10:00,10,Mañana,No,CALLAO,CALLAO,CALLAO,URBANA,-12.0535115352111,-77.0980031702465,CHOQUE,1,0,1,No,No,AVENIDA,URBANO,NO CORRESPONDE,DESPEJADO,COMERCIAL,TRAMO RECTO,INCLINADA,ASFALTADA,EN PROCESO DE INVESTIGACIÓN,NO CUENTA CON CAUSA ESPECIFICA,3,1,0,2,2,0,1,0,0,0,1,2,1,3,45,30,71,0,1,0,0,0,0,NA,2,0,2,0,0,0,0,0,0,0,0,0,No,No,No,No
A-2023-06-172,2023-06-23,2023,6,Junio,viernes,23:30,23,Noche,No,LIMA,LIMA,LURIN,URBANA,-12.25687931,-76.88821116,DESPISTE,1,0,1,No,No,AVENIDA,URBANO,NO CORRESPONDE,DESPEJADO,COMERCIAL,INTERSECCIÓN,PLANA,ASFALTADA,IMPRUDENCIA DEL CONDUCTOR,OTRO (IMPRUDENCIA DEL CONDUCTOR),1,1,0,0,1,0,0,0,1,0,0,1,0,0,NA,NA,NA,NA,NA,0,0,0,0,NA,1,0,1,0,0,0,0,0,0,1,0,0,No,No,No,No
A-2023-06-195,2023-06-23,2023,6,Junio,viernes,23:30,23,Noche,No,LIMA,LIMA,LURIN,URBANA,-12.256869190053447,-76.88820807390536,DESPISTE,1,0,1,No,No,AVENIDA,URBANO,NO CORRESPONDE,DESPEJADO,COMERCIAL,ÓVALO,PLANA,ASFALTADA,IMPRUDENCIA DEL CONDUCTOR,EXCESO DE VELOCIDAD,1,1,0,0,1,0,0,0,1,0,0,1,0,1,58,58,58,0,0,0,0,0,0,NA,1,0,1,0,0,0,0,0,0,1,0,0,No,No,No,No
A-2023-06-189,2023-06-25,2023,6,Junio,domingo,18:40,18,Noche,Sí,CALLAO,CALLAO,CALLAO,URBANA,-12.0193940863355,-77.1011785097982,ATROPELLO FUGA,1,0,1,No,No,AVENIDA,URBANO,NO CORRESPONDE,DESPEJADO,COMERCIAL,TRAMO RECTO,PLANA,ASFALTADA,EN PROCESO DE INVESTIGACIÓN,NO CUENTA CON CAUSA ESPECIFICA,2,1,0,0,1,0,1,0,0,0,1,1,0,1,86,86,86,0,1,0,0,0,0,NA,1,0,0,0,0,0,1,0,0,0,0,1,No,No,No,Sí
A-2023-06-148,2023-06-26,2023,6,Junio,lunes,05:50,5,Madrugada,No,LIMA,LIMA,INDEPENDENCIA,URBANA,-11.979265,-77.065758,CHOQUE,1,0,1,No,No,CARRETERA,NACIONAL,PE-1N,DESPEJADO,COMERCIAL,TRAMO RECTO,INCLINADA,ASFALTADA,EN PROCESO DE INVESTIGACIÓN,NO CUENTA CON CAUSA ESPECIFICA,2,1,0,1,2,0,0,0,1,0,0,2,0,2,36.5,32,41,0,0,0,0,0,0,NA,2,1,0,1,0,0,0,0,0,0,0,0,Sí,Sí,No,No
A-2023-06-149,2023-06-27,2023,6,Junio,martes,05:50,5,Madrugada,No,LIMA,LIMA,PUNTA HERMOSA,RURAL,-12.32425,-76.826043,ATROPELLO FUGA,1,0,1,No,No,CARRETERA,NACIONAL,PE-1S,DESPEJADO,RURAL,TRAMO RECTO,PLANA,ASFALTADA,IMPRUDENCIA DEL PEATÓN,OTRO (IMPRUDENCIA DEL PEATÓN),2,1,0,1,1,0,1,0,0,0,1,2,0,2,54.5,31,78,0,1,0,0,0,0,NA,1,0,0,1,0,0,0,0,0,0,1,1,No,Sí,No,Sí
A-2023-06-150,2023-06-28,2023,6,Junio,miércoles,07:00,7,Mañana,No,LIMA,LIMA,CARABAYLLO,URBANA,-11.847752,-77.001702,CHOQUE,1,0,1,No,No,AVENIDA,URBANO,NO CORRESPONDE,DESPEJADO,RESIDENCIAL,TRAMO RECTO,INCLINADA,ASFALTADA,EN PROCESO DE INVESTIGACIÓN,NO CUENTA CON CAUSA ESPECIFICA,2,1,0,1,2,0,0,0,1,0,0,2,0,2,58.5,44,73,0,1,0,2,0,0,NA,2,1,1,0,0,0,0,0,0,0,0,0,Sí,No,No,No
A-2023-06-151,2023-06-29,2023,6,Junio,jueves,05:30,5,Madrugada,No,LIMA,LIMA,SANTA ANITA,URBANA,-12.05348693,-76.97551192,CHOQUE,1,1,2,Sí,No,CARRETERA,NACIONAL,PE-1N,DESPEJADO,COMERCIAL,TRAMO RECTO,PLANA,ASFALTADA,EN PROCESO DE INVESTIGACIÓN,NO CUENTA CON CAUSA ESPECIFICA,3,1,1,1,2,1,0,0,1,0,0,3,0,3,38,24,47,0,0,0,0,0,0,NA,2,0,1,0,1,0,0,1,0,0,0,0,No,No,Sí,No
A-2023-06-152,2023-06-30,2023,6,Junio,viernes,19:30,19,Noche,No,LIMA,LIMA,CHORRILLOS,URBANA,-12.18674411,-76.9963906,CHOQUE CON OBJETO FIJO,1,0,1,No,No,AVENIDA,URBANO,NO CORRESPONDE,DESPEJADO,RESIDENCIAL,INTERSECCIÓN,INCLINADA,ASFALTADA,EN PROCESO DE INVESTIGACIÓN,NO CUENTA CON CAUSA ESPECIFICA,1,1,0,0,1,0,0,0,1,0,0,1,0,1,71,71,71,0,1,1,1,0,0,NA,1,1,0,0,0,0,0,0,0,1,1,0,Sí,No,No,No
A-2023-07-123,2023-07-01,2023,7,Julio,sábado,05:30,5,Madrugada,Sí,LIMA,LIMA,VILLA MARIA DEL TRIUNFO,RURAL,-12.17406405,-76.91577526,ATROPELLO FUGA,1,0,1,No,No,AVENIDA,URBANO,NO CORRESPONDE,DESPEJADO,RURAL,TRAMO RECTO,INCLINADA,ASFALTADA,EN PROCESO DE INVESTIGACIÓN,NO CUENTA CON CAUSA ESPECIFICA,2,1,0,0,1,0,1,0,0,0,1,1,0,1,39,39,39,0,0,0,0,0,0,NA,1,0,0,0,0,0,1,0,0,0,0,1,No,No,No,Sí
A-2023-07-124,2023-07-01,2023,7,Julio,sábado,10:40,10,Mañana,Sí,LIMA,LIMA,SAN MIGUEL,URBANA,-12.08921167,-77.08538817,ATROPELLO,1,0,1,No,No,AVENIDA,URBANO,NO CORRESPONDE,DESPEJADO,RESIDENCIAL,INTERSECCIÓN,PLANA,ASFALTADA,EN PROCESO DE INVESTIGACIÓN,NO CUENTA CON CAUSA ESPECIFICA,2,1,0,1,1,0,1,0,0,0,1,1,1,2,69.5,54,85,0,1,0,0,0,0,NA,1,0,1,0,0,0,0,0,0,0,0,0,No,No,No,No
A-2023-07-136,2023-07-01,2023,7,Julio,sábado,22:30,22,Noche,Sí,LIMA,LIMA,SANTIAGO DE SURCO,URBANA,-12.11145463,-76.97827634,ATROPELLO,1,0,1,No,No,CARRETERA,NACIONAL,PE-1S,DESPEJADO,COMERCIAL,TRAMO RECTO,INCLINADA,ASFALTADA,EN PROCESO DE INVESTIGACIÓN,NO CUENTA CON CAUSA ESPECIFICA,2,1,0,1,1,0,1,0,0,0,1,2,0,2,55.5,52,59,0,0,0,0,0,0,NA,1,0,1,0,0,0,0,0,0,0,0,0,No,No,No,No
A-2023-07-125,2023-07-02,2023,7,Julio,domingo,02:30,2,Madrugada,Sí,LIMA,LIMA,LOS OLIVOS,URBANA,-12.00521106,-77.08052456,CHOQUE CON OBJETO FIJO,1,0,1,No,No,CALLE,URBANO,NO CORRESPONDE,DESPEJADO,RESIDENCIAL,TRAMO RECTO,INCLINADA,ASFALTADA,EN PROCESO DE INVESTIGACIÓN,NO CUENTA CON CAUSA ESPECIFICA,1,1,0,0,1,0,0,0,1,0,0,1,0,1,28,28,28,0,0,0,0,0,0,NA,1,1,0,0,0,0,0,0,0,0,0,0,Sí,No,No,No
A-2023-07-127,2023-07-02,2023,7,Julio,domingo,23:00,23,Noche,Sí,LIMA,LIMA,ATE,URBANA,-12.017291,-76.897926,ATROPELLO,1,0,1,No,No,CARRETERA,NACIONAL,PE-22,DESPEJADO,RESIDENCIAL,TRAMO RECTO,INCLINADA,ASFALTADA,IMPRUDENCIA DEL PEATÓN,OTRO (IMPRUDENCIA DEL PEATÓN),2,1,0,1,1,0,1,0,0,0,1,2,0,2,40.5,34,47,0,0,0,0,0,0,NA,1,0,1,0,0,0,0,0,0,0,0,0,No,No,No,No
A-2023-07-126,2023-07-02,2023,7,Julio,domingo,23:30,23,Noche,Sí,LIMA,LIMA,LURIN,RURAL,-12.257932560259317,-76.91872174565239,ATROPELLO FUGA,1,0,1,No,No,CARRETERA,NACIONAL,PE-1S,DESPEJADO,RURAL,TRAMO RECTO,PLANA,ASFALTADA,EN PROCESO DE INVESTIGACIÓN,NO CUENTA CON CAUSA ESPECIFICA,2,1,0,0,1,0,1,0,0,0,1,1,0,0,NA,NA,NA,NA,NA,0,0,0,0,NA,1,0,0,0,0,0,1,0,0,0,0,1,No,No,No,Sí
A-2023-07-128,2023-07-04,2023,7,Julio,martes,18:30,18,Noche,No,LIMA,LIMA,CHORRILLOS,URBANA,-12.19904625,-76.9973279,ATROPELLO,1,0,1,No,No,AVENIDA,URBANO,NO CORRESPONDE,DESPEJADO,RESIDENCIAL,INTERSECCIÓN,PLANA,ASFALTADA,IMPRUDENCIA DEL PEATÓN,OTRO (IMPRUDENCIA DEL PEATÓN),2,1,0,1,1,0,1,0,0,0,1,1,1,2,61.5,47,76,0,1,0,0,0,0,NA,1,0,1,0,0,0,0,0,0,0,0,0,No,No,No,No
A-2023-07-129,2023-07-05,2023,7,Julio,miércoles,10:40,10,Mañana,No,LIMA,LIMA,LA VICTORIA,URBANA,-12.057922755933795,-77.0172660988245,ATROPELLO,1,0,1,No,No,JIRÓN,URBANO,NO CORRESPONDE,DESPEJADO,RESIDENCIAL,CURVA,PLANA,ASFALTADA,EN PROCESO DE INVESTIGACIÓN,NO CUENTA CON CAUSA ESPECIFICA,2,1,0,1,1,0,1,0,0,0,1,2,0,1,53,53,53,0,0,0,0,0,0,NA,1,0,0,1,0,0,0,0,0,1,0,0,No,Sí,No,No
A-2023-07-130,2023-07-06,2023,7,Julio,jueves,05:50,5,Madrugada,No,LIMA,LIMA,CARABAYLLO,URBANA,-11.871983,-77.014637,ATROPELLO,1,0,1,No,No,AVENIDA,URBANO,NO CORRESPONDE,DESPEJADO,COMERCIAL,TRAMO RECTO,INCLINADA,ASFALTADA,EN PROCESO DE INVESTIGACIÓN,NO CUENTA CON CAUSA ESPECIFICA,2,1,0,1,1,0,1,0,0,0,1,2,0,2,51,35,67,0,1,0,0,0,0,NA,1,0,0,0,1,0,0,1,0,0,0,0,No,No,Sí,No
A-2023-07-131,2023-07-06,2023,7,Julio,jueves,17:00,17,Tarde,No,LIMA,LIMA,RIMAC,URBANA,-12.01505771,-77.05182867,ATROPELLO,1,1,2,Sí,No,AVENIDA,URBANO,NO CORRESPONDE,DESPEJADO,COMERCIAL,INTERSECCIÓN,PLANA,ASFALTADA,EN PROCESO DE INVESTIGACIÓN,NO CUENTA CON CAUSA ESPECIFICA,3,1,1,1,1,0,2,0,0,0,1,2,1,3,55,22,74,0,2,0,0,0,0,NA,1,1,0,0,0,0,0,0,0,0,0,0,Sí,No,No,No
A-2023-07-132,2023-07-08,2023,7,Julio,sábado,21:30,21,Noche,Sí,LIMA,LIMA,SAN JUAN DE LURIGANCHO,URBANA,-12.01751258,-77.00214591,VOLCADURA,1,0,1,No,No,AVENIDA,URBANO,NO CORRESPONDE,DESPEJADO,COMERCIAL,INTERSECCIÓN,INCLINADA,ASFALTADA,EN PROCESO DE INVESTIGACIÓN,NO CUENTA CON CAUSA ESPECIFICA,1,1,0,0,1,0,0,0,1,0,0,1,0,1,29,29,29,0,0,1,1,0,0,NA,1,1,0,0,0,0,0,0,0,0,0,0,Sí,No,No,No
A-2023-07-133,2023-07-09,2023,7,Julio,domingo,01:30,1,Madrugada,Sí,LIMA,LIMA,SAN JUAN DE LURIGANCHO,URBANA,-12.008243196948257,-77.01052566985119,ATROPELLO,1,0,1,No,No,AVENIDA,URBANO,NO CORRESPONDE,DESPEJADO,COMERCIAL,CURVA,INCLINADA,ASFALTADA,IMPRUDENCIA DEL CONDUCTOR,OTRO (IMPRUDENCIA DEL CONDUCTOR),2,1,0,1,1,0,1,0,0,0,1,2,0,2,54.5,48,61,0,1,0,0,0,0,NA,1,0,1,0,0,0,0,0,0,0,0,0,No,No,No,No
A-2023-07-134,2023-07-09,2023,7,Julio,domingo,07:45,7,Mañana,Sí,LIMA,LIMA,COMAS,URBANA,-11.91279662,-77.0033858,DESPISTE,5,28,33,Sí,Sí,AVENIDA,URBANO,NO CORRESPONDE,DESPEJADO,RESIDENCIAL,CURVA,INCLINADA,ASFALTADA,EN PROCESO DE INVESTIGACIÓN,NO CUENTA CON CAUSA ESPECIFICA,33,5,28,0,1,32,0,0,0,5,0,15,18,33,32.333333333333336,2,76,9,4,0,0,0,0,NA,1,0,0,0,1,0,0,1,0,1,0,0,No,No,Sí,No
A-2023-07-135,2023-07-12,2023,7,Julio,miércoles,02:45,2,Madrugada,No,LIMA,LIMA,INDEPENDENCIA,URBANA,-11.981025467424939,-77.06550025297803,DESPISTE,1,1,2,Sí,No,CARRETERA,NACIONAL,PE-1N,DESPEJADO,COMERCIAL,TRAMO RECTO,INCLINADA,ASFALTADA,EN PROCESO DE INVESTIGACIÓN,NO CUENTA CON CAUSA ESPECIFICA,2,1,1,0,1,1,0,0,0,1,0,2,0,2,32,27,37,0,0,0,0,0,0,NA,1,0,1,0,0,0,0,0,0,0,1,0,No,No,No,No
A-2023-07-137,2023-07-12,2023,7,Julio,miércoles,20:30,20,Noche,No,LIMA,LIMA,VILLA EL SALVADOR,URBANA,-12.239762751808959,-76.91212091224831,DESPISTE,1,0,1,No,No,AVENIDA,URBANO,NO CORRESPONDE,DESPEJADO,COMERCIAL,ÓVALO,INCLINADA,ASFALTADA,EN PROCESO DE INVESTIGACIÓN,NO CUENTA CON CAUSA ESPECIFICA,1,1,0,0,1,0,0,0,1,0,0,1,0,1,44,44,44,0,0,0,0,0,0,NA,1,0,0,1,0,0,0,0,0,1,0,0,No,Sí,No,No
A-2023-07-138,2023-07-13,2023,7,Julio,jueves,00:40,0,Madrugada,No,LIMA,LIMA,CARABAYLLO,URBANA,-11.86219135,-77.05585282,CHOQUE FUGA,1,0,1,No,No,AVENIDA,URBANO,NO CORRESPONDE,DESPEJADO,COMERCIAL,INTERSECCIÓN,INCLINADA,ASFALTADA,EN PROCESO DE INVESTIGACIÓN,NO CUENTA CON CAUSA ESPECIFICA,2,1,0,0,2,0,0,0,1,0,0,1,0,1,22,22,22,0,0,0,0,0,0,NA,2,1,0,0,0,0,1,0,0,2,0,1,Sí,No,No,Sí
A-2023-07-139,2023-07-13,2023,7,Julio,jueves,22:10,22,Noche,No,LIMA,LIMA,VILLA MARIA DEL TRIUNFO,URBANA,-12.22118669,-76.92032899,ATROPELLO,1,0,1,No,No,AVENIDA,URBANO,NO CORRESPONDE,DESPEJADO,COMERCIAL,TRAMO RECTO,INCLINADA,ASFALTADA,IMPRUDENCIA DEL CONDUCTOR,OTRO (IMPRUDENCIA DEL CONDUCTOR),2,1,0,1,1,0,1,0,0,0,1,1,1,2,51,35,67,0,1,0,0,0,0,NA,1,0,1,0,0,0,0,1,0,0,0,0,No,No,Sí,No
A-2023-07-140,2023-07-14,2023,7,Julio,viernes,09:20,9,Mañana,No,LIMA,LIMA,LIMA,URBANA,-12.06746168,-77.07770363,CHOQUE,1,0,1,No,No,AVENIDA,URBANO,NO CORRESPONDE,DESPEJADO,COMERCIAL,TRAMO RECTO,PLANA,ASFALTADA,IMPRUDENCIA DEL CONDUCTOR,OTRO (IMPRUDENCIA DEL CONDUCTOR),2,1,0,1,2,0,0,0,1,0,0,2,0,2,37,28,46,0,0,0,0,0,0,NA,2,1,0,0,1,0,0,1,0,2,0,0,Sí,No,Sí,No
A-2023-07-141,2023-07-16,2023,7,Julio,domingo,03:50,3,Madrugada,Sí,LIMA,LIMA,LIMA,URBANA,-12.05411824,-77.06161635,CHOQUE,1,0,1,No,No,AVENIDA,URBANO,NO CORRESPONDE,DESPEJADO,COMERCIAL,INTERSECCIÓN,PLANA,ASFALTADA,EN PROCESO DE INVESTIGACIÓN,NO CUENTA CON CAUSA ESPECIFICA,2,1,0,1,2,0,0,0,1,0,0,2,0,2,40,33,47,0,0,0,0,0,0,NA,2,1,1,0,0,0,0,0,0,0,0,0,Sí,No,No,No
A-2023-07-142,2023-07-18,2023,7,Julio,martes,14:30,14,Tarde,No,LIMA,LIMA,SAN MARTIN DE PORRES,URBANA,-12.0304736,-77.0897219,ATROPELLO,1,0,1,No,No,AVENIDA,URBANO,NO CORRESPONDE,DESPEJADO,ESCOLAR,INTERSECCIÓN,PLANA,ASFALTADA,EN PROCESO DE INVESTIGACIÓN,NO CUENTA CON CAUSA ESPECIFICA,2,1,0,1,1,0,1,0,0,0,1,2,0,2,58,40,76,0,1,0,0,0,0,NA,1,0,0,0,1,0,0,1,0,0,0,0,No,No,Sí,No
A-2023-07-143,2023-07-21,2023,7,Julio,viernes,05:50,5,Madrugada,No,LIMA,LIMA,PACHACAMAC,URBANA,-12.11591772,-76.87325995,CHOQUE,1,0,1,No,No,AVENIDA,URBANO,NO CORRESPONDE,DESPEJADO,RESIDENCIAL,INTERSECCIÓN,INCLINADA,ASFALTADA,EN PROCESO DE INVESTIGACIÓN,NO CUENTA CON CAUSA ESPECIFICA,2,1,0,1,2,0,0,0,1,0,0,2,0,2,41.5,40,43,0,0,1,1,0,0,NA,2,1,0,1,0,0,0,0,0,0,0,0,Sí,Sí,No,No
A-2023-07-144,2023-07-22,2023,7,Julio,sábado,19:30,19,Noche,Sí,LIMA,LIMA,PUNTA NEGRA,URBANA,-12.368523,-76.787539,ATROPELLO,1,0,1,No,No,CARRETERA,NACIONAL,PE-1S,DESPEJADO,RURAL,TRAMO RECTO,PLANA,ASFALTADA,IMPRUDENCIA DEL PEATÓN,OTRO (IMPRUDENCIA DEL PEATÓN),2,1,0,1,1,0,1,0,0,0,1,1,1,2,24.5,19,30,0,0,0,0,0,0,NA,1,0,1,0,0,0,0,0,0,0,0,0,No,No,No,No
A-2023-07-145,2023-07-22,2023,7,Julio,sábado,20:30,20,Noche,Sí,LIMA,LIMA,CARABAYLLO,URBANA,-11.87928921,-77.01916338,ATROPELLO,1,0,1,No,No,AVENIDA,URBANO,NO CORRESPONDE,DESPEJADO,COMERCIAL,SINUOSA,INCLINADA,ASFALTADA,EN PROCESO DE INVESTIGACIÓN,NO CUENTA CON CAUSA ESPECIFICA,2,1,0,1,1,0,1,0,0,0,1,2,0,2,48.5,39,58,0,0,0,1,0,0,NA,1,1,0,0,0,0,0,0,0,0,0,0,Sí,No,No,No
A-2023-07-146,2023-07-22,2023,7,Julio,sábado,21:10,21,Noche,Sí,LIMA,LIMA,LA MOLINA,URBANA,-12.07604295,-76.96193408,CHOQUE,1,0,1,No,No,AVENIDA,URBANO,NO CORRESPONDE,DESPEJADO,ESCOLAR,CURVA,PLANA,ASFALTADA,EN PROCESO DE INVESTIGACIÓN,NO CUENTA CON CAUSA ESPECIFICA,2,1,0,0,2,0,0,0,1,0,0,1,0,1,46,46,46,0,0,1,1,0,0,NA,2,1,1,0,0,0,0,0,2,0,0,0,Sí,No,No,No
A-2023-07-147,2023-07-23,2023,7,Julio,domingo,04:40,4,Madrugada,Sí,LIMA,LIMA,INDEPENDENCIA,URBANA,-12.00245,-77.062072,ATROPELLO,1,0,1,No,No,CARRETERA,NACIONAL,PE-1N,DESPEJADO,COMERCIAL,TRAMO RECTO,INCLINADA,ASFALTADA,EN PROCESO DE INVESTIGACIÓN,NO CUENTA CON CAUSA ESPECIFICA,2,1,0,1,1,0,1,0,0,0,1,2,0,1,30,30,30,0,0,0,0,0,0,NA,1,0,1,0,0,0,0,0,0,0,0,0,No,No,No,No
A-2023-07-148,2023-07-25,2023,7,Julio,martes,14:00,14,Tarde,No,LIMA,LIMA,EL AGUSTINO,URBANA,-12.03025778,-76.9939365,DESPISTE,1,0,1,No,No,CARRETERA,NACIONAL,PE-1N,DESPEJADO,COMERCIAL,CURVA,PLANA,ASFALTADA,EN PROCESO DE INVESTIGACIÓN,NO CUENTA CON CAUSA ESPECIFICA,2,1,0,1,1,1,0,0,0,1,0,2,0,2,16.5,4,29,1,0,0,0,0,0,NA,1,1,0,0,0,0,0,0,0,0,0,0,Sí,No,No,No
A-2023-07-149,2023-07-25,2023,7,Julio,martes,14:30,14,Tarde,No,LIMA,LIMA,CHORRILLOS,URBANA,-12.19279072,-77.01958017,ATROPELLO,1,0,1,No,No,AVENIDA,URBANO,NO CORRESPONDE,DESPEJADO,COMERCIAL,TRAMO RECTO,INCLINADA,ASFALTADA,EN PROCESO DE INVESTIGACIÓN,NO CUENTA CON CAUSA ESPECIFICA,2,1,0,1,1,0,1,0,0,0,1,1,1,2,52,33,71,0,1,0,0,0,0,NA,1,0,0,1,0,0,0,0,0,0,0,0,No,Sí,No,No
A-2023-07-150,2023-07-26,2023,7,Julio,miércoles,07:40,7,Mañana,No,LIMA,LIMA,CARABAYLLO,URBANA,-11.88595174,-77.03517614,CHOQUE,1,0,1,No,No,AVENIDA,URBANO,NO CORRESPONDE,DESPEJADO,COMERCIAL,TRAMO RECTO,INCLINADA,ASFALTADA,EN PROCESO DE INVESTIGACIÓN,NO CUENTA CON CAUSA ESPECIFICA,3,1,0,2,2,1,0,0,0,1,0,3,0,3,31,24,35,0,0,0,0,0,0,NA,2,0,0,0,2,0,0,2,0,0,0,0,No,No,Sí,No
A-2023-07-90,2023-07-26,2023,7,Julio,miércoles,22:00,22,Noche,No,CALLAO,CALLAO,CALLAO,URBANA,-12.0487186,-77.10384117,CHOQUE,1,0,1,No,No,AVENIDA,URBANO,NO CORRESPONDE,DESPEJADO,INDUSTRIAL,TRAMO RECTO,PLANA,ASFALTADA,EN PROCESO DE INVESTIGACIÓN,NO CUENTA CON CAUSA ESPECIFICA,3,1,0,2,2,1,0,0,0,1,0,3,0,3,34,24,48,0,0,1,1,0,0,NA,2,1,1,0,0,0,0,0,0,0,0,0,Sí,No,No,No
A-2023-07-152,2023-07-27,2023,7,Julio,jueves,11:10,11,Mañana,No,LIMA,LIMA,SAN JUAN DE MIRAFLORES,URBANA,-12.19210476,-76.97262969,DESPISTE,1,0,1,No,No,CARRETERA,NACIONAL,PE-1S,DESPEJADO,COMERCIAL,CURVA,INCLINADA,ASFALTADA,EN PROCESO DE INVESTIGACIÓN,NO CUENTA CON CAUSA ESPECIFICA,1,1,0,0,1,0,0,0,1,0,0,1,0,1,57,57,57,0,0,1,1,0,0,NA,1,1,0,0,0,0,0,0,0,0,0,0,Sí,No,No,No
A-2023-07-151,2023-07-27,2023,7,Julio,jueves,11:30,11,Mañana,No,LIMA,LIMA,CARABAYLLO,URBANA,-11.88194414,-77.05194375,ATROPELLO FUGA,1,0,1,No,No,CALLE,URBANO,NO CORRESPONDE,DESPEJADO,RESIDENCIAL,TRAMO RECTO,PLANA,ASFALTADA,EN PROCESO DE INVESTIGACIÓN,NO CUENTA CON CAUSA ESPECIFICA,2,1,0,0,1,0,1,0,0,0,1,0,1,1,86,86,86,0,1,0,0,0,0,NA,1,0,0,0,0,0,1,0,0,0,0,1,No,No,No,Sí
A-2023-07-153,2023-07-29,2023,7,Julio,sábado,06:00,6,Mañana,Sí,LIMA,LIMA,VILLA EL SALVADOR,URBANA,-12.1963004,-76.95351318,ATROPELLO FUGA,1,0,1,No,No,AVENIDA,URBANO,NO CORRESPONDE,DESPEJADO,ESCOLAR,TRAMO RECTO,INCLINADA,ASFALTADA,EN PROCESO DE INVESTIGACIÓN,NO CUENTA CON CAUSA ESPECIFICA,2,1,0,0,1,0,1,0,0,0,1,0,1,1,66,66,66,0,1,0,0,0,0,NA,1,0,0,0,0,0,1,0,0,0,0,1,No,No,No,Sí
A-2023-07-154,2023-07-29,2023,7,Julio,sábado,22:30,22,Noche,Sí,LIMA,LIMA,SANTIAGO DE SURCO,URBANA,-12.091023,-76.980921,CHOQUE,2,0,2,No,Sí,CARRETERA,NACIONAL,PE-1S,DESPEJADO,COMERCIAL,TRAMO RECTO,PLANA,ASFALTADA,EN PROCESO DE INVESTIGACIÓN,NO CUENTA CON CAUSA ESPECIFICA,2,2,0,0,2,0,0,0,2,0,0,2,0,2,34,30,38,0,0,0,0,0,0,NA,2,2,0,0,0,0,0,0,0,0,0,0,Sí,No,No,No
A-2023-08-85,2023-08-01,2023,8,Agosto,martes,11:10,11,Mañana,No,LIMA,LIMA,COMAS,URBANA,-11.9111118,-77.0456108,CHOQUE,1,0,1,No,No,AVENIDA,URBANO,NO CORRESPONDE,DESPEJADO,COMERCIAL,TRAMO RECTO,PLANA,ASFALTADA,EN PROCESO DE INVESTIGACIÓN,NO CUENTA CON CAUSA ESPECIFICA,2,1,0,1,2,0,0,0,1,0,0,2,0,2,55,40,70,0,1,0,1,0,0,NA,2,0,0,0,1,1,0,1,0,2,0,0,No,No,Sí,No
A-2023-08-86,2023-08-04,2023,8,Agosto,viernes,06:40,6,Mañana,No,LIMA,LIMA,VILLA EL SALVADOR,URBANA,-12.19513605,-76.93483296,CHOQUE,1,0,1,No,No,AVENIDA,URBANO,NO CORRESPONDE,DESPEJADO,COMERCIAL,INTERSECCIÓN,INCLINADA,ASFALTADA,IMPRUDENCIA DEL CONDUCTOR,EXCESO DE VELOCIDAD,2,1,0,1,2,0,0,0,1,0,0,2,0,2,36,24,48,0,0,1,1,0,0,NA,2,1,1,0,0,0,0,0,0,0,0,0,Sí,No,No,No
A-2023-08-151,2023-08-05,2023,8,Agosto,sábado,10:00,10,Mañana,Sí,CALLAO,CALLAO,CALLAO,URBANA,-12.0556569644965,-77.1219702779311,ATROPELLO,1,0,1,No,No,AVENIDA,URBANO,NO CORRESPONDE,DESPEJADO,COMERCIAL,TRAMO RECTO,INCLINADA,ASFALTADA,IMPRUDENCIA DEL PEATÓN,OTRO (IMPRUDENCIA DEL PEATÓN),2,1,0,1,1,0,1,0,0,0,1,2,0,2,42,36,48,0,0,0,0,0,0,NA,1,0,0,1,0,0,0,0,0,0,0,0,No,Sí,No,No
A-2023-08-89,2023-08-06,2023,8,Agosto,domingo,20:20,20,Noche,Sí,LIMA,LIMA,ATE,URBANA,-12.05378017,-76.96227819,ATROPELLO,1,0,1,No,No,AVENIDA,URBANO,NO CORRESPONDE,DESPEJADO,COMERCIAL,INTERSECCIÓN,PLANA,ASFALTADA,EN PROCESO DE INVESTIGACIÓN,NO CUENTA CON CAUSA ESPECIFICA,2,1,0,1,1,0,1,0,0,0,1,2,0,2,46.5,23,70,0,1,0,0,0,0,NA,1,1,0,0,0,0,0,0,0,0,0,0,Sí,No,No,No
A-2023-08-87,2023-08-07,2023,8,Agosto,lunes,00:45,0,Madrugada,No,LIMA,LIMA,LOS OLIVOS,URBANA,-11.938314,-77.071641,ATROPELLO FUGA,1,0,1,No,No,CARRETERA,NACIONAL,PE-1N,DESPEJADO,COMERCIAL,TRAMO RECTO,PLANA,ASFALTADA,EN PROCESO DE INVESTIGACIÓN,NO CUENTA CON CAUSA ESPECIFICA,2,1,0,0,1,0,1,0,0,0,1,1,0,1,43,43,43,0,0,0,0,0,0,NA,1,0,0,0,0,0,1,0,0,0,0,1,No,No,No,Sí
A-2023-08-88,2023-08-07,2023,8,Agosto,lunes,06:50,6,Mañana,No,LIMA,LIMA,LURIN,RURAL,-12.254212,-76.924951,ATROPELLO,1,0,1,No,No,CARRETERA,NACIONAL,PE-1S,DESPEJADO,INDUSTRIAL,TRAMO RECTO,PLANA,ASFALTADA,EN PROCESO DE INVESTIGACIÓN,NO CUENTA CON CAUSA ESPECIFICA,2,1,0,1,1,0,1,0,0,0,1,1,1,2,30.5,20,41,0,0,0,0,0,0,NA,1,0,1,0,0,0,0,0,0,0,0,0,No,No,No,No
A-2023-08-90,2023-08-07,2023,8,Agosto,lunes,22:20,22,Noche,No,LIMA,LIMA,LIMA,URBANA,-12.06408577,-77.03599514,VOLCADURA,1,1,2,Sí,No,AVENIDA,URBANO,NO CORRESPONDE,DESPEJADO,COMERCIAL,CURVA,INCLINADA,ASFALTADA,EN PROCESO DE INVESTIGACIÓN,NO CUENTA CON CAUSA ESPECIFICA,2,1,1,0,1,1,0,0,1,0,0,1,1,2,22.5,21,24,0,0,0,0,0,0,NA,1,1,0,0,0,0,0,0,0,0,1,0,Sí,No,No,No
A-2023-08-91,2023-08-09,2023,8,Agosto,miércoles,16:15,16,Tarde,No,LIMA,LIMA,LA VICTORIA,URBANA,-12.065917635872879,-77.0289471205931,CHOQUE,1,0,1,No,No,AVENIDA,URBANO,NO CORRESPONDE,DESPEJADO,COMERCIAL,INTERSECCIÓN,PLANA,ASFALTADA,IMPRUDENCIA DEL CONDUCTOR,OTRO (IMPRUDENCIA DEL CONDUCTOR),2,1,0,1,2,0,0,0,1,0,0,2,0,2,58,48,68,0,1,0,0,0,0,NA,2,0,0,0,1,1,0,1,0,0,0,0,No,No,Sí,No
A-2023-08-92,2023-08-09,2023,8,Agosto,miércoles,19:10,19,Noche,No,LIMA,LIMA,CARABAYLLO,URBANA,-11.88095939,-77.02393787,ATROPELLO,1,0,1,No,No,AVENIDA,URBANO,NO CORRESPONDE,DESPEJADO,RESIDENCIAL,TRAMO RECTO,PLANA,ASFALTADA,EN PROCESO DE INVESTIGACIÓN,NO CUENTA CON CAUSA ESPECIFICA,2,1,0,1,1,0,1,0,0,0,1,2,0,1,34,34,34,0,0,0,0,0,0,NA,1,0,0,0,1,0,0,1,0,0,0,0,No,No,Sí,No
A-2023-08-93,2023-08-11,2023,8,Agosto,viernes,09:25,9,Mañana,No,LIMA,LIMA,BREÑA,URBANA,-12.06113015,-77.05892623,ATROPELLO,1,0,1,No,No,AVENIDA,URBANO,NO CORRESPONDE,DESPEJADO,COMERCIAL,INTERSECCIÓN,PLANA,ASFALTADA,EN PROCESO DE INVESTIGACIÓN,NO CUENTA CON CAUSA ESPECIFICA,2,1,0,1,1,0,1,0,0,0,1,2,0,2,75,55,95,0,1,0,0,0,0,NA,1,0,1,0,0,0,0,0,0,0,0,0,No,No,No,No
A-2023-08-94,2023-08-13,2023,8,Agosto,domingo,05:00,5,Madrugada,Sí,LIMA,LIMA,ATE,URBANA,-12.011613,-76.876304,CHOQUE,1,0,1,No,No,CARRETERA,NACIONAL,PE-22,DESPEJADO,COMERCIAL,TRAMO RECTO,INCLINADA,ASFALTADA,EN PROCESO DE INVESTIGACIÓN,NO CUENTA CON CAUSA ESPECIFICA,2,1,0,1,2,0,0,0,1,0,0,1,1,2,39.5,32,47,0,0,0,0,0,0,NA,2,0,1,0,0,1,0,1,0,2,0,0,No,No,Sí,No
A-2023-08-95,2023-08-14,2023,8,Agosto,lunes,06:00,6,Mañana,No,LIMA,LIMA,LA VICTORIA,URBANA,-12.06071248,-77.02647054,ATROPELLO,1,0,1,No,No,JIRÓN,URBANO,NO CORRESPONDE,DESPEJADO,COMERCIAL,TRAMO RECTO,PLANA,ASFALTADA,EN PROCESO DE INVESTIGACIÓN,NO CUENTA CON CAUSA ESPECIFICA,2,1,0,1,1,0,1,0,0,0,1,2,0,2,49.5,48,51,0,0,0,0,0,0,NA,1,0,0,0,1,0,0,0,0,0,0,0,No,No,No,No
A-2023-08-96,2023-08-14,2023,8,Agosto,lunes,23:30,23,Noche,No,LIMA,LIMA,VILLA MARIA DEL TRIUNFO,URBANA,-12.19676413,-76.93102825,CHOQUE,1,0,1,No,No,AVENIDA,URBANO,NO CORRESPONDE,DESPEJADO,RESIDENCIAL,INTERSECCIÓN,INCLINADA,ASFALTADA,EN PROCESO DE INVESTIGACIÓN,NO CUENTA CON CAUSA ESPECIFICA,2,1,0,1,2,0,0,0,1,0,0,2,0,2,42,30,54,0,0,0,1,0,0,NA,2,1,1,0,0,0,0,0,0,0,0,0,Sí,No,No,No
A-2023-08-97,2023-08-16,2023,8,Agosto,miércoles,15:40,15,Tarde,No,LIMA,LIMA,EL AGUSTINO,URBANA,-12.03279648,-77.00686784,CHOQUE,1,0,1,No,No,CARRETERA,NACIONAL,PE-1N,DESPEJADO,COMERCIAL,TRAMO RECTO,PLANA,ASFALTADA,EN PROCESO DE INVESTIGACIÓN,NO CUENTA CON CAUSA ESPECIFICA,2,1,0,1,2,0,0,0,1,0,0,2,0,2,32,31,33,0,0,0,0,0,0,NA,2,1,0,1,0,0,0,0,0,0,0,0,Sí,Sí,No,No
A-2023-08-98,2023-08-17,2023,8,Agosto,jueves,11:45,11,Mañana,No,LIMA,LIMA,CHORRILLOS,URBANA,-12.16908081,-77.02416704,ATROPELLO,1,0,1,No,No,AVENIDA,URBANO,NO CORRESPONDE,DESPEJADO,COMERCIAL,TRAMO RECTO,PLANA,ASFALTADA,EN PROCESO DE INVESTIGACIÓN,NO CUENTA CON CAUSA ESPECIFICA,2,1,0,1,1,0,1,0,0,0,1,1,1,2,58.5,56,61,0,1,0,0,0,0,NA,1,0,0,1,0,0,0,0,0,0,1,0,No,Sí,No,No
A-2023-08-118,2023-08-18,2023,8,Agosto,viernes,06:45,6,Mañana,No,CALLAO,CALLAO,CALLAO,URBANA,-12.0641523,-77.138997717,ATROPELLO,1,0,1,No,No,AVENIDA,URBANO,NO CORRESPONDE,DESPEJADO,COMERCIAL,TRAMO RECTO,PLANA,ASFALTADA,IMPRUDENCIA DEL CONDUCTOR,INVASIÓN DE CARRIL,2,1,0,1,1,0,1,0,0,0,1,2,0,2,27,2,52,1,0,0,0,0,0,NA,1,0,0,1,0,0,0,0,0,0,0,0,No,Sí,No,No
A-2023-08-99,2023-08-18,2023,8,Agosto,viernes,21:30,21,Noche,No,LIMA,LIMA,LURIN,URBANA,-12.30408959,-76.84316617,DESPISTE,1,0,1,No,No,AVENIDA,URBANO,NO CORRESPONDE,DESPEJADO,RURAL,CURVA,PLANA,ASFALTADA,EN PROCESO DE INVESTIGACIÓN,NO CUENTA CON CAUSA ESPECIFICA,1,1,0,0,1,0,0,0,1,0,0,1,0,1,35,35,35,0,0,1,1,0,0,NA,1,0,1,0,0,0,0,0,0,0,0,0,No,No,No,No
A-2023-08-166,2023-08-19,2023,8,Agosto,sábado,07:00,7,Mañana,Sí,LIMA,LIMA,LOS OLIVOS,URBANA,-11.98315509838056,-77.07966002674941,CHOQUE,1,0,1,No,No,AVENIDA,URBANO,NO CORRESPONDE,DESPEJADO,COMERCIAL,TRAMO RECTO,PLANA,ASFALTADA,IMPRUDENCIA DEL CONDUCTOR,EXCESO DE VELOCIDAD,2,1,0,1,2,0,0,0,1,0,0,2,0,2,44.5,21,68,0,1,0,0,0,0,NA,2,1,0,0,0,1,0,0,0,2,0,0,Sí,No,No,No
A-2023-08-100,2023-08-20,2023,8,Agosto,domingo,15:30,15,Tarde,Sí,LIMA,LIMA,ATE,URBANA,-12.02564931,-76.90920613,ATROPELLO FUGA,1,0,1,No,No,AVENIDA,URBANO,NO CORRESPONDE,DESPEJADO,ESCOLAR,INTERSECCIÓN,PLANA,ASFALTADA,EN PROCESO DE INVESTIGACIÓN,NO CUENTA CON CAUSA ESPECIFICA,2,1,0,0,1,0,1,0,0,0,1,0,1,1,78,78,78,0,1,0,0,0,0,NA,1,0,0,0,0,0,1,0,0,0,0,1,No,No,No,Sí
A-2023-08-167,2023-08-20,2023,8,Agosto,domingo,17:40,17,Tarde,Sí,LIMA,LIMA,SAN JUAN DE LURIGANCHO,URBANA,-12.001226580551332,-77.00844749726086,ATROPELLO,1,0,1,No,No,AVENIDA,URBANO,NO CORRESPONDE,DESPEJADO,COMERCIAL,TRAMO RECTO,PLANA,ASFALTADA,IMPRUDENCIA DEL CONDUCTOR,EXCESO DE VELOCIDAD,2,1,0,1,1,0,1,0,0,0,1,2,0,2,59.5,36,83,0,1,0,0,0,0,NA,1,1,0,0,0,0,0,0,0,0,0,0,Sí,No,No,No
A-2023-08-101,2023-08-22,2023,8,Agosto,martes,15:40,15,Tarde,No,LIMA,LIMA,CHORRILLOS,URBANA,-12.18818487,-76.98271302,ATROPELLO,1,0,1,No,No,AVENIDA,URBANO,NO CORRESPONDE,DESPEJADO,RESIDENCIAL,CURVA,INCLINADA,ASFALTADA,EN PROCESO DE INVESTIGACIÓN,NO CUENTA CON CAUSA ESPECIFICA,2,1,0,1,1,0,1,0,0,0,1,2,0,2,50.5,20,81,0,1,0,0,0,0,NA,1,1,0,0,0,0,0,0,0,0,0,0,Sí,No,No,No
A-2023-08-102,2023-08-23,2023,8,Agosto,miércoles,06:30,6,Mañana,No,LIMA,LIMA,CHORRILLOS,URBANA,-12.18911486,-77.00724272,CHOQUE,1,0,1,No,No,AVENIDA,URBANO,NO CORRESPONDE,DESPEJADO,COMERCIAL,CURVA,PLANA,ASFALTADA,EN PROCESO DE INVESTIGACIÓN,NO CUENTA CON CAUSA ESPECIFICA,2,1,0,1,2,0,0,0,1,0,0,2,0,2,38.5,24,53,0,0,0,0,0,0,NA,2,1,0,0,1,0,0,1,0,2,0,0,Sí,No,Sí,No
A-2023-08-103,2023-08-24,2023,8,Agosto,jueves,07:50,7,Mañana,No,LIMA,LIMA,COMAS,URBANA,-11.939304132426711,-77.05897165967541,ATROPELLO,1,1,2,Sí,No,AVENIDA,URBANO,NO CORRESPONDE,DESPEJADO,COMERCIAL,TRAMO RECTO,PLANA,ASFALTADA,EN PROCESO DE INVESTIGACIÓN,NO CUENTA CON CAUSA ESPECIFICA,2,1,1,0,1,0,1,0,0,0,1,1,1,2,30.5,25,36,0,0,0,0,0,0,NA,1,1,0,0,0,0,0,0,0,0,0,0,Sí,No,No,No
A-2023-08-105,2023-08-24,2023,8,Agosto,jueves,15:00,15,Tarde,No,LIMA,LIMA,RIMAC,URBANA,-12.02700385,-77.03336397,ATROPELLO,1,0,1,No,No,AVENIDA,URBANO,NO CORRESPONDE,DESPEJADO,COMERCIAL,INTERSECCIÓN,PLANA,ASFALTADA,EN PROCESO DE INVESTIGACIÓN,NO CUENTA CON CAUSA ESPECIFICA,2,1,0,1,1,0,1,0,0,0,1,1,1,2,55.5,55,56,0,0,0,0,0,0,NA,1,0,0,1,0,0,0,0,0,0,0,0,No,Sí,No,No
A-2023-08-104,2023-08-24,2023,8,Agosto,jueves,23:00,23,Noche,No,LIMA,LIMA,PUNTA HERMOSA,URBANA,-12.30941225,-76.83738474,DESPISTE,1,0,1,No,No,AVENIDA,URBANO,NO CORRESPONDE,DESPEJADO,COMERCIAL,INTERSECCIÓN,PLANA,ASFALTADA,IMPRUDENCIA DEL CONDUCTOR,OTRO (IMPRUDENCIA DEL CONDUCTOR),2,1,0,0,1,0,1,0,0,0,1,1,0,1,31,31,31,0,0,0,0,0,0,NA,1,0,1,0,0,0,0,0,1,0,1,0,No,No,No,No
A-2023-08-152,2023-08-26,2023,8,Agosto,sábado,19:30,19,Noche,Sí,CALLAO,CALLAO,LA PERLA,URBANA,-12.0641805125851,-77.1121754695252,ATROPELLO,1,0,1,No,No,AVENIDA,URBANO,NO CORRESPONDE,DESPEJADO,RESIDENCIAL,TRAMO RECTO,PLANA,ASFALTADA,IMPRUDENCIA DEL PEATÓN,CRUCE INDEBIDO POR LA CALZADA,2,1,0,1,1,0,1,0,0,0,1,1,1,2,56.5,52,61,0,1,0,0,0,0,NA,1,0,1,0,0,0,0,0,0,1,0,0,No,No,No,No
A-2023-08-106,2023-08-27,2023,8,Agosto,domingo,02:30,2,Madrugada,Sí,LIMA,LIMA,PUENTE PIEDRA,URBANA,-11.85751839,-77.06821782,CHOQUE,1,3,4,Sí,No,AVENIDA,URBANO,NO CORRESPONDE,DESPEJADO,RESIDENCIAL,INTERSECCIÓN,PLANA,AFIRMADO,EN PROCESO DE INVESTIGACIÓN,NO CUENTA CON CAUSA ESPECIFICA,6,1,3,2,2,4,0,0,0,1,0,4,2,5,31.4,27,41,0,0,0,0,0,0,NA,2,1,1,0,0,0,0,0,0,2,0,0,Sí,No,No,No
A-2023-08-107,2023-08-27,2023,8,Agosto,domingo,07:46,7,Mañana,Sí,LIMA,LIMA,ATE,URBANA,-12.010752,-76.873678,DESPISTE,1,4,5,Sí,No,CARRETERA,NACIONAL,PE-22,DESPEJADO,COMERCIAL,CURVA,PLANA,ASFALTADA,EN PROCESO DE INVESTIGACIÓN,NO CUENTA CON CAUSA ESPECIFICA,6,1,4,1,2,4,0,0,1,0,0,4,2,6,43.333333333333336,4,55,1,0,0,0,0,0,NA,2,0,2,0,0,0,0,0,0,0,0,0,No,No,No,No
A-2023-08-108,2023-08-27,2023,8,Agosto,domingo,17:45,17,Tarde,Sí,LIMA,LIMA,ATE,URBANA,-12.01482726,-76.83918934,DESPISTE,1,3,4,Sí,No,AVENIDA,URBANO,NO CORRESPONDE,DESPEJADO,RESIDENCIAL,TRAMO RECTO,INCLINADA,ASFALTADA,EN PROCESO DE INVESTIGACIÓN,NO CUENTA CON CAUSA ESPECIFICA,5,1,3,1,1,4,0,0,0,1,0,2,3,5,23.4,3,42,2,0,0,0,0,0,NA,1,1,0,0,0,0,0,0,0,1,1,0,Sí,No,No,No
A-2023-08-110,2023-08-28,2023,8,Agosto,lunes,08:30,8,Mañana,No,LIMA,LIMA,ATE,URBANA,-12.06314424,-76.9827365,ATROPELLO,1,0,1,No,No,AVENIDA,URBANO,NO CORRESPONDE,DESPEJADO,COMERCIAL,INTERSECCIÓN,PLANA,ASFALTADA,EN PROCESO DE INVESTIGACIÓN,NO CUENTA CON CAUSA ESPECIFICA,2,1,0,1,1,0,1,0,0,0,1,2,0,2,55.5,31,80,0,1,0,0,0,0,NA,1,0,1,0,0,0,0,0,0,0,0,0,No,No,No,No
A-2023-08-109,2023-08-28,2023,8,Agosto,lunes,08:40,8,Mañana,No,LIMA,LIMA,SAN MARTIN DE PORRES,URBANA,-12.03186558,-77.07592757,ATROPELLO,1,0,1,No,No,AVENIDA,URBANO,NO CORRESPONDE,DESPEJADO,COMERCIAL,INTERSECCIÓN,PLANA,ASFALTADA,EN PROCESO DE INVESTIGACIÓN,NO CUENTA CON CAUSA ESPECIFICA,2,1,0,1,1,0,1,0,0,0,1,2,0,2,34,26,42,0,0,1,1,0,0,NA,1,0,1,0,0,0,0,0,0,0,0,0,No,No,No,No
A-2023-08-111,2023-08-28,2023,8,Agosto,lunes,20:50,20,Noche,No,LIMA,LIMA,SAN MARTIN DE PORRES,URBANA,-11.98617786,-77.08302674,ATROPELLO FUGA,1,0,1,No,No,AVENIDA,URBANO,NO CORRESPONDE,DESPEJADO,RESIDENCIAL,INTERSECCIÓN,PLANA,ASFALTADA,EN PROCESO DE INVESTIGACIÓN,NO CUENTA CON CAUSA ESPECIFICA,2,1,0,1,1,0,1,0,0,0,1,2,0,2,40.5,31,50,0,0,0,0,0,0,NA,1,0,1,0,0,0,0,0,0,0,0,0,No,No,No,No
A-2023-08-112,2023-08-28,2023,8,Agosto,lunes,22:30,22,Noche,No,LIMA,LIMA,PACHACAMAC,URBANA,-12.12320828,-76.87235478,CHOQUE,1,1,2,Sí,No,AVENIDA,URBANO,NO CORRESPONDE,DESPEJADO,ESCOLAR,INTERSECCIÓN,PLANA,ASFALTADA,EN PROCESO DE INVESTIGACIÓN,NO CUENTA CON CAUSA ESPECIFICA,3,1,1,1,2,1,0,0,1,0,0,3,0,3,49.666666666666664,31,59,0,0,0,0,0,0,NA,2,0,1,0,1,0,0,1,0,0,0,0,No,No,Sí,No
A-2023-08-113,2023-08-29,2023,8,Agosto,martes,19:30,19,Noche,No,LIMA,LIMA,VILLA EL SALVADOR,URBANA,-12.19290933,-76.97250582,ATROPELLO FUGA,1,0,1,No,No,CARRETERA,NACIONAL,PE-1S,DESPEJADO,COMERCIAL,CURVA,INCLINADA,ASFALTADA,EN PROCESO DE INVESTIGACIÓN,NO CUENTA CON CAUSA ESPECIFICA,2,1,0,0,1,0,1,0,0,0,1,1,0,0,NA,NA,NA,NA,NA,0,0,0,0,NA,1,0,0,0,0,0,1,0,0,0,0,1,No,No,No,Sí
A-2023-08-114,2023-08-30,2023,8,Agosto,miércoles,20:07,20,Noche,No,LIMA,LIMA,SAN BORJA,URBANA,-12.08751717,-76.99655155,ATROPELLO,1,0,1,No,No,AVENIDA,URBANO,NO CORRESPONDE,DESPEJADO,COMERCIAL,INTERSECCIÓN,PLANA,ASFALTADA,EN PROCESO DE INVESTIGACIÓN,NO CUENTA CON CAUSA ESPECIFICA,2,1,0,1,1,0,1,0,0,0,1,2,0,2,47.5,25,70,0,1,0,0,0,0,NA,1,1,0,0,0,0,0,0,0,0,0,0,Sí,No,No,No
A-2023-08-115,2023-08-31,2023,8,Agosto,jueves,02:30,2,Madrugada,No,LIMA,LIMA,PUENTE PIEDRA,URBANA,-11.866991,-77.072848,ATROPELLO,2,1,3,Sí,Sí,CARRETERA,NACIONAL,PE-1N,DESPEJADO,COMERCIAL,TRAMO RECTO,PLANA,ASFALTADA,EN PROCESO DE INVESTIGACIÓN,NO CUENTA CON CAUSA ESPECIFICA,3,2,1,0,1,0,2,0,0,0,2,3,0,1,28,28,28,0,0,0,0,0,0,NA,1,1,0,0,0,0,0,0,0,0,0,0,Sí,No,No,No
A-2023-08-116,2023-08-31,2023,8,Agosto,jueves,18:30,18,Noche,No,LIMA,LIMA,COMAS,URBANA,-11.9412863,-77.05019059,ATROPELLO FUGA,1,0,1,No,No,AVENIDA,URBANO,NO CORRESPONDE,DESPEJADO,COMERCIAL,TRAMO RECTO,INCLINADA,ASFALTADA,EN PROCESO DE INVESTIGACIÓN,NO CUENTA CON CAUSA ESPECIFICA,2,1,0,0,1,0,1,0,0,0,1,1,0,1,75,75,75,0,1,0,0,0,0,NA,1,0,0,0,0,0,1,0,0,0,0,1,No,No,No,Sí
A-2023-08-117,2023-08-31,2023,8,Agosto,jueves,23:20,23,Noche,No,LIMA,LIMA,CHACLACAYO,URBANA,-11.981428,-76.794622,DESPISTE,1,1,2,Sí,No,CARRETERA,NACIONAL,PE-22,DESPEJADO,COMERCIAL,TRAMO RECTO,INCLINADA,ASFALTADA,EN PROCESO DE INVESTIGACIÓN,NO CUENTA CON CAUSA ESPECIFICA,3,1,1,1,1,2,0,0,0,1,0,2,1,3,37.666666666666664,7,59,1,0,0,0,0,0,NA,1,0,1,0,0,0,0,0,0,1,0,0,No,No,No,No
A-2023-09-84,2023-09-02,2023,9,Setiembre,sábado,01:45,1,Madrugada,Sí,LIMA,LIMA,SAN BORJA,URBANA,-12.0884082,-77.00519157,DESPISTE,1,0,1,No,No,AVENIDA,URBANO,NO CORRESPONDE,DESPEJADO,COMERCIAL,TRAMO RECTO,PLANA,ASFALTADA,EN PROCESO DE INVESTIGACIÓN,NO CUENTA CON CAUSA ESPECIFICA,1,1,0,0,1,0,0,0,1,0,0,1,0,1,30,30,30,0,0,0,0,0,0,NA,1,0,1,0,0,0,0,0,0,0,0,0,No,No,No,No
A-2023-09-85,2023-09-02,2023,9,Setiembre,sábado,20:56,20,Noche,Sí,LIMA,LIMA,CARABAYLLO,URBANA,-11.8645445,-77.01586153,ATROPELLO,1,0,1,No,No,AVENIDA,URBANO,NO CORRESPONDE,DESPEJADO,RESIDENCIAL,INTERSECCIÓN,PLANA,ASFALTADA,EN PROCESO DE INVESTIGACIÓN,NO CUENTA CON CAUSA ESPECIFICA,2,1,0,1,1,0,1,0,0,0,1,1,1,1,42,42,42,0,0,0,0,0,0,NA,1,0,1,0,0,0,0,0,0,0,0,0,No,No,No,No
A-2023-09-120,2023-09-08,2023,9,Setiembre,viernes,11:00,11,Mañana,No,LIMA,LIMA,SAN MARTIN DE PORRES,URBANA,-12.03111589,-77.08406933,CHOQUE,1,0,1,No,No,AVENIDA,URBANO,NO CORRESPONDE,DESPEJADO,RESIDENCIAL,TRAMO RECTO,PLANA,ASFALTADA,EN PROCESO DE INVESTIGACIÓN,NO CUENTA CON CAUSA ESPECIFICA,2,1,0,1,2,0,0,0,1,0,0,2,0,2,44,41,47,0,0,0,0,0,0,NA,2,0,0,0,1,1,0,1,0,0,0,0,No,No,Sí,No
A-2023-09-121,2023-09-08,2023,9,Setiembre,viernes,18:00,18,Noche,No,LIMA,LIMA,VILLA EL SALVADOR,URBANA,-12.21545873,-76.92889863,CHOQUE,1,0,1,No,No,AVENIDA,URBANO,NO CORRESPONDE,DESPEJADO,RESIDENCIAL,INTERSECCIÓN,PLANA,ASFALTADA,IMPRUDENCIA DEL CONDUCTOR,OTRO (IMPRUDENCIA DEL CONDUCTOR),2,1,0,1,2,0,0,0,1,0,0,2,0,2,35.5,17,54,1,0,0,1,0,0,NA,2,1,0,1,0,0,0,0,0,0,0,0,Sí,Sí,No,No
A-2023-09-122,2023-09-08,2023,9,Setiembre,viernes,23:50,23,Noche,No,LIMA,LIMA,MIRAFLORES,URBANA,-12.12627945,-77.01810026,ATROPELLO,1,0,1,No,No,AVENIDA,URBANO,NO CORRESPONDE,DESPEJADO,COMERCIAL,INTERSECCIÓN,PLANA,ASFALTADA,IMPRUDENCIA DEL PEATÓN,OTRO (IMPRUDENCIA DEL PEATÓN),2,1,0,1,1,0,1,0,0,0,1,2,0,1,71,71,71,0,1,0,0,0,0,NA,1,0,1,0,0,0,0,1,0,0,0,0,No,No,Sí,No
A-2023-09-124,2023-09-09,2023,9,Setiembre,sábado,06:30,6,Mañana,Sí,LIMA,LIMA,SAN JUAN DE MIRAFLORES,URBANA,-12.18818944,-76.97369258,CHOQUE,1,0,1,No,No,CARRETERA,NACIONAL,PE-1S,DESPEJADO,RESIDENCIAL,TRAMO RECTO,PLANA,ASFALTADA,IMPRUDENCIA DEL CONDUCTOR,OTRO (IMPRUDENCIA DEL CONDUCTOR),2,1,0,1,2,0,0,0,1,0,0,2,0,2,47,35,59,0,0,0,0,0,0,NA,2,1,0,0,1,0,0,0,0,2,0,0,Sí,No,No,No
A-2023-09-125,2023-09-10,2023,9,Setiembre,domingo,18:20,18,Noche,Sí,LIMA,LIMA,BREÑA,URBANA,-12.05928678,-77.04611754,ATROPELLO,1,0,1,No,No,JIRÓN,URBANO,NO CORRESPONDE,DESPEJADO,COMERCIAL,TRAMO RECTO,PLANA,ASFALTADA,IMPRUDENCIA DEL CONDUCTOR,OTRO (IMPRUDENCIA DEL CONDUCTOR),2,1,0,1,1,0,1,0,0,0,1,1,1,1,38,38,38,0,0,0,0,0,0,NA,1,0,1,0,0,0,0,0,0,0,0,0,No,No,No,No
A-2023-09-123,2023-09-11,2023,9,Setiembre,lunes,03:40,3,Madrugada,No,LIMA,LIMA,PUENTE PIEDRA,URBANA,-11.85076964,-77.0919663,ATROPELLO,2,0,2,No,Sí,CARRETERA,NACIONAL,PE-1N,DESPEJADO,COMERCIAL,TRAMO RECTO,PLANA,ASFALTADA,IMPRUDENCIA DEL CONDUCTOR,OTRO (IMPRUDENCIA DEL CONDUCTOR),3,2,0,1,1,0,2,0,0,0,2,3,0,1,39,39,39,0,0,0,0,0,0,NA,1,0,1,0,0,0,0,0,0,1,0,0,No,No,No,No
A-2023-09-126,2023-09-13,2023,9,Setiembre,miércoles,00:30,0,Madrugada,No,LIMA,LIMA,RIMAC,URBANA,-12.04306636,-77.02281888,ATROPELLO,1,0,1,No,No,CARRETERA,NACIONAL,PE-1N,DESPEJADO,COMERCIAL,TRAMO RECTO,PLANA,ASFALTADA,EN PROCESO DE INVESTIGACIÓN,NO CUENTA CON CAUSA ESPECIFICA,2,1,0,1,1,0,1,0,0,0,1,2,0,1,26,26,26,0,0,0,0,0,0,NA,1,0,1,0,0,0,0,0,0,0,0,0,No,No,No,No
A-2023-09-127,2023-09-14,2023,9,Setiembre,jueves,09:00,9,Mañana,No,LIMA,LIMA,PUNTA NEGRA,RURAL,-12.355944,-76.800663,CHOQUE,1,23,24,Sí,No,CARRETERA,NACIONAL,PE-1S,DESPEJADO,RURAL,TRAMO RECTO,PLANA,ASFALTADA,IMPRUDENCIA DEL CONDUCTOR,OTRO (IMPRUDENCIA DEL CONDUCTOR),25,1,23,1,2,23,0,0,1,0,0,9,5,14,5.142857142857143,0,48,12,0,0,0,0,0,NA,2,0,0,1,1,0,0,0,0,0,0,0,No,Sí,No,No
A-2023-09-128,2023-09-14,2023,9,Setiembre,jueves,18:00,18,Noche,No,LIMA,LIMA,LURIGANCHO,URBANA,-11.94939127,-76.72162645,CHOQUE,1,2,3,Sí,No,AVENIDA,URBANO,NO CORRESPONDE,DESPEJADO,RESIDENCIAL,INTERSECCIÓN,PLANA,ASFALTADA,EN PROCESO DE INVESTIGACIÓN,NO CUENTA CON CAUSA ESPECIFICA,3,1,2,0,2,1,0,0,1,0,0,3,0,2,36,25,47,0,0,0,0,0,0,NA,2,2,0,0,0,0,0,0,0,2,0,0,Sí,No,No,No
A-2023-09-129,2023-09-15,2023,9,Setiembre,viernes,19:40,19,Noche,No,LIMA,LIMA,SAN LUIS,URBANA,-12.0685103,-76.99195231,CHOQUE FUGA,3,0,3,No,Sí,AVENIDA,URBANO,NO CORRESPONDE,DESPEJADO,INDUSTRIAL,INTERSECCIÓN,PLANA,ASFALTADA,EN PROCESO DE INVESTIGACIÓN,NO CUENTA CON CAUSA ESPECIFICA,5,3,0,1,2,2,1,0,0,2,1,3,0,1,67,67,67,0,1,0,0,0,0,NA,2,0,2,0,0,0,0,0,0,0,0,0,No,No,No,No
A-2023-09-130,2023-09-16,2023,9,Setiembre,sábado,01:40,1,Madrugada,Sí,LIMA,LIMA,SAN BORJA,URBANA,-12.10280091,-76.97927519,CHOQUE,1,0,1,No,No,CARRETERA,NACIONAL,PE-1S,DESPEJADO,RESIDENCIAL,TRAMO RECTO,PLANA,ASFALTADA,IMPRUDENCIA DEL CONDUCTOR,OTRO (IMPRUDENCIA DEL CONDUCTOR),2,1,0,1,2,0,0,0,1,0,0,2,0,2,24.5,22,27,0,0,0,0,0,0,NA,2,1,1,0,0,0,0,0,0,0,0,0,Sí,No,No,No
A-2023-09-131,2023-09-16,2023,9,Setiembre,sábado,17:30,17,Tarde,Sí,LIMA,LIMA,ATE,URBANA,-12.017053,-76.892538,ATROPELLO,1,0,1,No,No,CARRETERA,NACIONAL,PE-22,DESPEJADO,INDUSTRIAL,TRAMO RECTO,PLANA,ASFALTADA,IMPRUDENCIA DEL PEATÓN,OTRO (IMPRUDENCIA DEL PEATÓN),2,1,0,1,1,0,1,0,0,0,1,1,1,1,46,46,46,0,0,0,0,0,0,NA,1,0,1,0,0,0,0,0,0,0,0,0,No,No,No,No
A-2023-09-132,2023-09-16,2023,9,Setiembre,sábado,19:50,19,Noche,Sí,LIMA,LIMA,SAN BORJA,URBANA,-12.10124,-76.979505,CHOQUE,1,0,1,No,No,CARRETERA,NACIONAL,PE-1S,DESPEJADO,COMERCIAL,TRAMO RECTO,PLANA,ASFALTADA,EN PROCESO DE INVESTIGACIÓN,NO CUENTA CON CAUSA ESPECIFICA,3,1,0,2,2,0,1,0,0,0,1,3,0,2,44,31,57,0,0,0,0,0,0,NA,2,0,1,0,1,0,0,0,0,0,0,0,No,No,No,No
A-2023-09-133,2023-09-19,2023,9,Setiembre,martes,06:00,6,Mañana,No,LIMA,LIMA,LIMA,URBANA,-12.05112478,-77.03211089,CHOQUE,1,0,1,No,No,JIRÓN,URBANO,NO CORRESPONDE,DESPEJADO,COMERCIAL,INTERSECCIÓN,PLANA,ASFALTADA,IMPRUDENCIA DEL CONDUCTOR,OTRO (IMPRUDENCIA DEL CONDUCTOR),2,1,0,1,2,0,0,0,1,0,0,2,0,2,42,25,59,0,0,0,0,0,0,NA,2,1,1,0,0,0,0,0,0,0,0,0,Sí,No,No,No
A-2023-09-134,2023-09-19,2023,9,Setiembre,martes,08:00,8,Mañana,No,LIMA,LIMA,SAN JUAN DE MIRAFLORES,URBANA,-12.144557,-76.981742,CAÍDA DE PASAJERO,1,0,1,No,No,CARRETERA,NACIONAL,PE-1S,DESPEJADO,COMERCIAL,TRAMO RECTO,PLANA,ASFALTADA,EN PROCESO DE INVESTIGACIÓN,NO CUENTA CON CAUSA ESPECIFICA,2,1,0,1,1,1,0,0,0,1,0,1,1,0,NA,NA,NA,NA,NA,0,0,0,0,NA,1,0,0,0,1,0,0,0,0,1,0,0,No,No,No,No
A-2023-09-135,2023-09-21,2023,9,Setiembre,jueves,11:20,11,Mañana,No,LIMA,LIMA,SAN JUAN DE LURIGANCHO,URBANA,-12.023776,-76.961846,ATROPELLO,1,0,1,No,No,CARRETERA,NACIONAL,PE-22,DESPEJADO,RESIDENCIAL,TRAMO RECTO,PLANA,ASFALTADA,IMPRUDENCIA DEL PEATÓN,OTRO (IMPRUDENCIA DEL PEATÓN),2,1,0,1,1,0,1,0,0,0,1,1,1,1,45,45,45,0,0,0,0,0,0,NA,1,0,0,1,0,0,0,0,0,0,0,0,No,Sí,No,No
A-2023-09-137,2023-09-22,2023,9,Setiembre,viernes,09:45,9,Mañana,No,LIMA,LIMA,LIMA,URBANA,-12.03497018,-77.01010964,CHOQUE,1,1,2,Sí,No,CARRETERA,NACIONAL,PE-1N,DESPEJADO,COMERCIAL,TRAMO RECTO,PLANA,ASFALTADA,IMPRUDENCIA DEL CONDUCTOR,OTRO (IMPRUDENCIA DEL CONDUCTOR),3,1,1,1,2,1,0,0,1,0,0,3,0,2,32,27,37,0,0,0,1,0,0,NA,2,1,0,1,0,0,0,0,0,0,0,0,Sí,Sí,No,No
A-2023-09-136,2023-09-24,2023,9,Setiembre,domingo,02:00,2,Madrugada,Sí,LIMA,LIMA,SANTA ANITA,URBANA,-12.040662527667468,-76.98161261717986,ATROPELLO FUGA,1,0,1,No,No,AVENIDA,URBANO,NO CORRESPONDE,DESPEJADO,RESIDENCIAL,TRAMO RECTO,PLANA,ASFALTADA,EN PROCESO DE INVESTIGACIÓN,NO CUENTA CON CAUSA ESPECIFICA,2,1,0,0,1,0,1,0,0,0,1,1,0,0,NA,NA,NA,NA,NA,0,0,0,0,NA,1,0,0,0,0,0,1,0,0,0,0,1,No,No,No,Sí
A-2023-09-138,2023-09-26,2023,9,Setiembre,martes,01:30,1,Madrugada,No,LIMA,LIMA,RIMAC,URBANA,-12.0424368,-77.03060399,VOLCADURA,1,0,1,No,No,CARRETERA,NACIONAL,PE-1N,DESPEJADO,COMERCIAL,TRAMO RECTO,PLANA,ASFALTADA,IMPRUDENCIA DEL CONDUCTOR,OTRO (IMPRUDENCIA DEL CONDUCTOR),1,1,0,0,1,0,0,0,1,0,0,1,0,1,34,34,34,0,0,0,0,0,0,NA,1,1,0,0,0,0,0,0,0,0,0,0,Sí,No,No,No
A-2023-09-139,2023-09-26,2023,9,Setiembre,martes,19:25,19,Noche,No,LIMA,LIMA,ANCON,URBANA,-11.769943,-77.158992,ATROPELLO,1,1,2,Sí,No,CARRETERA,NACIONAL,PE-1N,DESPEJADO,RURAL,TRAMO RECTO,PLANA,ASFALTADA,EN PROCESO DE INVESTIGACIÓN,NO CUENTA CON CAUSA ESPECIFICA,3,1,1,0,1,0,2,0,0,0,1,0,1,0,NA,NA,NA,NA,NA,0,0,0,0,NA,1,1,0,0,0,0,0,0,0,1,0,0,Sí,No,No,No
A-2023-09-141,2023-09-27,2023,9,Setiembre,miércoles,06:30,6,Mañana,No,LIMA,LIMA,COMAS,URBANA,-11.95251972,-77.05317792,CHOQUE,1,1,2,Sí,No,CALLE,URBANO,NO CORRESPONDE,DESPEJADO,COMERCIAL,INTERSECCIÓN,PLANA,ASFALTADA,EN PROCESO DE INVESTIGACIÓN,NO CUENTA CON CAUSA ESPECIFICA,4,1,1,2,2,2,0,0,0,1,0,2,1,2,25,21,29,0,0,0,0,0,0,NA,2,2,0,0,0,0,0,0,0,2,1,0,Sí,No,No,No
A-2023-09-140,2023-09-27,2023,9,Setiembre,miércoles,18:30,18,Noche,No,LIMA,LIMA,SANTA ANITA,URBANA,-12.03663367,-76.95139408,CHOQUE,1,0,1,No,No,AVENIDA,URBANO,NO CORRESPONDE,DESPEJADO,COMERCIAL,TRAMO RECTO,PLANA,ASFALTADA,EN PROCESO DE INVESTIGACIÓN,NO CUENTA CON CAUSA ESPECIFICA,2,1,0,1,2,0,0,0,1,0,0,2,0,1,48,48,48,0,0,0,0,0,0,NA,2,0,0,1,0,1,0,0,0,0,0,0,No,Sí,No,No
A-2023-09-184,2023-09-28,2023,9,Setiembre,jueves,12:00,12,Tarde,No,LIMA,LIMA,CIENEGUILLA,URBANA,-12.081338745097701,-76.74527129244025,CHOQUE CON OBJETO FIJO,1,0,1,No,No,AVENIDA,URBANO,NO CORRESPONDE,DESPEJADO,RESIDENCIAL,TRAMO RECTO,INCLINADA,TROCHA,EN PROCESO DE INVESTIGACIÓN,NO CUENTA CON CAUSA ESPECIFICA,1,1,0,0,1,0,0,0,1,0,0,1,0,1,54,54,54,0,0,1,1,0,0,NA,1,1,0,0,0,0,0,1,0,0,0,0,Sí,No,Sí,No
A-2023-09-142,2023-09-28,2023,9,Setiembre,jueves,19:30,19,Noche,No,LIMA,LIMA,CHACLACAYO,URBANA,-11.992203,-76.825113,ATROPELLO FUGA,1,0,1,No,No,CARRETERA,NACIONAL,PE-22,DESPEJADO,RESIDENCIAL,INTERSECCIÓN,PLANA,ASFALTADA,EN PROCESO DE INVESTIGACIÓN,NO CUENTA CON CAUSA ESPECIFICA,2,1,0,0,1,0,1,0,0,0,1,1,0,0,NA,NA,NA,NA,NA,0,0,0,0,NA,1,0,0,0,0,0,1,0,0,0,0,1,No,No,No,Sí
A-2023-09-145,2023-09-28,2023,9,Setiembre,jueves,21:00,21,Noche,No,LIMA,LIMA,CIENEGUILLA,RURAL,-12.09060189,-76.77498552,CHOQUE CON OBJETO FIJO,1,0,1,No,No,AVENIDA,URBANO,NO CORRESPONDE,DESPEJADO,RURAL,INTERSECCIÓN,PLANA,TROCHA,EN PROCESO DE INVESTIGACIÓN,NO CUENTA CON CAUSA ESPECIFICA,1,1,0,0,1,0,0,0,1,0,0,1,0,1,54,54,54,0,0,0,0,0,0,NA,1,0,1,0,0,0,0,0,0,0,0,0,No,No,No,No
A-2023-09-144,2023-09-29,2023,9,Setiembre,viernes,05:30,5,Madrugada,No,LIMA,LIMA,ANCON,RURAL,-11.792218,-77.147074,ATROPELLO FUGA,1,0,1,No,No,CARRETERA,NACIONAL,PE-1N,DESPEJADO,RURAL,TRAMO RECTO,PLANA,ASFALTADA,EN PROCESO DE INVESTIGACIÓN,NO CUENTA CON CAUSA ESPECIFICA,2,1,0,0,1,0,1,0,0,0,1,1,0,0,NA,NA,NA,NA,NA,0,0,0,0,NA,1,0,0,0,0,0,1,0,0,0,0,1,No,No,No,Sí
A-2023-09-183,2023-09-29,2023,9,Setiembre,viernes,05:30,5,Madrugada,No,LIMA,LIMA,ANCON,RURAL,-11.793869,-77.145334,ATROPELLO FUGA,1,0,1,No,No,CARRETERA,NACIONAL,PE-1N,DESPEJADO,RURAL,INTERSECCIÓN,PLANA,ASFALTADA,IMPRUDENCIA DEL CONDUCTOR,EXCESO DE VELOCIDAD,2,1,0,0,1,0,1,0,0,0,1,1,0,1,38,38,38,0,0,0,0,0,0,NA,1,0,0,0,0,0,1,0,0,0,0,1,No,No,No,Sí
A-2023-09-146,2023-09-29,2023,9,Setiembre,viernes,22:40,22,Noche,No,LIMA,LIMA,LURIGANCHO,URBANA,-11.9985009,-76.92684323,CHOQUE,1,0,1,No,No,AVENIDA,URBANO,NO CORRESPONDE,DESPEJADO,RURAL,INTERSECCIÓN,PLANA,AFIRMADO,EN PROCESO DE INVESTIGACIÓN,NO CUENTA CON CAUSA ESPECIFICA,3,1,0,2,2,1,0,0,0,1,0,3,0,2,29,21,37,0,0,0,1,0,0,NA,2,1,1,0,0,0,0,1,2,0,0,0,Sí,No,Sí,No
A-2023-09-147,2023-09-30,2023,9,Setiembre,sábado,19:45,19,Noche,Sí,LIMA,LIMA,SAN MIGUEL,URBANA,-12.07537112,-77.0976693,CHOQUE,1,1,2,Sí,No,AVENIDA,URBANO,NO CORRESPONDE,DESPEJADO,COMERCIAL,TRAMO RECTO,PLANA,ASFALTADA,EN PROCESO DE INVESTIGACIÓN,NO CUENTA CON CAUSA ESPECIFICA,3,1,1,1,2,1,0,0,1,0,0,2,1,2,54.5,39,70,0,1,1,1,0,0,NA,2,1,1,0,0,0,0,0,0,0,0,0,Sí,No,No,No
A-2023-10-95,2023-10-02,2023,10,Octubre,lunes,12:35,12,Tarde,No,LIMA,LIMA,LURIGANCHO,URBANA,-12.00262488,-76.86713909,ATROPELLO,1,0,1,No,No,AVENIDA,URBANO,NO CORRESPONDE,DESPEJADO,COMERCIAL,TRAMO RECTO,PLANA,ASFALTADA,IMPRUDENCIA DEL CONDUCTOR,OTRO (IMPRUDENCIA DEL CONDUCTOR),2,1,0,1,1,0,1,0,0,0,1,2,0,1,37,37,37,0,0,0,1,0,0,NA,1,0,0,1,0,0,0,0,0,0,0,0,No,Sí,No,No
A-2023-10-96,2023-10-02,2023,10,Octubre,lunes,19:00,19,Noche,No,LIMA,LIMA,INDEPENDENCIA,URBANA,-11.99322374,-77.05684144,DESPISTE,1,0,1,No,No,AVENIDA,URBANO,NO CORRESPONDE,DESPEJADO,COMERCIAL,TRAMO RECTO,PLANA,ASFALTADA,EN PROCESO DE INVESTIGACIÓN,NO CUENTA CON CAUSA ESPECIFICA,1,1,0,0,1,0,0,0,1,0,0,1,0,1,18,18,18,0,0,1,1,0,0,NA,1,1,0,0,0,0,0,0,0,0,0,0,Sí,No,No,No
A-2023-10-180,2023-10-04,2023,10,Octubre,miércoles,10:48,10,Mañana,No,LIMA,LIMA,ATE,URBANA,-12.026901104856044,-76.95011943110866,ATROPELLO FUGA,1,0,1,No,No,AVENIDA,URBANO,NO CORRESPONDE,DESPEJADO,RESIDENCIAL,TRAMO RECTO,PLANA,ASFALTADA,IMPRUDENCIA DEL CONDUCTOR,OTRO (IMPRUDENCIA DEL CONDUCTOR),2,1,0,0,1,0,1,0,0,0,1,0,1,1,71,71,71,0,1,0,0,0,0,NA,1,0,0,0,0,0,1,0,0,0,0,1,No,No,No,Sí
A-2023-10-97,2023-10-04,2023,10,Octubre,miércoles,10:48,10,Mañana,No,LIMA,LIMA,ATE,URBANA,-12.0268189,-76.9497764,ATROPELLO FUGA,1,0,1,No,No,AVENIDA,URBANO,NO CORRESPONDE,DESPEJADO,RESIDENCIAL,TRAMO RECTO,PLANA,ASFALTADA,EN PROCESO DE INVESTIGACIÓN,NO CUENTA CON CAUSA ESPECIFICA,2,1,0,0,1,0,1,0,0,0,1,0,1,0,NA,NA,NA,NA,NA,0,0,0,0,NA,1,0,0,0,0,0,1,0,0,0,0,1,No,No,No,Sí
A-2023-10-179,2023-10-05,2023,10,Octubre,jueves,07:30,7,Mañana,No,LIMA,LIMA,CARABAYLLO,URBANA,-11.831418478139195,-77.06865083000119,ATROPELLO,1,0,1,No,No,AVENIDA,URBANO,NO CORRESPONDE,DESPEJADO,COMERCIAL,TRAMO RECTO,PLANA,ASFALTADA,EN PROCESO DE INVESTIGACIÓN,NO CUENTA CON CAUSA ESPECIFICA,2,1,0,1,1,0,1,0,0,0,1,2,0,2,30,12,48,1,0,0,0,0,0,NA,1,0,0,0,1,0,0,0,0,0,0,0,No,No,No,No
A-2023-10-98,2023-10-06,2023,10,Octubre,viernes,04:20,4,Madrugada,No,LIMA,LIMA,COMAS,URBANA,-11.92211197,-77.0421882,ATROPELLO,1,0,1,No,No,AVENIDA,URBANO,NO CORRESPONDE,DESPEJADO,RESIDENCIAL,TRAMO RECTO,PLANA,ASFALTADA,EN PROCESO DE INVESTIGACIÓN,NO CUENTA CON CAUSA ESPECIFICA,2,1,0,1,1,0,1,0,0,0,1,2,0,1,24,24,24,0,0,0,0,0,0,NA,1,0,1,0,0,0,0,0,0,0,0,0,No,No,No,No
A-2023-10-140,2023-10-07,2023,10,Octubre,sábado,18:00,18,Noche,Sí,CALLAO,CALLAO,BELLAVISTA,URBANA,-12.0657239490399,-77.1214311651844,CHOQUE,1,0,1,No,No,AVENIDA,URBANO,NO CORRESPONDE,DESPEJADO,COMERCIAL,TRAMO RECTO,PLANA,CONCRETO,IMPRUDENCIA DEL CONDUCTOR,CONDUCIR EN ESTADO DE EBRIEDAD Y/O DROGADICCIÓN,2,1,0,1,2,0,0,0,1,0,0,2,0,2,61,56,66,0,1,0,0,0,0,NA,2,1,0,0,1,0,0,1,0,0,0,0,Sí,No,Sí,No
A-2023-10-9,2023-10-07,2023,10,Octubre,sábado,19:00,19,Noche,Sí,CALLAO,CALLAO,VENTANILLA,URBANA,-11.8772184769745,-77.1166004247827,ATROPELLO,1,0,1,No,No,AVENIDA,URBANO,NO CORRESPONDE,DESPEJADO,COMERCIAL,TRAMO RECTO,INCLINADA,ASFALTADA,IMPRUDENCIA DEL CONDUCTOR,OTRO (IMPRUDENCIA DEL CONDUCTOR),2,1,0,1,1,0,1,0,0,0,1,2,0,2,60.5,35,86,0,1,0,0,0,0,NA,1,1,0,0,0,0,0,0,0,1,0,0,Sí,No,No,No
A-2023-10-100,2023-10-09,2023,10,Octubre,lunes,14:10,14,Tarde,No,LIMA,LIMA,LA VICTORIA,URBANA,-12.06244303,-77.01280273,ATROPELLO,1,0,1,No,No,AVENIDA,URBANO,NO CORRESPONDE,DESPEJADO,COMERCIAL,INTERSECCIÓN,PLANA,ASFALTADA,EN PROCESO DE INVESTIGACIÓN,NO CUENTA CON CAUSA ESPECIFICA,2,1,0,1,1,0,1,0,0,0,1,2,0,1,38,38,38,0,0,0,0,0,0,NA,1,0,0,1,0,0,0,0,0,0,0,0,No,Sí,No,No
A-2023-10-99,2023-10-09,2023,10,Octubre,lunes,18:35,18,Noche,No,LIMA,LIMA,SANTA ROSA,RURAL,-11.7963214,-77.16488888,ATROPELLO,1,0,1,No,No,AVENIDA,URBANO,NO CORRESPONDE,DESPEJADO,RURAL,TRAMO RECTO,PLANA,ASFALTADA,EN PROCESO DE INVESTIGACIÓN,NO CUENTA CON CAUSA ESPECIFICA,2,1,0,1,1,0,1,0,0,0,1,2,0,1,53,53,53,0,0,0,0,0,0,NA,1,0,1,0,0,0,0,0,0,0,0,0,No,No,No,No
A-2023-10-101,2023-10-09,2023,10,Octubre,lunes,19:30,19,Noche,No,LIMA,LIMA,SAN JUAN DE LURIGANCHO,URBANA,-12.02049653,-76.95266395,ATROPELLO,1,0,1,No,No,CARRETERA,NACIONAL,PE-22,DESPEJADO,INDUSTRIAL,TRAMO RECTO,PLANA,ASFALTADA,IMPRUDENCIA DEL PEATÓN,OTRO (IMPRUDENCIA DEL PEATÓN),2,1,0,1,1,0,1,0,0,0,1,2,0,1,26,26,26,0,0,0,0,0,0,NA,1,0,1,0,0,0,0,1,1,0,0,0,No,No,Sí,No
A-2023-10-102,2023-10-10,2023,10,Octubre,martes,15:45,15,Tarde,No,LIMA,LIMA,MAGDALENA DEL MAR,URBANA,-12.09143431,-77.06724141,ATROPELLO,1,0,1,No,No,AVENIDA,URBANO,NO CORRESPONDE,DESPEJADO,COMERCIAL,TRAMO RECTO,PLANA,ASFALTADA,IMPRUDENCIA DEL PEATÓN,OTRO (IMPRUDENCIA DEL PEATÓN),2,1,0,1,1,0,1,0,0,0,1,1,1,1,64,64,64,0,1,0,0,0,0,NA,1,0,1,0,0,0,0,0,0,1,0,0,No,No,No,No
A-2023-10-103,2023-10-11,2023,10,Octubre,miércoles,23:00,23,Noche,No,LIMA,LIMA,SANTA ANITA,URBANA,-12.03580596,-76.94906151,ATROPELLO,1,0,1,No,No,AVENIDA,URBANO,NO CORRESPONDE,DESPEJADO,COMERCIAL,INTERSECCIÓN,PLANA,ASFALTADA,EN PROCESO DE INVESTIGACIÓN,NO CUENTA CON CAUSA ESPECIFICA,2,1,0,1,1,0,1,0,0,0,1,2,0,1,40,40,40,0,0,0,0,0,0,NA,1,0,0,1,0,0,0,0,0,0,0,0,No,Sí,No,No
A-2023-10-104,2023-10-12,2023,10,Octubre,jueves,06:45,6,Mañana,No,LIMA,LIMA,LURIGANCHO,RURAL,-12.01146887,-76.89196235,CHOQUE,1,0,1,No,No,AUTOPISTA,URBANO,NO CORRESPONDE,DESPEJADO,RURAL,TRAMO RECTO,PLANA,ASFALTADA,EN PROCESO DE INVESTIGACIÓN,NO CUENTA CON CAUSA ESPECIFICA,3,1,0,1,1,1,0,0,0,1,0,2,0,1,20,20,20,0,0,1,1,0,0,NA,2,0,0,2,0,0,0,0,0,0,0,0,No,Sí,No,No
A-2023-10-105,2023-10-12,2023,10,Octubre,jueves,14:00,14,Tarde,No,LIMA,LIMA,SAN MARTIN DE PORRES,URBANA,-11.99113432,-77.10739491,ATROPELLO,1,0,1,No,No,AVENIDA,URBANO,NO CORRESPONDE,DESPEJADO,COMERCIAL,TRAMO RECTO,PLANA,ASFALTADA,EN PROCESO DE INVESTIGACIÓN,NO CUENTA CON CAUSA ESPECIFICA,2,1,0,1,1,0,1,0,0,0,1,1,1,1,21,21,21,0,0,0,0,0,0,NA,1,0,1,0,0,0,0,0,0,0,0,0,No,No,No,No
A-2023-10-106,2023-10-12,2023,10,Octubre,jueves,20:15,20,Noche,No,LIMA,LIMA,LURIN,URBANA,-12.26403368,-76.88118789,ATROPELLO FUGA,1,0,1,No,No,CARRETERA,PROVINCIAL,LM-797,DESPEJADO,COMERCIAL,TRAMO RECTO,PLANA,ASFALTADA,EN PROCESO DE INVESTIGACIÓN,NO CUENTA CON CAUSA ESPECIFICA,2,1,0,0,1,0,1,0,0,0,1,0,1,0,NA,NA,NA,NA,NA,0,0,0,0,NA,1,0,0,0,0,0,1,0,0,0,0,1,No,No,No,Sí
A-2023-10-107,2023-10-13,2023,10,Octubre,viernes,03:55,3,Madrugada,No,LIMA,LIMA,VILLA MARIA DEL TRIUNFO,URBANA,-12.16713023,-76.95165266,ATROPELLO,1,1,2,Sí,No,AVENIDA,URBANO,NO CORRESPONDE,DESPEJADO,COMERCIAL,TRAMO RECTO,PLANA,ASFALTADA,EN PROCESO DE INVESTIGACIÓN,NO CUENTA CON CAUSA ESPECIFICA,3,1,1,1,1,1,1,0,0,0,1,2,1,1,19,19,19,0,0,0,0,0,0,NA,1,1,0,0,0,0,0,0,0,0,0,0,Sí,No,No,No
A-2023-10-11,2023-10-14,2023,10,Octubre,sábado,04:20,4,Madrugada,Sí,CALLAO,CALLAO,CALLAO,URBANA,-11.9507783,-77.13154311775,ATROPELLO,1,0,1,No,No,CARRETERA,NACIONAL,PE-20,DESPEJADO,COMERCIAL,TRAMO RECTO,PLANA,ASFALTADA,IMPRUDENCIA DEL PEATÓN,CRUCE INDEBIDO POR LA CALZADA,3,1,0,2,2,0,1,0,0,0,1,3,0,3,65.66666666666667,53,73,0,2,0,0,0,0,NA,2,0,1,1,0,0,0,1,0,0,0,0,No,Sí,Sí,No
A-2023-10-108,2023-10-15,2023,10,Octubre,domingo,07:50,7,Mañana,Sí,LIMA,LIMA,VILLA MARIA DEL TRIUNFO,URBANA,-12.22760672,-76.90909286,ATROPELLO,1,1,2,Sí,No,AVENIDA,URBANO,NO CORRESPONDE,DESPEJADO,INDUSTRIAL,TRAMO RECTO,PLANA,ASFALTADA,IMPRUDENCIA DEL CONDUCTOR,OTRO (IMPRUDENCIA DEL CONDUCTOR),3,1,1,1,1,0,2,0,0,0,1,0,2,0,NA,NA,NA,NA,NA,0,0,0,0,NA,1,0,1,0,0,0,0,0,0,0,1,0,No,No,No,No
A-2023-10-109,2023-10-15,2023,10,Octubre,domingo,11:00,11,Mañana,Sí,LIMA,LIMA,LINCE,URBANA,-12.08776286,-77.03198609,ATROPELLO,1,0,1,No,No,AVENIDA,URBANO,NO CORRESPONDE,DESPEJADO,RESIDENCIAL,INTERSECCIÓN,PLANA,ASFALTADA,IMPRUDENCIA DEL CONDUCTOR,OTRO (IMPRUDENCIA DEL CONDUCTOR),2,1,0,1,1,0,1,0,0,0,1,1,1,1,87,87,87,0,1,0,0,0,0,NA,1,0,1,0,0,0,0,0,0,0,0,0,No,No,No,No
A-2023-10-112,2023-10-15,2023,10,Octubre,domingo,20:05,20,Noche,Sí,LIMA,LIMA,SANTIAGO DE SURCO,URBANA,-12.09859749,-76.97776456,CHOQUE,1,0,1,No,No,AVENIDA,URBANO,NO CORRESPONDE,DESPEJADO,RESIDENCIAL,TRAMO RECTO,PLANA,ASFALTADA,IMPRUDENCIA DEL CONDUCTOR,OTRO (IMPRUDENCIA DEL CONDUCTOR),2,1,0,1,2,0,0,0,1,0,0,2,0,2,37.5,25,50,0,0,0,0,0,0,NA,2,1,1,0,0,0,0,0,0,0,0,0,Sí,No,No,No
A-2023-10-111,2023-10-15,2023,10,Octubre,domingo,21:45,21,Noche,Sí,LIMA,LIMA,CHACLACAYO,URBANA,-11.97987364,-76.77468805,DESPISTE,1,0,1,No,No,AVENIDA,URBANO,NO CORRESPONDE,DESPEJADO,RESIDENCIAL,TRAMO RECTO,PLANA,ASFALTADA,EN PROCESO DE INVESTIGACIÓN,NO CUENTA CON CAUSA ESPECIFICA,1,1,0,0,1,0,0,0,1,0,0,1,0,1,42,42,42,0,0,0,1,0,0,NA,1,0,1,0,0,0,0,0,0,0,0,0,No,No,No,No
A-2023-10-113,2023-10-16,2023,10,Octubre,lunes,10:20,10,Mañana,No,LIMA,LIMA,ANCON,RURAL,-11.771752,-77.159192,ATROPELLO,1,0,1,No,No,CARRETERA,NACIONAL,PE-1N,DESPEJADO,RURAL,TRAMO RECTO,PLANA,ASFALTADA,EN PROCESO DE INVESTIGACIÓN,NO CUENTA CON CAUSA ESPECIFICA,2,1,0,1,1,0,1,0,0,0,1,2,0,1,42,42,42,0,0,0,0,0,0,NA,1,0,1,0,0,0,0,0,0,0,0,0,No,No,No,No
A-2023-10-114,2023-10-16,2023,10,Octubre,lunes,12:00,12,Tarde,No,LIMA,LIMA,VILLA EL SALVADOR,URBANA,-12.19457061,-76.96104695,ATROPELLO,1,0,1,No,No,CALLE,URBANO,NO CORRESPONDE,DESPEJADO,RESIDENCIAL,TRAMO RECTO,PLANA,AFIRMADO,IMPRUDENCIA DEL CONDUCTOR,OTRO (IMPRUDENCIA DEL CONDUCTOR),2,1,0,1,1,0,1,0,0,0,1,1,1,1,30,30,30,0,0,0,1,0,0,NA,1,0,1,0,0,0,0,0,0,0,0,0,No,No,No,No
A-2023-10-115,2023-10-18,2023,10,Octubre,miércoles,07:40,7,Mañana,No,LIMA,LIMA,SAN JUAN DE LURIGANCHO,URBANA,-11.97214164,-76.99659911,DESPISTE,1,8,9,Sí,No,AVENIDA,URBANO,NO CORRESPONDE,DESPEJADO,COMERCIAL,INTERSECCIÓN,PLANA,ASFALTADA,IMPRUDENCIA DEL CONDUCTOR,OTRO (IMPRUDENCIA DEL CONDUCTOR),10,1,8,1,1,8,1,0,0,0,1,6,4,1,40,40,40,0,0,0,1,0,0,NA,1,0,1,0,0,0,0,1,0,1,1,0,No,No,Sí,No
A-2023-10-116,2023-10-18,2023,10,Octubre,miércoles,19:40,19,Noche,No,LIMA,LIMA,LA MOLINA,URBANA,-12.07414826,-76.97435069,ATROPELLO FUGA,1,0,1,No,No,CARRETERA,NACIONAL,PE-1S,DESPEJADO,RESIDENCIAL,TRAMO RECTO,PLANA,ASFALTADA,EN PROCESO DE INVESTIGACIÓN,NO CUENTA CON CAUSA ESPECIFICA,2,1,0,0,1,0,1,0,0,0,1,1,0,0,NA,NA,NA,NA,NA,0,0,0,0,NA,1,0,0,0,0,0,1,0,0,0,0,1,No,No,No,Sí
A-2023-10-139,2023-10-18,2023,10,Octubre,miércoles,20:15,20,Noche,No,CALLAO,CALLAO,CALLAO,URBANA,-11.9823370203939,-77.1177450785481,CHOQUE,1,0,1,No,No,AVENIDA,URBANO,NO CORRESPONDE,DESPEJADO,INDUSTRIAL,TRAMO RECTO,PLANA,TROCHA,IMPRUDENCIA DEL CONDUCTOR,OTRO (IMPRUDENCIA DEL CONDUCTOR),2,1,0,0,1,0,0,0,1,0,0,1,0,1,39,39,39,0,0,0,0,0,0,NA,2,1,0,1,0,0,0,0,0,2,0,0,Sí,Sí,No,No
A-2023-10-117,2023-10-19,2023,10,Octubre,jueves,06:00,6,Mañana,No,LIMA,LIMA,INDEPENDENCIA,URBANA,-11.993519,-77.063545,DESPISTE,1,0,1,No,No,CARRETERA,NACIONAL,PE-1N,DESPEJADO,COMERCIAL,TRAMO RECTO,PLANA,ASFALTADA,EN PROCESO DE INVESTIGACIÓN,NO CUENTA CON CAUSA ESPECIFICA,1,1,0,0,1,0,0,0,1,0,0,1,0,1,26,26,26,0,0,1,1,0,0,NA,1,1,0,0,0,0,0,0,0,0,0,0,Sí,No,No,No
A-2023-10-118,2023-10-21,2023,10,Octubre,sábado,17:35,17,Tarde,Sí,LIMA,LIMA,COMAS,URBANA,-11.94234917,-77.06034459,VOLCADURA,1,0,1,No,No,AVENIDA,URBANO,NO CORRESPONDE,DESPEJADO,COMERCIAL,INTERSECCIÓN,PLANA,ASFALTADA,EN PROCESO DE INVESTIGACIÓN,NO CUENTA CON CAUSA ESPECIFICA,1,1,0,0,1,0,0,0,1,0,0,0,1,1,30,30,30,0,0,0,0,0,0,NA,1,0,0,0,0,1,0,0,0,0,0,0,No,No,No,No
A-2023-10-119,2023-10-22,2023,10,Octubre,domingo,02:10,2,Madrugada,Sí,LIMA,LIMA,SAN MARTIN DE PORRES,URBANA,-11.99458396,-77.10969428,DESPISTE,1,0,1,No,No,AVENIDA,URBANO,NO CORRESPONDE,DESPEJADO,RESIDENCIAL,INTERSECCIÓN,PLANA,ASFALTADA,EN PROCESO DE INVESTIGACIÓN,NO CUENTA CON CAUSA ESPECIFICA,1,1,0,0,1,0,0,0,1,0,0,0,0,0,NA,NA,NA,NA,NA,0,0,0,0,NA,1,1,0,0,0,0,0,0,0,0,0,0,Sí,No,No,No
A-2023-10-120,2023-10-22,2023,10,Octubre,domingo,05:50,5,Madrugada,Sí,LIMA,LIMA,PUNTA NEGRA,RURAL,-12.349599,-76.807167,DESPISTE,1,0,1,No,No,CARRETERA,NACIONAL,PE-1S,DESPEJADO,RURAL,TRAMO RECTO,PLANA,ASFALTADA,EN PROCESO DE INVESTIGACIÓN,NO CUENTA CON CAUSA ESPECIFICA,1,1,0,0,1,0,0,0,1,0,0,1,0,1,25,25,25,0,0,1,1,0,0,NA,1,1,0,0,0,0,0,0,0,0,0,0,Sí,No,No,No
A-2023-10-121,2023-10-22,2023,10,Octubre,domingo,12:40,12,Tarde,Sí,LIMA,LIMA,CHORRILLOS,URBANA,-12.209975373625198,-76.97553830208496,CHOQUE,2,0,2,No,Sí,CARRETERA,NACIONAL,PE-1S,DESPEJADO,INDUSTRIAL,TRAMO RECTO,PLANA,ASFALTADA,EN PROCESO DE INVESTIGACIÓN,NO CUENTA CON CAUSA ESPECIFICA,4,2,0,2,4,0,0,0,2,0,0,2,0,2,40,36,44,0,0,0,0,0,0,NA,4,0,2,0,0,2,0,0,0,0,0,0,No,No,No,No
A-2023-10-124,2023-10-23,2023,10,Octubre,lunes,07:00,7,Mañana,No,LIMA,LIMA,LURIN,RURAL,-12.27658158,-76.88905695,CHOQUE,1,0,1,No,No,CARRETERA,NACIONAL,PE-1S,DESPEJADO,RURAL,TRAMO RECTO,PLANA,ASFALTADA,EN PROCESO DE INVESTIGACIÓN,NO CUENTA CON CAUSA ESPECIFICA,2,1,0,1,2,0,0,0,1,0,0,2,0,2,49,41,57,0,0,0,0,0,0,NA,2,0,1,0,1,0,0,0,0,0,0,0,No,No,No,No
A-2023-10-125,2023-10-24,2023,10,Octubre,martes,07:00,7,Mañana,No,LIMA,LIMA,LURIN,RURAL,-12.262158,-76.912015,CHOQUE,2,0,2,No,Sí,CARRETERA,NACIONAL,PE-1S,DESPEJADO,RURAL,TRAMO RECTO,PLANA,ASFALTADA,EN PROCESO DE INVESTIGACIÓN,NO CUENTA CON CAUSA ESPECIFICA,4,2,0,1,2,2,0,0,0,2,0,2,1,1,31,31,31,0,0,0,0,0,0,NA,2,0,1,1,0,0,0,0,0,0,0,0,No,Sí,No,No
A-2023-10-128,2023-10-25,2023,10,Octubre,miércoles,00:23,0,Madrugada,No,LIMA,LIMA,SURQUILLO,URBANA,-12.11273705,-77.01369594,ATROPELLO,1,0,1,No,No,AVENIDA,URBANO,NO CORRESPONDE,DESPEJADO,RESIDENCIAL,TRAMO RECTO,PLANA,ASFALTADA,EN PROCESO DE INVESTIGACIÓN,NO CUENTA CON CAUSA ESPECIFICA,2,1,0,1,1,0,1,0,0,0,1,2,0,1,34,34,34,0,0,0,0,0,0,NA,1,1,0,0,0,0,0,0,0,0,0,0,Sí,No,No,No
A-2023-10-122,2023-10-25,2023,10,Octubre,miércoles,02:40,2,Madrugada,No,LIMA,LIMA,LOS OLIVOS,URBANA,-11.9438279,-77.07116192,ATROPELLO FUGA,1,0,1,No,No,CARRETERA,NACIONAL,PE-1N,DESPEJADO,COMERCIAL,TRAMO RECTO,PLANA,ASFALTADA,EN PROCESO DE INVESTIGACIÓN,NO CUENTA CON CAUSA ESPECIFICA,2,1,0,0,1,0,1,0,0,0,1,1,0,0,NA,NA,NA,NA,NA,0,0,0,0,NA,1,0,0,0,0,0,1,0,0,0,0,1,No,No,No,Sí
A-2023-10-127,2023-10-26,2023,10,Octubre,jueves,05:45,5,Madrugada,No,LIMA,LIMA,SAN LUIS,URBANA,-12.07004287,-76.99492787,ATROPELLO,1,0,1,No,No,AVENIDA,URBANO,NO CORRESPONDE,DESPEJADO,COMERCIAL,TRAMO RECTO,PLANA,ASFALTADA,EN PROCESO DE INVESTIGACIÓN,NO CUENTA CON CAUSA ESPECIFICA,2,1,0,1,1,0,1,0,0,0,1,2,0,1,29,29,29,0,0,0,0,0,0,NA,1,1,0,0,0,0,0,0,0,1,0,0,Sí,No,No,No
A-2023-10-123,2023-10-27,2023,10,Octubre,viernes,01:30,1,Madrugada,No,LIMA,LIMA,LOS OLIVOS,URBANA,-11.93712142,-77.07179395,ATROPELLO FUGA,1,0,1,No,No,CARRETERA,NACIONAL,PE-1N,DESPEJADO,COMERCIAL,TRAMO RECTO,PLANA,ASFALTADA,EN PROCESO DE INVESTIGACIÓN,NO CUENTA CON CAUSA ESPECIFICA,2,1,0,0,1,0,1,0,0,0,1,1,0,0,NA,NA,NA,NA,NA,0,0,0,0,NA,1,0,0,0,0,0,1,0,0,0,0,1,No,No,No,Sí
A-2023-10-126,2023-10-27,2023,10,Octubre,viernes,06:30,6,Mañana,No,LIMA,LIMA,SAN MARTIN DE PORRES,URBANA,-11.99380244,-77.08386695,ATROPELLO,1,0,1,No,No,AVENIDA,URBANO,NO CORRESPONDE,DESPEJADO,COMERCIAL,TRAMO RECTO,PLANA,ASFALTADA,EN PROCESO DE INVESTIGACIÓN,NO CUENTA CON CAUSA ESPECIFICA,2,1,0,1,1,0,1,0,0,0,1,1,0,0,NA,NA,NA,NA,NA,0,0,0,0,NA,1,0,0,1,0,0,0,0,0,0,0,0,No,Sí,No,No
A-2023-10-129,2023-10-28,2023,10,Octubre,sábado,02:00,2,Madrugada,Sí,LIMA,LIMA,LURIGANCHO,URBANA,-12.021163150147277,-76.92976775024461,ATROPELLO,1,2,3,Sí,No,CARRETERA,NACIONAL,PE-22,DESPEJADO,INDUSTRIAL,TRAMO RECTO,PLANA,ASFALTADA,EN PROCESO DE INVESTIGACIÓN,NO CUENTA CON CAUSA ESPECIFICA,4,1,2,1,1,0,3,0,0,0,1,2,2,1,31,31,31,0,0,0,1,0,0,NA,1,0,1,0,0,0,0,0,0,0,0,0,No,No,No,No
A-2023-10-130,2023-10-28,2023,10,Octubre,sábado,04:30,4,Madrugada,Sí,LIMA,LIMA,EL AGUSTINO,URBANA,-12.04343902,-76.98602879,ATROPELLO FUGA,1,0,1,No,No,AVENIDA,URBANO,NO CORRESPONDE,DESPEJADO,RESIDENCIAL,TRAMO RECTO,PLANA,ASFALTADA,EN PROCESO DE INVESTIGACIÓN,NO CUENTA CON CAUSA ESPECIFICA,2,1,0,0,1,0,1,0,0,0,1,1,0,0,NA,NA,NA,NA,NA,0,0,0,0,NA,1,0,0,0,0,0,1,0,0,0,0,1,No,No,No,Sí
A-2023-10-131,2023-10-29,2023,10,Octubre,domingo,00:40,0,Madrugada,Sí,LIMA,LIMA,ATE,URBANA,-12.00698,-76.853398,ATROPELLO,1,0,1,No,No,CARRETERA,NACIONAL,PE-22,DESPEJADO,COMERCIAL,TRAMO RECTO,PLANA,ASFALTADA,EN PROCESO DE INVESTIGACIÓN,NO CUENTA CON CAUSA ESPECIFICA,2,1,0,0,1,0,1,0,0,0,1,1,0,0,NA,NA,NA,NA,NA,0,0,0,0,NA,1,1,0,0,0,0,0,0,1,0,0,0,Sí,No,No,No
A-2023-10-132,2023-10-29,2023,10,Octubre,domingo,06:10,6,Mañana,Sí,LIMA,LIMA,RIMAC,URBANA,-12.03665,-77.043149,CHOQUE,1,0,1,No,No,CARRETERA,NACIONAL,PE-1N,DESPEJADO,COMERCIAL,TRAMO RECTO,PLANA,ASFALTADA,EN PROCESO DE INVESTIGACIÓN,NO CUENTA CON CAUSA ESPECIFICA,2,1,0,1,2,0,0,0,1,0,0,2,0,2,35.5,21,50,0,0,1,1,0,0,NA,2,1,0,1,0,0,0,0,0,2,0,0,Sí,Sí,No,No
A-2023-10-93,2023-10-29,2023,10,Octubre,domingo,12:10,12,Tarde,Sí,LIMA,LIMA,CARABAYLLO,URBANA,-11.8922989,-77.02813565,ATROPELLO,1,0,1,No,No,AVENIDA,URBANO,NO CORRESPONDE,DESPEJADO,COMERCIAL,TRAMO RECTO,INCLINADA,ASFALTADA,EN PROCESO DE INVESTIGACIÓN,NO CUENTA CON CAUSA ESPECIFICA,2,1,0,1,1,0,1,0,0,0,1,1,1,2,53.5,41,66,0,1,0,1,0,0,NA,1,0,1,0,0,0,0,0,0,0,0,0,No,No,No,No
A-2023-11-105,2023-11-01,2023,11,Noviembre,miércoles,05:20,5,Madrugada,No,LIMA,LIMA,LOS OLIVOS,URBANA,-11.96297688,-77.0632051,ATROPELLO,1,0,1,No,No,AVENIDA,URBANO,NO CORRESPONDE,DESPEJADO,RESIDENCIAL,TRAMO RECTO,PLANA,ASFALTADA,EN PROCESO DE INVESTIGACIÓN,NO CUENTA CON CAUSA ESPECIFICA,2,1,0,1,1,0,1,0,0,0,1,2,0,2,33,26,40,0,0,0,0,0,0,NA,1,0,0,1,0,0,0,0,0,0,0,0,No,Sí,No,No
A-2023-11-106,2023-11-01,2023,11,Noviembre,miércoles,19:00,19,Noche,No,LIMA,LIMA,CHORRILLOS,URBANA,-12.16949027,-77.03635813,ESPECIAL,1,0,1,No,No,VIA EXPRESA,URBANO,NO CORRESPONDE,DESPEJADO,RURAL,CURVA,INCLINADA,ASFALTADA,EN PROCESO DE INVESTIGACIÓN,NO CUENTA CON CAUSA ESPECIFICA,1,1,0,0,1,0,0,0,1,0,0,1,0,1,56,56,56,0,0,0,0,0,0,NA,1,0,1,0,0,0,0,0,0,0,0,0,No,No,No,No
A-2023-11-107,2023-11-02,2023,11,Noviembre,jueves,04:40,4,Madrugada,No,LIMA,LIMA,SAN MARTIN DE PORRES,URBANA,-12.03225906,-77.06423077,ATROPELLO,1,0,1,No,No,AVENIDA,URBANO,NO CORRESPONDE,DESPEJADO,COMERCIAL,TRAMO RECTO,PLANA,ASFALTADA,EN PROCESO DE INVESTIGACIÓN,NO CUENTA CON CAUSA ESPECIFICA,2,1,0,1,1,0,1,0,0,0,1,2,0,2,43.5,37,50,0,0,0,0,0,0,NA,1,0,0,1,0,0,0,0,0,0,0,0,No,Sí,No,No
A-2023-11-108,2023-11-02,2023,11,Noviembre,jueves,05:00,5,Madrugada,No,LIMA,LIMA,SAN JUAN DE LURIGANCHO,URBANA,-12.02576411,-77.01010623,ATROPELLO,1,0,1,No,No,AVENIDA,URBANO,NO CORRESPONDE,DESPEJADO,COMERCIAL,CURVA,PLANA,ASFALTADA,EN PROCESO DE INVESTIGACIÓN,NO CUENTA CON CAUSA ESPECIFICA,2,1,0,1,1,0,1,0,0,0,1,2,0,2,53,31,75,0,1,0,0,0,0,NA,1,0,1,0,0,0,0,0,0,0,0,0,No,No,No,No
A-2023-11-109,2023-11-02,2023,11,Noviembre,jueves,11:45,11,Mañana,No,LIMA,LIMA,SAN BARTOLO,URBANA,-12.381164,-76.774431,ATROPELLO FUGA,1,0,1,No,No,CARRETERA,NACIONAL,PE-1S,DESPEJADO,RURAL,TRAMO RECTO,PLANA,ASFALTADA,EN PROCESO DE INVESTIGACIÓN,NO CUENTA CON CAUSA ESPECIFICA,2,1,0,0,1,0,1,0,0,0,1,1,0,1,50,50,50,0,0,0,0,0,0,NA,1,0,0,0,0,0,1,0,0,0,0,1,No,No,No,Sí
A-2023-11-111,2023-11-02,2023,11,Noviembre,jueves,17:40,17,Tarde,No,LIMA,LIMA,SAN JUAN DE LURIGANCHO,URBANA,-12.01796391,-77.00180065,CHOQUE,1,0,1,No,No,AVENIDA,URBANO,NO CORRESPONDE,DESPEJADO,COMERCIAL,TRAMO RECTO,PLANA,ASFALTADA,EN PROCESO DE INVESTIGACIÓN,NO CUENTA CON CAUSA ESPECIFICA,2,1,0,1,2,0,0,0,1,0,0,2,0,2,34,27,41,0,0,0,0,0,0,NA,2,1,0,1,0,0,0,0,0,0,0,0,Sí,Sí,No,No
A-2023-11-110,2023-11-02,2023,11,Noviembre,jueves,19:45,19,Noche,No,LIMA,LIMA,ATE,URBANA,-12.009693,-76.868245,ATROPELLO,1,0,1,No,No,CARRETERA,NACIONAL,PE-22,DESPEJADO,INDUSTRIAL,TRAMO RECTO,PLANA,ASFALTADA,EN PROCESO DE INVESTIGACIÓN,NO CUENTA CON CAUSA ESPECIFICA,2,1,0,1,1,0,1,0,0,0,1,2,0,2,24,12,36,1,0,0,0,0,0,NA,1,0,1,0,0,0,0,1,0,0,0,0,No,No,Sí,No
A-2023-11-112,2023-11-03,2023,11,Noviembre,viernes,03:06,3,Madrugada,No,LIMA,LIMA,RIMAC,URBANA,-12.04125586,-77.03303703,ATROPELLO,1,0,1,No,No,CARRETERA,NACIONAL,PE-1N,DESPEJADO,COMERCIAL,TRAMO RECTO,PLANA,ASFALTADA,EN PROCESO DE INVESTIGACIÓN,NO CUENTA CON CAUSA ESPECIFICA,2,1,0,1,1,0,1,0,0,0,1,2,0,2,36,22,50,0,0,0,0,0,0,NA,1,1,0,0,0,0,0,0,0,0,0,0,Sí,No,No,No
A-2023-11-113,2023-11-05,2023,11,Noviembre,domingo,06:30,6,Mañana,Sí,LIMA,LIMA,COMAS,URBANA,-11.92577677,-77.05206846,CHOQUE,1,0,1,No,No,AVENIDA,URBANO,NO CORRESPONDE,DESPEJADO,COMERCIAL,INTERSECCIÓN,PLANA,ASFALTADA,EN PROCESO DE INVESTIGACIÓN,NO CUENTA CON CAUSA ESPECIFICA,2,1,0,1,2,0,0,0,1,0,0,2,0,2,37,28,46,0,0,0,0,0,0,NA,2,1,0,0,1,0,0,1,0,0,0,0,Sí,No,Sí,No
A-2023-11-114,2023-11-06,2023,11,Noviembre,lunes,05:40,5,Madrugada,No,LIMA,LIMA,SAN MARTIN DE PORRES,URBANA,-12.02683672,-77.0552162,ATROPELLO,1,0,1,No,No,AVENIDA,URBANO,NO CORRESPONDE,DESPEJADO,COMERCIAL,TRAMO RECTO,PLANA,ASFALTADA,EN PROCESO DE INVESTIGACIÓN,NO CUENTA CON CAUSA ESPECIFICA,2,1,0,1,1,0,1,0,0,0,1,2,0,2,34,28,40,0,0,0,0,0,0,NA,1,0,1,0,0,0,0,1,0,1,1,0,No,No,Sí,No
A-2023-11-115,2023-11-08,2023,11,Noviembre,miércoles,12:00,12,Tarde,No,LIMA,LIMA,LA VICTORIA,URBANA,-12.06099302,-77.02302769,ATROPELLO,1,0,1,No,No,JIRÓN,URBANO,NO CORRESPONDE,DESPEJADO,COMERCIAL,INTERSECCIÓN,PLANA,ASFALTADA,EN PROCESO DE INVESTIGACIÓN,NO CUENTA CON CAUSA ESPECIFICA,2,1,0,1,1,0,1,0,0,0,1,1,1,2,43,41,45,0,0,0,0,0,0,NA,1,0,0,0,1,0,0,1,0,0,0,0,No,No,Sí,No
A-2023-11-116,2023-11-09,2023,11,Noviembre,jueves,17:40,17,Tarde,No,LIMA,LIMA,CARABAYLLO,URBANA,-11.83463782,-76.99971482,CHOQUE FUGA,1,0,1,No,No,CARRETERA,NACIONAL,PE-20A,DESPEJADO,COMERCIAL,CURVA,INCLINADA,ASFALTADA,EN PROCESO DE INVESTIGACIÓN,NO CUENTA CON CAUSA ESPECIFICA,2,1,0,1,2,0,0,0,1,0,0,2,0,2,54,46,62,0,1,0,0,0,0,NA,2,0,1,0,0,1,0,0,0,0,1,0,No,No,No,No
A-2023-11-117,2023-11-11,2023,11,Noviembre,sábado,22:10,22,Noche,Sí,LIMA,LIMA,CARABAYLLO,RURAL,-11.793955,-76.982986,CHOQUE,1,0,1,No,No,CARRETERA,NACIONAL,PE-20A,DESPEJADO,RURAL,CURVA,INCLINADA,ASFALTADA,EN PROCESO DE INVESTIGACIÓN,NO CUENTA CON CAUSA ESPECIFICA,2,1,0,1,2,0,0,0,1,0,0,2,0,2,40.5,34,47,0,0,0,0,0,0,NA,2,0,0,1,0,0,0,0,0,0,0,0,No,Sí,No,No
A-2023-11-118,2023-11-12,2023,11,Noviembre,domingo,10:20,10,Mañana,Sí,LIMA,LIMA,SANTIAGO DE SURCO,URBANA,-12.14921673,-76.98387065,ATROPELLO,1,0,1,No,No,AVENIDA,URBANO,NO CORRESPONDE,DESPEJADO,COMERCIAL,TRAMO RECTO,INCLINADA,ASFALTADA,EN PROCESO DE INVESTIGACIÓN,NO CUENTA CON CAUSA ESPECIFICA,2,1,0,1,1,0,1,0,0,0,1,2,0,2,46,32,60,0,1,0,0,0,0,NA,1,1,0,0,0,0,0,0,0,0,0,0,Sí,No,No,No
A-2023-11-119,2023-11-12,2023,11,Noviembre,domingo,20:20,20,Noche,Sí,LIMA,LIMA,LURIN,RURAL,-12.30567,-76.838985,ATROPELLO FUGA,1,0,1,No,No,CARRETERA,NACIONAL,PE-1S,DESPEJADO,INDUSTRIAL,CURVA,PLANA,ASFALTADA,EN PROCESO DE INVESTIGACIÓN,NO CUENTA CON CAUSA ESPECIFICA,2,1,0,0,1,0,1,0,0,0,1,1,0,1,30,30,30,0,0,0,0,0,0,NA,1,0,0,0,0,0,1,0,0,0,0,1,No,No,No,Sí
A-2023-11-177,2023-11-14,2023,11,Noviembre,martes,20:45,20,Noche,No,LIMA,LIMA,SAN MARTIN DE PORRES,URBANA,-12.035383,-77.047746,CHOQUE,1,0,1,No,No,CARRETERA,NACIONAL,PE-1N,DESPEJADO,RESIDENCIAL,TRAMO RECTO,PLANA,ASFALTADA,EN PROCESO DE INVESTIGACIÓN,NO CUENTA CON CAUSA ESPECIFICA,3,1,0,2,3,0,0,0,1,0,0,3,0,3,45,29,55,0,0,0,0,0,0,NA,3,1,0,2,0,0,0,0,0,0,0,0,Sí,Sí,No,No
A-2023-11-120,2023-11-15,2023,11,Noviembre,miércoles,06:15,6,Mañana,No,LIMA,LIMA,LOS OLIVOS,URBANA,-11.97078095,-77.0725454,ATROPELLO,1,0,1,No,No,AVENIDA,URBANO,NO CORRESPONDE,DESPEJADO,COMERCIAL,CURVA,PLANA,ASFALTADA,EN PROCESO DE INVESTIGACIÓN,NO CUENTA CON CAUSA ESPECIFICA,2,1,0,1,1,0,1,0,0,0,1,1,1,2,48,31,65,0,1,0,0,0,0,NA,1,0,0,0,1,0,0,1,0,0,0,0,No,No,Sí,No
A-2023-11-122,2023-11-15,2023,11,Noviembre,miércoles,07:20,7,Mañana,No,LIMA,LIMA,CARABAYLLO,URBANA,-11.8737479,-77.02348169,ATROPELLO,1,0,1,No,No,AVENIDA,URBANO,NO CORRESPONDE,DESPEJADO,COMERCIAL,TRAMO RECTO,PLANA,ASFALTADA,EN PROCESO DE INVESTIGACIÓN,NO CUENTA CON CAUSA ESPECIFICA,2,1,0,1,1,0,1,0,0,0,1,2,0,2,60.5,41,80,0,1,0,0,0,0,NA,1,0,1,0,0,0,0,0,0,0,0,0,No,No,No,No
A-2023-11-121,2023-11-15,2023,11,Noviembre,miércoles,11:40,11,Mañana,No,LIMA,LIMA,SAN JUAN DE LURIGANCHO,URBANA,-11.97046575,-76.9943926,ESPECIAL,1,0,1,No,No,CALLE,URBANO,NO CORRESPONDE,DESPEJADO,RESIDENCIAL,TRAMO RECTO,PLANA,ASFALTADA,EN PROCESO DE INVESTIGACIÓN,NO CUENTA CON CAUSA ESPECIFICA,2,1,0,1,1,1,0,0,0,1,0,1,1,2,28,25,31,0,0,0,0,0,0,NA,1,0,0,1,0,0,0,0,0,0,0,0,No,Sí,No,No
A-2023-11-123,2023-11-15,2023,11,Noviembre,miércoles,17:10,17,Tarde,No,LIMA,LIMA,SAN JUAN DE LURIGANCHO,URBANA,-12.020908,-76.954216,DESPISTE,1,0,1,No,No,CARRETERA,NACIONAL,PE-22,DESPEJADO,RURAL,TRAMO RECTO,INCLINADA,ASFALTADA,EN PROCESO DE INVESTIGACIÓN,NO CUENTA CON CAUSA ESPECIFICA,1,1,0,0,1,0,0,0,1,0,0,1,0,1,35,35,35,0,0,0,1,0,0,NA,1,1,0,0,0,0,0,0,0,0,0,0,Sí,No,No,No
A-2023-11-149,2023-11-16,2023,11,Noviembre,jueves,12:10,12,Tarde,No,CALLAO,CALLAO,CALLAO,URBANA,-12.0191663939596,-77.1008733202518,ATROPELLO,1,1,2,Sí,No,AVENIDA,URBANO,NO CORRESPONDE,DESPEJADO,COMERCIAL,TRAMO RECTO,PLANA,ASFALTADA,IMPRUDENCIA DEL PEATÓN,CRUCE INDEBIDO POR LA CALZADA,3,1,1,1,1,0,2,0,0,0,1,2,1,3,33,3,61,1,1,0,0,0,0,NA,1,0,0,1,0,0,0,0,0,0,0,0,No,Sí,No,No
A-2023-11-124,2023-11-18,2023,11,Noviembre,sábado,00:20,0,Madrugada,Sí,LIMA,LIMA,INDEPENDENCIA,URBANA,-11.99914034,-77.06266004,DESPISTE,1,0,1,No,No,CARRETERA,NACIONAL,PE-1N,DESPEJADO,COMERCIAL,TRAMO RECTO,INCLINADA,ASFALTADA,EN PROCESO DE INVESTIGACIÓN,NO CUENTA CON CAUSA ESPECIFICA,1,1,0,0,1,0,0,0,1,0,0,1,0,0,NA,NA,NA,NA,NA,0,0,0,0,NA,1,1,0,0,0,0,0,0,0,0,0,0,Sí,No,No,No
A-2023-11-125,2023-11-18,2023,11,Noviembre,sábado,07:10,7,Mañana,Sí,LIMA,LIMA,SAN JUAN DE LURIGANCHO,URBANA,-11.96844547,-76.96975104,DESPISTE,1,1,2,Sí,No,CALLE,URBANO,NO CORRESPONDE,DESPEJADO,ESCOLAR,CURVA,INCLINADA,ASFALTADA,EN PROCESO DE INVESTIGACIÓN,NO CUENTA CON CAUSA ESPECIFICA,2,1,1,0,1,0,1,0,1,0,0,1,1,2,47.5,35,60,0,1,0,0,0,0,NA,1,0,1,0,0,0,0,0,0,0,0,0,No,No,No,No
A-2023-11-126,2023-11-19,2023,11,Noviembre,domingo,05:30,5,Madrugada,Sí,LIMA,LIMA,SAN JUAN DE MIRAFLORES,URBANA,-12.179902,-76.976303,ATROPELLO FUGA,1,0,1,No,No,CARRETERA,NACIONAL,PE-1S,DESPEJADO,COMERCIAL,TRAMO RECTO,PLANA,ASFALTADA,EN PROCESO DE INVESTIGACIÓN,NO CUENTA CON CAUSA ESPECIFICA,2,1,0,0,1,0,1,0,0,0,1,1,0,0,NA,NA,NA,NA,NA,0,0,0,0,NA,1,0,0,0,0,0,1,0,0,0,0,1,No,No,No,Sí
A-2023-11-127,2023-11-19,2023,11,Noviembre,domingo,14:15,14,Tarde,Sí,LIMA,LIMA,ANCON,URBANA,-11.73451895,-77.13611622,ATROPELLO,1,0,1,No,No,CARRETERA,NACIONAL,PE-1N,DESPEJADO,RESIDENCIAL,CURVA,INCLINADA,ASFALTADA,EN PROCESO DE INVESTIGACIÓN,NO CUENTA CON CAUSA ESPECIFICA,2,1,0,1,1,0,1,0,0,0,1,2,0,2,38.5,36,41,0,0,0,0,0,0,NA,1,0,1,0,0,0,0,0,0,0,0,0,No,No,No,No
A-2023-11-128,2023-11-20,2023,11,Noviembre,lunes,17:20,17,Tarde,No,LIMA,LIMA,LURIN,URBANA,-12.300015,-76.849084,CHOQUE,2,0,2,No,Sí,CARRETERA,NACIONAL,PE-1S,DESPEJADO,COMERCIAL,TRAMO RECTO,PLANA,ASFALTADA,EN PROCESO DE INVESTIGACIÓN,NO CUENTA CON CAUSA ESPECIFICA,3,2,0,1,2,1,0,0,1,1,0,2,1,3,34.666666666666664,30,39,0,0,0,0,0,0,NA,2,1,0,1,0,0,0,0,0,0,0,0,Sí,Sí,No,No
A-2023-11-129,2023-11-21,2023,11,Noviembre,martes,03:10,3,Madrugada,No,LIMA,LIMA,SAN MARTIN DE PORRES,URBANA,-12.024616,-77.05868041,ATROPELLO,1,0,1,No,No,CARRETERA,NACIONAL,PE-1N,DESPEJADO,COMERCIAL,TRAMO RECTO,INCLINADA,ASFALTADA,EN PROCESO DE INVESTIGACIÓN,NO CUENTA CON CAUSA ESPECIFICA,2,1,0,1,1,0,1,0,0,0,1,2,0,2,31,31,31,0,0,0,0,0,0,NA,1,0,1,0,0,0,0,0,0,0,0,0,No,No,No,No
A-2023-11-130,2023-11-22,2023,11,Noviembre,miércoles,23:30,23,Noche,No,LIMA,LIMA,PUENTE PIEDRA,URBANA,-11.88600505,-77.06853415,CHOQUE,1,0,1,No,No,CARRETERA,NACIONAL,PE-1N,DESPEJADO,ESCOLAR,TRAMO RECTO,PLANA,ASFALTADA,EN PROCESO DE INVESTIGACIÓN,NO CUENTA CON CAUSA ESPECIFICA,2,1,0,1,2,0,0,0,1,0,0,2,0,2,26.5,23,30,0,0,0,0,0,0,NA,2,1,1,0,0,0,0,0,0,0,0,0,Sí,No,No,No
A-2023-11-131,2023-11-24,2023,11,Noviembre,viernes,12:45,12,Tarde,No,LIMA,LIMA,PUENTE PIEDRA,URBANA,-11.82885522,-77.11022089,ATROPELLO FUGA,1,0,1,No,No,AVENIDA,URBANO,NO CORRESPONDE,DESPEJADO,RESIDENCIAL,TRAMO RECTO,INCLINADA,ASFALTADA,EN PROCESO DE INVESTIGACIÓN,NO CUENTA CON CAUSA ESPECIFICA,2,1,0,0,1,0,1,0,0,0,1,0,1,1,65,65,65,0,1,0,0,0,0,NA,1,0,1,0,0,0,0,1,0,1,0,0,No,No,Sí,No
A-2023-11-132,2023-11-25,2023,11,Noviembre,sábado,01:30,1,Madrugada,Sí,LIMA,LIMA,PUNTA NEGRA,RURAL,-12.36371115,-76.79252318,ATROPELLO FUGA,1,0,1,No,No,CARRETERA,NACIONAL,PE-1S,DESPEJADO,INDUSTRIAL,TRAMO RECTO,PLANA,ASFALTADA,EN PROCESO DE INVESTIGACIÓN,NO CUENTA CON CAUSA ESPECIFICA,2,1,0,0,1,0,1,0,0,0,1,1,0,1,50,50,50,0,0,0,0,0,0,NA,1,0,0,0,0,0,1,0,0,0,0,1,No,No,No,Sí
A-2023-11-189,2023-11-25,2023,11,Noviembre,sábado,08:40,8,Mañana,Sí,LIMA,LIMA,VILLA MARIA DEL TRIUNFO,URBANA,-12.148134,-76.934364,ATROPELLO,1,0,1,No,No,AVENIDA,URBANO,NO CORRESPONDE,DESPEJADO,RESIDENCIAL,TRAMO RECTO,PLANA,ASFALTADA,EN PROCESO DE INVESTIGACIÓN,NO CUENTA CON CAUSA ESPECIFICA,2,1,0,0,0,0,1,0,0,0,1,1,0,1,21,21,21,0,0,0,0,0,0,NA,1,0,1,0,0,0,0,0,0,0,0,0,No,No,No,No
A-2023-11-133,2023-11-26,2023,11,Noviembre,domingo,00:30,0,Madrugada,Sí,LIMA,LIMA,LURIN,URBANA,-12.297378,-76.8552,ATROPELLO FUGA,1,0,1,No,No,CARRETERA,NACIONAL,PE-1S,DESPEJADO,RURAL,TRAMO RECTO,PLANA,ASFALTADA,EN PROCESO DE INVESTIGACIÓN,NO CUENTA CON CAUSA ESPECIFICA,2,1,0,0,1,0,1,0,0,0,1,1,0,1,30,30,30,0,0,0,0,0,0,NA,1,0,0,0,0,0,1,0,0,0,0,1,No,No,No,Sí
A-2023-11-135,2023-11-27,2023,11,Noviembre,lunes,17:45,17,Tarde,No,LIMA,LIMA,LOS OLIVOS,URBANA,-11.97830745,-77.07583634,ATROPELLO,1,0,1,No,No,AVENIDA,URBANO,NO CORRESPONDE,DESPEJADO,ESCOLAR,TRAMO RECTO,PLANA,ASFALTADA,EN PROCESO DE INVESTIGACIÓN,NO CUENTA CON CAUSA ESPECIFICA,2,1,0,1,1,0,1,0,0,0,1,2,0,2,32,25,39,0,0,0,0,0,0,NA,1,0,0,1,0,0,0,0,0,0,0,0,No,Sí,No,No
A-2023-11-137,2023-11-27,2023,11,Noviembre,lunes,20:20,20,Noche,No,LIMA,LIMA,CHORRILLOS,URBANA,-12.222561,-76.974531,CHOQUE,1,0,1,No,No,CARRETERA,NACIONAL,PE-1S,DESPEJADO,INDUSTRIAL,TRAMO RECTO,PLANA,ASFALTADA,EN PROCESO DE INVESTIGACIÓN,NO CUENTA CON CAUSA ESPECIFICA,2,1,0,0,2,0,0,0,1,0,0,1,0,1,40,40,40,0,0,0,0,0,0,NA,2,1,0,0,0,0,1,0,0,0,0,1,Sí,No,No,Sí
A-2023-11-136,2023-11-27,2023,11,Noviembre,lunes,20:30,20,Noche,No,LIMA,LIMA,COMAS,URBANA,-11.92831933,-77.05579317,DESPISTE,1,6,7,Sí,No,AVENIDA,URBANO,NO CORRESPONDE,DESPEJADO,COMERCIAL,TRAMO RECTO,PLANA,ASFALTADA,EN PROCESO DE INVESTIGACIÓN,NO CUENTA CON CAUSA ESPECIFICA,8,1,6,1,1,6,1,0,0,0,1,1,1,2,30.5,26,35,0,0,0,0,0,0,NA,1,0,0,0,1,0,0,0,0,0,0,0,No,No,No,No
A-2023-11-134,2023-11-27,2023,11,Noviembre,lunes,21:10,21,Noche,No,LIMA,LIMA,PUNTA NEGRA,RURAL,-12.368539,-76.787526,ATROPELLO FUGA,1,0,1,No,No,CARRETERA,NACIONAL,PE-1S,DESPEJADO,RURAL,TRAMO RECTO,PLANA,ASFALTADA,EN PROCESO DE INVESTIGACIÓN,NO CUENTA CON CAUSA ESPECIFICA,2,1,0,0,1,0,1,0,0,0,1,1,0,1,60,60,60,0,1,0,0,0,0,NA,1,0,0,0,0,0,1,0,0,0,0,1,No,No,No,Sí
A-2023-11-138,2023-11-28,2023,11,Noviembre,martes,04:40,4,Madrugada,No,LIMA,LIMA,RIMAC,URBANA,-12.04196646,-77.01998696,ATROPELLO FUGA,1,0,1,No,No,CARRETERA,NACIONAL,PE-1N,DESPEJADO,COMERCIAL,TRAMO RECTO,INCLINADA,ASFALTADA,EN PROCESO DE INVESTIGACIÓN,NO CUENTA CON CAUSA ESPECIFICA,2,1,0,0,1,0,1,0,0,0,1,1,0,1,25,25,25,0,0,0,0,0,0,NA,1,0,0,0,0,0,1,0,0,0,0,1,No,No,No,Sí
A-2023-11-150,2023-11-29,2023,11,Noviembre,miércoles,10:30,10,Mañana,No,CALLAO,CALLAO,VENTANILLA,URBANA,-11.8250424,-77.1229566205,CHOQUE,1,0,1,No,No,CARRETERA,NACIONAL,PE-1N,DESPEJADO,INDUSTRIAL,TRAMO RECTO,PLANA,ASFALTADA,IMPERICIA DEL CONDUCTOR,NA,2,1,0,1,2,0,0,0,1,0,0,1,1,2,44,38,50,0,0,0,0,0,0,NA,2,1,0,1,0,0,0,0,0,0,0,0,Sí,Sí,No,No
A-2023-12-88,2023-12-02,2023,12,Diciembre,sábado,16:30,16,Tarde,Sí,LIMA,LIMA,PUENTE PIEDRA,URBANA,-11.82183549,-77.10313954,DESPISTE,1,0,1,No,No,AVENIDA,URBANO,NO CORRESPONDE,DESPEJADO,RESIDENCIAL,TRAMO RECTO,INCLINADA,TROCHA,EN PROCESO DE INVESTIGACIÓN,NO CUENTA CON CAUSA ESPECIFICA,1,1,0,0,1,0,0,0,1,0,0,1,0,1,13,13,13,1,0,0,0,0,0,NA,1,0,0,0,0,1,0,0,0,0,0,0,No,No,No,No
A-2023-12-89,2023-12-02,2023,12,Diciembre,sábado,19:20,19,Noche,Sí,LIMA,LIMA,CARABAYLLO,URBANA,-11.89026193,-77.04416421,ATROPELLO,1,0,1,No,No,CARRETERA,NACIONAL,PE-20A,DESPEJADO,COMERCIAL,INTERSECCIÓN,PLANA,ASFALTADA,EN PROCESO DE INVESTIGACIÓN,NO CUENTA CON CAUSA ESPECIFICA,2,1,0,1,1,0,1,0,0,0,1,2,0,2,67,60,74,0,2,0,1,0,0,NA,1,0,1,0,0,0,0,1,0,1,0,0,No,No,Sí,No
A-2023-12-90,2023-12-04,2023,12,Diciembre,lunes,00:23,0,Madrugada,No,LIMA,LIMA,COMAS,URBANA,-11.90797158,-77.04385492,DESPISTE,1,0,1,No,No,AVENIDA,URBANO,NO CORRESPONDE,DESPEJADO,ESCOLAR,TRAMO RECTO,PLANA,ASFALTADA,EN PROCESO DE INVESTIGACIÓN,NO CUENTA CON CAUSA ESPECIFICA,2,1,0,1,1,1,0,0,0,1,0,1,1,2,31,31,31,0,0,0,0,0,0,NA,1,1,0,0,0,0,0,0,0,0,0,0,Sí,No,No,No
A-2023-12-91,2023-12-04,2023,12,Diciembre,lunes,02:30,2,Madrugada,No,LIMA,LIMA,LOS OLIVOS,URBANA,-11.96652,-77.067755,ATROPELLO,1,0,1,No,No,CARRETERA,NACIONAL,PE-1N,DESPEJADO,COMERCIAL,TRAMO RECTO,PLANA,ASFALTADA,EN PROCESO DE INVESTIGACIÓN,NO CUENTA CON CAUSA ESPECIFICA,2,1,0,1,1,0,1,0,0,0,1,2,0,2,39,30,48,0,0,0,0,0,0,NA,1,0,1,0,0,0,0,0,0,0,0,0,No,No,No,No
A-2023-12-92,2023-12-04,2023,12,Diciembre,lunes,18:30,18,Noche,No,LIMA,LIMA,ATE,URBANA,-12.006244,-76.848847,ATROPELLO,1,0,1,No,No,CARRETERA,NACIONAL,PE-22,DESPEJADO,COMERCIAL,CURVA,PLANA,ASFALTADA,EN PROCESO DE INVESTIGACIÓN,NO CUENTA CON CAUSA ESPECIFICA,2,1,0,1,1,0,1,0,0,0,1,2,0,2,47.5,23,72,0,1,0,0,0,0,NA,1,0,1,0,0,0,0,0,0,0,0,0,No,No,No,No
A-2023-12-146,2023-12-06,2023,12,Diciembre,miércoles,12:30,12,Tarde,No,CALLAO,CALLAO,BELLAVISTA,URBANA,-12.0549712002599,-77.1046262993682,ATROPELLO,1,0,1,No,No,AVENIDA,URBANO,NO CORRESPONDE,DESPEJADO,COMERCIAL,TRAMO RECTO,INCLINADA,ASFALTADA,IMPRUDENCIA DEL CONDUCTOR,OTRO (IMPRUDENCIA DEL CONDUCTOR),2,1,0,1,1,0,1,0,0,0,1,2,0,2,72.5,55,90,0,1,0,0,0,0,NA,1,0,0,1,0,0,0,0,0,1,0,0,No,Sí,No,No
A-2023-12-95,2023-12-06,2023,12,Diciembre,miércoles,17:00,17,Tarde,No,LIMA,LIMA,ATE,URBANA,-12.014912092187346,-76.88664516127183,ATROPELLO FUGA,1,0,1,No,No,OTRO,URBANO,NO CORRESPONDE,DESPEJADO,INDUSTRIAL,INTERSECCIÓN,PLANA,CASCAJO/RIPIO,EN PROCESO DE INVESTIGACIÓN,NO CUENTA CON CAUSA ESPECIFICA,2,1,0,0,1,0,1,0,0,0,1,1,0,1,66,66,66,0,1,0,0,0,0,NA,1,0,0,0,0,0,0,0,0,0,0,1,No,No,No,Sí
A-2023-12-93,2023-12-07,2023,12,Diciembre,jueves,23:50,23,Noche,No,LIMA,LIMA,VILLA EL SALVADOR,RURAL,-12.229058,-76.968159,ATROPELLO,1,1,2,Sí,No,CARRETERA,NACIONAL,PE-1S,DESPEJADO,INDUSTRIAL,TRAMO RECTO,PLANA,ASFALTADA,EN PROCESO DE INVESTIGACIÓN,NO CUENTA CON CAUSA ESPECIFICA,2,1,1,0,1,0,1,0,0,0,1,2,0,2,31.5,28,35,0,0,0,0,0,0,NA,1,1,0,0,0,0,0,0,0,0,1,0,Sí,No,No,No
A-2023-12-94,2023-12-08,2023,12,Diciembre,viernes,19:15,19,Noche,No,LIMA,LIMA,LOS OLIVOS,URBANA,-11.97016,-77.067188,CHOQUE,1,0,1,No,No,CARRETERA,NACIONAL,PE-1N,DESPEJADO,INDUSTRIAL,TRAMO RECTO,PLANA,ASFALTADA,EN PROCESO DE INVESTIGACIÓN,NO CUENTA CON CAUSA ESPECIFICA,2,1,0,1,2,0,0,0,1,0,0,2,0,2,48.5,48,49,0,0,0,0,0,0,NA,2,0,1,0,1,0,0,1,0,0,0,0,No,No,Sí,No
A-2023-12-96,2023-12-09,2023,12,Diciembre,sábado,04:20,4,Madrugada,Sí,LIMA,LIMA,CARABAYLLO,URBANA,-11.8753391,-77.02459206,ATROPELLO FUGA,1,0,1,No,No,AVENIDA,URBANO,NO CORRESPONDE,DESPEJADO,COMERCIAL,TRAMO RECTO,PLANA,ASFALTADA,EN PROCESO DE INVESTIGACIÓN,NO CUENTA CON CAUSA ESPECIFICA,2,1,0,0,1,0,1,0,0,0,1,1,0,1,33,33,33,0,0,0,0,0,0,NA,1,0,0,0,0,0,1,0,0,0,0,1,No,No,No,Sí
A-2023-12-97,2023-12-09,2023,12,Diciembre,sábado,20:55,20,Noche,Sí,LIMA,LIMA,LOS OLIVOS,URBANA,-11.99063659,-77.07175319,ATROPELLO,1,0,1,No,No,AVENIDA,URBANO,NO CORRESPONDE,DESPEJADO,COMERCIAL,TRAMO RECTO,PLANA,ASFALTADA,EN PROCESO DE INVESTIGACIÓN,NO CUENTA CON CAUSA ESPECIFICA,2,1,0,1,1,0,1,0,0,0,1,2,0,2,57,24,90,0,1,1,1,0,0,NA,1,1,0,0,0,0,0,0,0,0,0,0,Sí,No,No,No
A-2023-12-98,2023-12-10,2023,12,Diciembre,domingo,22:40,22,Noche,Sí,LIMA,LIMA,LIMA,URBANA,-12.03636784,-77.05954158,ATROPELLO,1,0,1,No,No,AVENIDA,URBANO,NO CORRESPONDE,DESPEJADO,COMERCIAL,INTERSECCIÓN,PLANA,ASFALTADA,EN PROCESO DE INVESTIGACIÓN,NO CUENTA CON CAUSA ESPECIFICA,2,1,0,1,1,0,1,0,0,0,1,2,0,2,36,34,38,0,0,0,0,0,0,NA,1,1,0,0,0,0,0,0,0,1,1,0,Sí,No,No,No
A-2023-12-99,2023-12-11,2023,12,Diciembre,lunes,10:30,10,Mañana,No,LIMA,LIMA,LOS OLIVOS,URBANA,-11.96125055,-77.07634762,ATROPELLO,1,0,1,No,No,AVENIDA,URBANO,NO CORRESPONDE,DESPEJADO,COMERCIAL,CURVA,PLANA,ASFALTADA,EN PROCESO DE INVESTIGACIÓN,NO CUENTA CON CAUSA ESPECIFICA,2,1,0,1,1,0,1,0,0,0,1,2,0,2,47.5,26,69,0,1,0,0,0,0,NA,1,0,0,0,1,0,0,1,0,1,0,0,No,No,Sí,No
A-2023-12-100,2023-12-11,2023,12,Diciembre,lunes,18:20,18,Noche,No,LIMA,LIMA,COMAS,URBANA,-11.94011587,-77.05954281,ATROPELLO,1,0,1,No,No,AVENIDA,URBANO,NO CORRESPONDE,DESPEJADO,COMERCIAL,INTERSECCIÓN,PLANA,ASFALTADA,EN PROCESO DE INVESTIGACIÓN,NO CUENTA CON CAUSA ESPECIFICA,2,1,0,1,1,0,1,0,0,0,1,2,0,2,50.5,34,67,0,1,0,0,0,0,NA,1,1,0,0,0,0,0,0,0,0,0,0,Sí,No,No,No
A-2023-12-101,2023-12-12,2023,12,Diciembre,martes,10:00,10,Mañana,No,LIMA,LIMA,VILLA MARIA DEL TRIUNFO,URBANA,-12.14289611,-76.95388416,ATROPELLO,1,0,1,No,No,AVENIDA,URBANO,NO CORRESPONDE,DESPEJADO,RESIDENCIAL,TRAMO RECTO,INCLINADA,ASFALTADA,EN PROCESO DE INVESTIGACIÓN,NO CUENTA CON CAUSA ESPECIFICA,2,1,0,1,1,0,1,0,0,0,1,2,0,2,53,21,85,0,1,1,1,0,0,NA,1,1,0,0,0,0,0,0,0,1,0,0,Sí,No,No,No
A-2023-12-103,2023-12-14,2023,12,Diciembre,jueves,05:45,5,Madrugada,No,LIMA,LIMA,SAN BARTOLO,RURAL,-12.393781,-76.761351,CHOQUE,2,1,3,Sí,Sí,CARRETERA,NACIONAL,PE-1S,DESPEJADO,RURAL,TRAMO RECTO,INCLINADA,ASFALTADA,EN PROCESO DE INVESTIGACIÓN,NO CUENTA CON CAUSA ESPECIFICA,4,2,1,1,2,2,0,0,1,1,0,3,1,4,38.75,22,62,0,1,0,0,0,0,NA,2,0,0,1,1,0,0,1,0,0,0,0,No,Sí,Sí,No
A-2023-12-102,2023-12-14,2023,12,Diciembre,jueves,06:30,6,Mañana,No,LIMA,LIMA,LURIN,RURAL,-12.251733,-76.92881,DESPISTE,3,8,11,Sí,Sí,CARRETERA,NACIONAL,PE-1S,DESPEJADO,INDUSTRIAL,TRAMO RECTO,PLANA,ASFALTADA,EN PROCESO DE INVESTIGACIÓN,NO CUENTA CON CAUSA ESPECIFICA,12,3,8,1,1,11,0,0,0,3,0,2,2,4,34.75,26,48,0,0,0,0,0,0,NA,1,0,1,0,0,0,0,0,0,0,0,0,No,No,No,No
A-2023-12-104,2023-12-17,2023,12,Diciembre,domingo,07:00,7,Mañana,Sí,LIMA,LIMA,SAN JUAN DE LURIGANCHO,URBANA,-12.02057149,-76.95790562,DESPISTE,1,0,1,No,No,AUTOPISTA,URBANO,NO CORRESPONDE,DESPEJADO,COMERCIAL,INTERSECCIÓN,INCLINADA,ASFALTADA,EN PROCESO DE INVESTIGACIÓN,NO CUENTA CON CAUSA ESPECIFICA,1,1,0,0,1,0,0,0,1,0,0,1,0,1,30,30,30,0,0,0,0,0,0,NA,1,1,0,0,0,0,0,0,0,1,0,0,Sí,No,No,No
A-2023-12-105,2023-12-18,2023,12,Diciembre,lunes,08:30,8,Mañana,No,LIMA,LIMA,LIMA,URBANA,-12.07937206,-77.03324363,CHOQUE,2,0,2,No,Sí,JIRÓN,URBANO,NO CORRESPONDE,DESPEJADO,RESIDENCIAL,INTERSECCIÓN,PLANA,ASFALTADA,EN PROCESO DE INVESTIGACIÓN,NO CUENTA CON CAUSA ESPECIFICA,4,2,0,2,2,0,2,0,0,0,2,3,1,4,62.25,44,84,0,2,0,0,0,0,NA,2,0,2,0,0,0,0,1,0,0,0,0,No,No,Sí,No
A-2023-12-107,2023-12-18,2023,12,Diciembre,lunes,16:00,16,Tarde,No,LIMA,LIMA,PUEBLO LIBRE,URBANA,-12.08308744,-77.06718489,CHOQUE,1,0,1,No,No,AVENIDA,URBANO,NO CORRESPONDE,DESPEJADO,COMERCIAL,INTERSECCIÓN,PLANA,ASFALTADA,EN PROCESO DE INVESTIGACIÓN,NO CUENTA CON CAUSA ESPECIFICA,2,1,0,1,2,0,0,0,1,0,0,2,0,2,53.5,47,60,0,1,0,0,0,0,NA,2,0,0,1,0,1,0,0,0,0,0,0,No,Sí,No,No
A-2023-12-106,2023-12-18,2023,12,Diciembre,lunes,22:15,22,Noche,No,LIMA,LIMA,SAN MARTIN DE PORRES,URBANA,-12.00390755,-77.08317803,ATROPELLO,1,0,1,No,No,AVENIDA,URBANO,NO CORRESPONDE,DESPEJADO,COMERCIAL,TRAMO RECTO,PLANA,ASFALTADA,EN PROCESO DE INVESTIGACIÓN,NO CUENTA CON CAUSA ESPECIFICA,2,1,0,1,1,0,1,0,0,0,1,2,0,2,52,29,75,0,1,1,1,0,0,NA,1,1,0,0,0,0,0,0,0,0,0,0,Sí,No,No,No
A-2023-12-108,2023-12-19,2023,12,Diciembre,martes,18:00,18,Noche,No,LIMA,LIMA,SAN JUAN DE MIRAFLORES,URBANA,-12.16465691,-76.96921895,ATROPELLO,1,0,1,No,No,AVENIDA,URBANO,NO CORRESPONDE,DESPEJADO,COMERCIAL,INTERSECCIÓN,PLANA,ASFALTADA,EN PROCESO DE INVESTIGACIÓN,NO CUENTA CON CAUSA ESPECIFICA,2,1,0,1,1,0,1,0,0,0,1,2,0,2,34,34,34,0,0,0,1,0,0,NA,1,1,0,0,0,0,0,0,0,1,0,0,Sí,No,No,No
A-2023-12-109,2023-12-22,2023,12,Diciembre,viernes,17:45,17,Tarde,No,LIMA,LIMA,LIMA,URBANA,-12.05552699,-77.08157899,ATROPELLO,1,0,1,No,No,AVENIDA,URBANO,NO CORRESPONDE,DESPEJADO,RESIDENCIAL,TRAMO RECTO,PLANA,ASFALTADA,EN PROCESO DE INVESTIGACIÓN,NO CUENTA CON CAUSA ESPECIFICA,2,1,0,1,1,0,1,0,0,0,1,2,0,2,52.5,49,56,0,0,0,0,0,0,NA,1,0,0,0,1,0,0,1,0,0,0,0,No,No,Sí,No
A-2023-12-110,2023-12-23,2023,12,Diciembre,sábado,04:30,4,Madrugada,Sí,LIMA,LIMA,INDEPENDENCIA,URBANA,-11.998718,-77.062731,ATROPELLO FUGA,1,0,1,No,No,CARRETERA,NACIONAL,PE-1N,DESPEJADO,COMERCIAL,TRAMO RECTO,PLANA,ASFALTADA,EN PROCESO DE INVESTIGACIÓN,NO CUENTA CON CAUSA ESPECIFICA,2,1,0,0,1,0,1,0,0,0,1,1,0,1,38,38,38,0,0,0,0,0,0,NA,1,0,0,0,0,0,1,0,0,0,0,1,No,No,No,Sí
A-2023-12-111,2023-12-23,2023,12,Diciembre,sábado,17:30,17,Tarde,Sí,LIMA,LIMA,SANTA ANITA,URBANA,-12.04496998,-76.97418154,ATROPELLO,1,0,1,No,No,AVENIDA,URBANO,NO CORRESPONDE,DESPEJADO,COMERCIAL,INTERSECCIÓN,PLANA,ASFALTADA,EN PROCESO DE INVESTIGACIÓN,NO CUENTA CON CAUSA ESPECIFICA,2,1,0,1,1,0,1,0,0,0,1,2,0,2,53.5,36,71,0,1,0,0,0,0,NA,1,0,0,0,1,0,0,1,0,0,0,0,No,No,Sí,No
A-2023-12-112,2023-12-23,2023,12,Diciembre,sábado,22:00,22,Noche,Sí,LIMA,LIMA,LURIN,RURAL,-12.266209,-76.905593,CHOQUE,1,0,1,No,No,CARRETERA,NACIONAL,PE-1S,DESPEJADO,INDUSTRIAL,TRAMO RECTO,PLANA,ASFALTADA,EN PROCESO DE INVESTIGACIÓN,NO CUENTA CON CAUSA ESPECIFICA,2,1,0,1,2,0,0,0,1,0,0,1,0,1,34,34,34,0,0,0,0,0,0,NA,2,1,1,0,0,0,0,1,0,2,0,0,Sí,No,Sí,No
A-2023-12-147,2023-12-24,2023,12,Diciembre,domingo,02:30,2,Madrugada,Sí,CALLAO,CALLAO,LA PERLA,URBANA,-12.0740293,-77.122524217,DESPISTE,1,1,2,Sí,No,CARRETERA,DEPARTAMENTAL,CL-100,DESPEJADO,COMERCIAL,TRAMO RECTO,PLANA,ASFALTADA,IMPRUDENCIA DEL CONDUCTOR,CONDUCIR EN ESTADO DE EBRIEDAD Y/O DROGADICCIÓN,2,1,1,0,1,1,0,0,0,1,0,2,0,2,30,25,35,0,0,1,1,0,0,NA,1,1,0,0,0,0,0,0,0,0,0,0,Sí,No,No,No
A-2023-12-113,2023-12-25,2023,12,Diciembre,lunes,05:45,5,Madrugada,No,LIMA,LIMA,SANTIAGO DE SURCO,URBANA,-12.11164265,-76.97831698,DESPISTE,1,0,1,No,No,JIRÓN,URBANO,NO CORRESPONDE,DESPEJADO,RESIDENCIAL,CURVA,PLANA,ASFALTADA,EN PROCESO DE INVESTIGACIÓN,NO CUENTA CON CAUSA ESPECIFICA,1,1,0,0,1,0,0,0,1,0,0,1,0,1,26,26,26,0,0,0,0,0,0,NA,1,1,0,0,0,0,0,0,0,0,0,0,Sí,No,No,No
A-2023-12-164,2023-12-25,2023,12,Diciembre,lunes,14:00,14,Tarde,No,LIMA,LIMA,ANCON,RURAL,-11.6910913,-77.1813526,DESPISTE,1,1,2,Sí,No,CARRETERA,NACIONAL,PE-1N,DESPEJADO,RURAL,OTRO,PLANA,ASFALTADA,EN PROCESO DE INVESTIGACIÓN,NO CUENTA CON CAUSA ESPECIFICA,2,1,1,0,1,1,0,0,0,1,0,1,1,1,64,64,64,0,1,0,0,1,1,Sí,1,0,1,0,0,0,0,0,0,0,0,0,No,No,No,No
A-2023-12-114,2023-12-26,2023,12,Diciembre,martes,06:00,6,Mañana,No,LIMA,LIMA,CHORRILLOS,URBANA,-12.16205808,-77.0258943,DESPISTE,1,1,2,Sí,No,VIA EXPRESA,URBANO,NO CORRESPONDE,DESPEJADO,COMERCIAL,TRAMO RECTO,PLANA,ASFALTADA,EN PROCESO DE INVESTIGACIÓN,NO CUENTA CON CAUSA ESPECIFICA,2,1,1,0,1,1,0,0,1,0,0,2,0,2,33.5,30,37,0,0,0,0,0,0,NA,1,0,0,0,0,0,0,0,0,0,0,0,No,No,No,No
A-2023-12-115,2023-12-27,2023,12,Diciembre,miércoles,16:40,16,Tarde,No,LIMA,LIMA,LOS OLIVOS,URBANA,-11.97705171,-77.06361958,CHOQUE,1,1,2,Sí,No,AVENIDA,URBANO,NO CORRESPONDE,DESPEJADO,COMERCIAL,TRAMO RECTO,PLANA,ASFALTADA,EN PROCESO DE INVESTIGACIÓN,NO CUENTA CON CAUSA ESPECIFICA,4,1,1,2,2,0,2,0,0,0,1,4,0,4,45.75,31,64,0,1,1,1,0,0,NA,2,0,1,1,0,0,0,0,0,0,0,0,No,Sí,No,No
A-2023-12-116,2023-12-27,2023,12,Diciembre,miércoles,19:30,19,Noche,No,LIMA,LIMA,PUNTA HERMOSA,RURAL,-12.316706,-76.831093,DESPISTE,1,0,1,No,No,CARRETERA,NACIONAL,PE-1S,DESPEJADO,INDUSTRIAL,TRAMO RECTO,PLANA,ASFALTADA,EN PROCESO DE INVESTIGACIÓN,NO CUENTA CON CAUSA ESPECIFICA,2,1,0,1,2,0,0,0,1,0,0,2,0,2,48,40,56,0,0,0,0,0,0,NA,2,0,2,0,0,0,0,0,0,0,0,0,No,No,No,No
A-2023-12-117,2023-12-28,2023,12,Diciembre,jueves,21:10,21,Noche,No,LIMA,LIMA,SAN BARTOLO,RURAL,-12.387481,-76.767881,ATROPELLO,1,0,1,No,No,CARRETERA,NACIONAL,PE-1S,DESPEJADO,RURAL,TRAMO RECTO,PLANA,ASFALTADA,EN PROCESO DE INVESTIGACIÓN,NO CUENTA CON CAUSA ESPECIFICA,2,1,0,1,1,0,1,0,0,0,1,2,0,2,48,40,56,0,0,0,0,0,0,NA,1,0,1,0,0,0,0,0,0,0,0,0,No,No,No,No
A-2023-12-118,2023-12-29,2023,12,Diciembre,viernes,21:10,21,Noche,No,LIMA,LIMA,SURQUILLO,URBANA,-12.11137253,-77.01930247,ATROPELLO,1,0,1,No,No,CALLE,URBANO,NO CORRESPONDE,DESPEJADO,RESIDENCIAL,TRAMO RECTO,PLANA,ASFALTADA,EN PROCESO DE INVESTIGACIÓN,NO CUENTA CON CAUSA ESPECIFICA,2,1,0,1,1,0,1,0,0,0,1,2,0,2,51.5,30,73,0,1,0,0,0,0,NA,1,0,1,0,0,0,0,1,0,0,0,0,No,No,Sí,No
A-2023-12-120,2023-12-30,2023,12,Diciembre,sábado,08:30,8,Mañana,Sí,LIMA,LIMA,LA VICTORIA,URBANA,-12.06107519,-77.02373421,ATROPELLO,1,0,1,No,No,AVENIDA,URBANO,NO CORRESPONDE,DESPEJADO,RESIDENCIAL,INTERSECCIÓN,PLANA,ASFALTADA,EN PROCESO DE INVESTIGACIÓN,NO CUENTA CON CAUSA ESPECIFICA,2,1,0,1,1,0,1,0,0,0,1,2,0,2,54,38,70,0,1,0,0,0,0,NA,1,0,0,1,0,0,0,0,0,0,0,0,No,Sí,No,No
A-2023-12-119,2023-12-30,2023,12,Diciembre,sábado,11:52,11,Mañana,Sí,LIMA,LIMA,SAN MIGUEL,URBANA,-12.07471664,-77.0989776,CHOQUE,1,0,1,No,No,AVENIDA,URBANO,NO CORRESPONDE,DESPEJADO,COMERCIAL,INTERSECCIÓN,PLANA,ASFALTADA,EN PROCESO DE INVESTIGACIÓN,NO CUENTA CON CAUSA ESPECIFICA,2,1,0,1,2,0,0,0,1,0,0,1,1,2,32,27,37,0,0,0,0,0,0,NA,2,1,1,0,0,0,0,1,0,0,0,0,Sí,No,Sí,No
A-2024-01-139,2024-01-01,2024,1,Enero,lunes,02:00,2,Madrugada,No,LIMA,LIMA,PUNTA NEGRA,URBANA,-12.370873,-76.785224,CHOQUE,1,2,3,Sí,No,CARRETERA,NACIONAL,PE-1S,DESPEJADO,INDUSTRIAL,TRAMO RECTO,PLANA,ASFALTADA,EN PROCESO DE INVESTIGACIÓN,NO CUENTA CON CAUSA ESPECIFICA,4,1,2,1,2,2,0,0,0,1,0,3,1,3,27.333333333333332,10,51,1,0,1,1,0,0,NA,2,0,2,0,0,0,0,0,0,0,0,0,No,No,No,No
A-2024-01-141,2024-01-01,2024,1,Enero,lunes,06:58,6,Mañana,No,LIMA,LIMA,SAN MIGUEL,URBANA,-12.081205518288693,-77.10803472707839,DESPISTE,1,0,1,No,No,VIA EXPRESA,URBANO,NO CORRESPONDE,DESPEJADO,COMERCIAL,TRAMO RECTO,PLANA,ASFALTADA,IMPRUDENCIA DEL CONDUCTOR,CONDUCIR EN ESTADO DE EBRIEDAD Y/O DROGADICCIÓN,1,1,0,0,1,0,0,0,1,0,0,1,0,1,27,27,27,0,0,0,0,0,0,NA,1,1,0,0,0,0,0,0,0,0,0,0,Sí,No,No,No
A-2024-01-122,2024-01-02,2024,1,Enero,martes,03:20,3,Madrugada,No,LIMA,LIMA,ATE,URBANA,-12.002245,-76.841545,ATROPELLO FUGA,1,0,1,No,No,CARRETERA,NACIONAL,PE-22,DESPEJADO,COMERCIAL,TRAMO RECTO,PLANA,ASFALTADA,IMPRUDENCIA DEL PEATÓN,ESTADO DE EBRIEDAD Y/O DROGADICCIÓN,2,1,0,1,1,0,1,0,0,0,1,2,0,2,46,32,60,0,1,0,0,0,0,NA,1,0,1,0,0,0,0,0,0,1,0,0,No,No,No,No
A-2024-01-140,2024-01-02,2024,1,Enero,martes,08:45,8,Mañana,No,LIMA,LIMA,SAN MARTIN DE PORRES,URBANA,-12.013290984806098,-77.05262391547176,DESPISTE,1,0,1,No,No,AVENIDA,URBANO,NO CORRESPONDE,DESPEJADO,RESIDENCIAL,TRAMO RECTO,PLANA,ASFALTADA,IMPRUDENCIA DEL CONDUCTOR,CONDUCIR EN ESTADO DE EBRIEDAD Y/O DROGADICCIÓN,1,1,0,0,1,0,0,0,1,0,0,1,0,1,29,29,29,0,0,0,0,0,0,NA,1,1,0,0,0,0,0,0,0,1,0,0,Sí,No,No,No
A-2024-01-123,2024-01-07,2024,1,Enero,domingo,12:40,12,Tarde,Sí,LIMA,LIMA,LURIGANCHO,URBANA,-11.932458689402498,-76.69278927045862,ATROPELLO,1,0,1,No,No,AVENIDA,URBANO,NO CORRESPONDE,DESPEJADO,RESIDENCIAL,INTERSECCIÓN,PLANA,ASFALTADA,IMPRUDENCIA DEL CONDUCTOR,ADELANTAR INDEBIDAMENTE,2,1,0,1,1,0,1,0,0,0,1,1,1,2,23,17,29,1,0,0,1,0,0,NA,1,1,0,0,0,0,0,0,0,1,0,0,Sí,No,No,No
A-2024-01-142,2024-01-08,2024,1,Enero,lunes,04:45,4,Madrugada,No,LIMA,LIMA,VILLA EL SALVADOR,URBANA,-12.232089,-76.963748,CHOQUE FUGA,1,0,1,No,No,CARRETERA,NACIONAL,PE-1S,DESPEJADO,INDUSTRIAL,TRAMO RECTO,PLANA,ASFALTADA,EN PROCESO DE INVESTIGACIÓN,NO CUENTA CON CAUSA ESPECIFICA,2,1,0,0,2,0,0,0,1,0,0,1,0,1,19,19,19,0,0,1,1,0,0,NA,2,1,0,0,0,0,1,0,0,2,0,1,Sí,No,No,Sí
A-2024-01-143,2024-01-09,2024,1,Enero,martes,12:30,12,Tarde,No,LIMA,LIMA,LURIGANCHO,URBANA,-11.938854521481423,-76.6929789798185,CHOQUE,1,0,1,No,No,AVENIDA,URBANO,NO CORRESPONDE,DESPEJADO,RESIDENCIAL,INTERSECCIÓN,PLANA,ASFALTADA,IMPRUDENCIA DEL CONDUCTOR,OTRO (IMPRUDENCIA DEL CONDUCTOR),2,1,0,1,2,0,0,0,1,0,0,2,0,2,43.5,38,49,0,0,0,0,0,0,NA,2,1,0,1,0,0,0,0,0,0,0,0,Sí,Sí,No,No
A-2024-01-144,2024-01-10,2024,1,Enero,miércoles,08:50,8,Mañana,No,LIMA,LIMA,SAN MIGUEL,URBANA,-12.069580184148702,-77.08203696851281,CHOQUE,1,0,1,No,No,AVENIDA,URBANO,NO CORRESPONDE,DESPEJADO,COMERCIAL,TRAMO RECTO,PLANA,ASFALTADA,IMPRUDENCIA DEL CONDUCTOR,NO ESTABLECER EL DERECHO DE PASO,2,1,0,1,2,0,0,0,1,0,0,2,0,2,55.5,33,78,0,1,1,1,0,0,NA,2,1,1,0,0,0,0,0,0,0,0,0,Sí,No,No,No
A-2024-01-145,2024-01-10,2024,1,Enero,miércoles,13:00,13,Tarde,No,LIMA,LIMA,COMAS,URBANA,-11.974824,-77.058419,CHOQUE,1,0,1,No,No,AVENIDA,URBANO,NO CORRESPONDE,DESPEJADO,RESIDENCIAL,TRAMO RECTO,PLANA,ASFALTADA,IMPRUDENCIA DEL CONDUCTOR,NO ENCENDER LAS LUCES,2,1,0,1,2,0,0,0,1,0,0,2,0,2,45,25,65,0,1,2,2,0,0,NA,2,1,0,1,0,0,0,0,0,0,0,0,Sí,Sí,No,No
A-2024-01-99,2024-01-11,2024,1,Enero,jueves,20:30,20,Noche,No,CALLAO,CALLAO,VENTANILLA,URBANA,-11.8693538236127,-77.1277735826605,ATROPELLO,1,0,1,No,No,CARRETERA,NACIONAL,PE-20,DESPEJADO,INDUSTRIAL,TRAMO RECTO,INCLINADA,ASFALTADA,NEGLIGENCIA DEL CONDUCTOR,OTRO (NEGLIGENCIA DEL CONDUCTOR),2,1,0,1,1,0,1,0,0,0,1,2,0,2,60,52,68,0,1,0,0,0,0,NA,1,0,1,0,0,0,0,0,0,0,0,0,No,No,No,No
A-2024-01-146,2024-01-11,2024,1,Enero,jueves,22:30,22,Noche,No,LIMA,LIMA,SAN JUAN DE LURIGANCHO,URBANA,-11.95567088322478,-76.98983207317977,DESPISTE,2,0,2,No,Sí,JIRÓN,URBANO,NO CORRESPONDE,DESPEJADO,RESIDENCIAL,INTERSECCIÓN,PLANA,ASFALTADA,IMPRUDENCIA DEL CONDUCTOR,EXCESO DE VELOCIDAD,2,2,0,0,1,1,0,0,1,1,0,2,0,2,36.5,30,43,0,0,1,1,0,0,NA,1,1,0,0,0,0,0,0,0,0,0,0,Sí,No,No,No
A-2024-01-124,2024-01-12,2024,1,Enero,viernes,21:45,21,Noche,No,LIMA,LIMA,BARRANCO,URBANA,-12.142745876897738,-77.02203523036745,ATROPELLO,1,0,1,No,No,AVENIDA,URBANO,NO CORRESPONDE,DESPEJADO,COMERCIAL,TRAMO RECTO,PLANA,ASFALTADA,IMPRUDENCIA DEL PEATÓN,ESTADO DE EBRIEDAD Y/O DROGADICCIÓN,2,1,0,1,1,0,1,0,0,0,1,2,0,2,59,54,64,0,1,0,0,0,0,NA,1,0,1,0,0,0,0,0,0,0,0,0,No,No,No,No
A-2024-01-125,2024-01-14,2024,1,Enero,domingo,02:00,2,Madrugada,Sí,LIMA,LIMA,SAN MARTIN DE PORRES,URBANA,-11.987163877543773,-77.10339021699738,ATROPELLO,1,0,1,No,No,AVENIDA,URBANO,NO CORRESPONDE,DESPEJADO,COMERCIAL,TRAMO RECTO,PLANA,ASFALTADA,EN PROCESO DE INVESTIGACIÓN,NO CUENTA CON CAUSA ESPECIFICA,2,1,0,1,1,0,1,0,0,0,1,2,0,2,56,52,60,0,1,0,0,0,0,NA,1,0,1,0,0,0,0,0,0,0,0,0,No,No,No,No
A-2024-01-126,2024-01-14,2024,1,Enero,domingo,05:30,5,Madrugada,Sí,LIMA,LIMA,PUENTE PIEDRA,URBANA,-11.841075,-77.104197,CHOQUE,1,0,1,No,No,CARRETERA,NACIONAL,PE-1N,DESPEJADO,COMERCIAL,TRAMO RECTO,PLANA,ASFALTADA,IMPRUDENCIA DEL CONDUCTOR,INVASIÓN DE CARRIL,3,1,0,1,2,0,1,0,0,0,1,2,0,2,25.5,24,27,0,0,1,1,0,0,NA,2,2,0,0,0,0,0,0,0,2,0,0,Sí,No,No,No
A-2024-01-127,2024-01-14,2024,1,Enero,domingo,11:40,11,Mañana,Sí,LIMA,LIMA,VILLA EL SALVADOR,URBANA,-12.220862595284473,-76.94377197644376,ATROPELLO FUGA,1,0,1,No,No,AVENIDA,URBANO,NO CORRESPONDE,DESPEJADO,COMERCIAL,INTERSECCIÓN,PLANA,ASFALTADA,EN PROCESO DE INVESTIGACIÓN,NO CUENTA CON CAUSA ESPECIFICA,2,1,0,0,1,0,1,0,0,0,1,0,1,1,77,77,77,0,1,0,0,0,0,NA,1,0,0,0,0,0,1,0,0,0,0,1,No,No,No,Sí
A-2024-01-129,2024-01-15,2024,1,Enero,lunes,09:30,9,Mañana,No,LIMA,LIMA,SAN MIGUEL,URBANA,-12.08688556219166,-77.08382684494106,ATROPELLO,1,0,1,No,No,AVENIDA,URBANO,NO CORRESPONDE,DESPEJADO,RESIDENCIAL,INTERSECCIÓN,PLANA,ASFALTADA,IMPRUDENCIA DEL CONDUCTOR,GIRAR IMPRUDENTEMENTE,2,1,0,1,1,0,1,0,0,0,1,1,1,2,30.5,21,40,0,0,0,0,0,0,NA,1,0,0,0,1,0,0,1,0,0,0,0,No,No,Sí,No
A-2024-01-128,2024-01-15,2024,1,Enero,lunes,11:30,11,Mañana,No,LIMA,LIMA,SAN JUAN DE LURIGANCHO,URBANA,-11.9358891128,-76.9593308809,DESPISTE,1,2,3,Sí,No,AVENIDA,URBANO,NO CORRESPONDE,DESPEJADO,RESIDENCIAL,TRAMO RECTO,PLANA,ASFALTADA,IMPRUDENCIA DEL CONDUCTOR,OTRO (IMPRUDENCIA DEL CONDUCTOR),4,1,2,1,1,1,2,0,0,1,0,4,0,4,26,8,45,1,0,0,0,0,0,NA,1,0,0,1,0,0,0,0,0,0,0,0,No,Sí,No,No
A-2024-01-130,2024-01-17,2024,1,Enero,miércoles,07:20,7,Mañana,No,LIMA,LIMA,VILLA EL SALVADOR,URBANA,-12.23626556918445,-76.91630281426208,ATROPELLO,1,0,1,No,No,AVENIDA,URBANO,NO CORRESPONDE,DESPEJADO,COMERCIAL,INTERSECCIÓN,PLANA,ASFALTADA,EN PROCESO DE INVESTIGACIÓN,NO CUENTA CON CAUSA ESPECIFICA,2,1,0,1,1,0,1,0,0,0,1,2,0,2,48,46,50,0,0,0,0,0,0,NA,1,0,0,0,1,0,0,1,0,0,0,0,No,No,Sí,No
A-2024-01-131,2024-01-18,2024,1,Enero,jueves,17:40,17,Tarde,No,LIMA,LIMA,LURIGANCHO,URBANA,-11.965511815118944,-76.74331488726784,ATROPELLO,1,0,1,No,No,CARRETERA,NACIONAL,PE-22,DESPEJADO,COMERCIAL,TRAMO RECTO,PLANA,ASFALTADA,IMPRUDENCIA DEL PEATÓN,CRUCE INDEBIDO POR LA CALZADA,2,1,0,1,1,0,1,0,0,0,1,2,0,2,49.5,30,69,0,1,0,0,0,0,NA,1,0,1,0,0,0,0,0,0,0,0,0,No,No,No,No
A-2024-01-132,2024-01-18,2024,1,Enero,jueves,20:20,20,Noche,No,LIMA,LIMA,CIENEGUILLA,URBANA,-12.131641477337299,-76.81870127468785,ATROPELLO,1,0,1,No,No,AVENIDA,URBANO,NO CORRESPONDE,DESPEJADO,INDUSTRIAL,TRAMO RECTO,PLANA,ASFALTADA,IMPRUDENCIA DEL PEATÓN,ESTADO DE EBRIEDAD Y/O DROGADICCIÓN,2,1,0,1,1,0,1,0,0,0,1,2,0,2,43,36,50,0,0,1,1,0,0,NA,1,1,0,0,0,0,0,0,0,1,0,0,Sí,No,No,No
A-2024-01-147,2024-01-20,2024,1,Enero,sábado,20:30,20,Noche,Sí,LIMA,LIMA,SAN BORJA,URBANA,-12.083864730972099,-76.98433887076354,CHOQUE,1,0,1,No,No,AVENIDA,URBANO,NO CORRESPONDE,DESPEJADO,COMERCIAL,TRAMO RECTO,PLANA,ASFALTADA,IMPRUDENCIA DEL CONDUCTOR,CONDUCIR EN ESTADO DE EBRIEDAD Y/O DROGADICCIÓN,2,1,0,1,2,0,0,0,1,0,0,2,0,2,41,39,43,0,0,0,0,0,0,NA,2,1,0,0,1,0,0,1,0,0,0,0,Sí,No,Sí,No
A-2024-01-134,2024-01-22,2024,1,Enero,lunes,08:00,8,Mañana,No,LIMA,LIMA,LA VICTORIA,URBANA,-12.059578248293345,-77.03489691480442,ATROPELLO FUGA,1,0,1,No,No,AVENIDA,URBANO,NO CORRESPONDE,DESPEJADO,COMERCIAL,TRAMO RECTO,PLANA,ASFALTADA,EN PROCESO DE INVESTIGACIÓN,NO CUENTA CON CAUSA ESPECIFICA,2,1,0,0,1,0,1,0,0,0,1,1,0,0,NA,NA,NA,NA,NA,0,0,0,0,NA,1,0,0,0,0,0,1,0,0,0,0,1,No,No,No,Sí
A-2024-01-133,2024-01-22,2024,1,Enero,lunes,12:20,12,Tarde,No,LIMA,LIMA,SAN JUAN DE MIRAFLORES,URBANA,-12.158505450698426,-76.9583225023919,ATROPELLO,1,0,1,No,No,AVENIDA,URBANO,NO CORRESPONDE,DESPEJADO,RESIDENCIAL,TRAMO RECTO,PLANA,ASFALTADA,EN PROCESO DE INVESTIGACIÓN,NO CUENTA CON CAUSA ESPECIFICA,2,1,0,1,1,0,1,0,0,0,1,2,0,2,73,55,91,0,1,0,0,0,0,NA,1,0,0,1,0,0,0,0,0,0,0,0,No,Sí,No,No
A-2024-01-135,2024-01-25,2024,1,Enero,jueves,10:30,10,Mañana,No,LIMA,LIMA,LIMA,URBANA,-12.05817981286889,-77.00937774120148,ATROPELLO,1,0,1,No,No,AVENIDA,URBANO,NO CORRESPONDE,DESPEJADO,COMERCIAL,TRAMO RECTO,PLANA,ASFALTADA,IMPRUDENCIA DEL CONDUCTOR,OTRO (IMPRUDENCIA DEL CONDUCTOR),2,1,0,1,1,0,1,0,0,0,1,2,0,2,56,31,81,0,1,0,0,0,0,NA,1,0,0,0,1,0,0,1,0,0,0,0,No,No,Sí,No
A-2024-01-149,2024-01-25,2024,1,Enero,jueves,16:30,16,Tarde,No,LIMA,LIMA,LA MOLINA,URBANA,-12.09106130186471,-76.94727790126784,DESPISTE,1,0,1,No,No,AVENIDA,URBANO,NO CORRESPONDE,DESPEJADO,RESIDENCIAL,TRAMO RECTO,PLANA,ASFALTADA,IMPRUDENCIA DEL CONDUCTOR,OTRO (IMPRUDENCIA DEL CONDUCTOR),1,1,0,0,1,0,0,0,1,0,0,1,0,1,70,70,70,0,1,0,1,0,0,NA,1,1,0,0,0,0,0,0,0,1,0,0,Sí,No,No,No
A-2024-01-148,2024-01-25,2024,1,Enero,jueves,20:00,20,Noche,No,LIMA,LIMA,EL AGUSTINO,URBANA,-12.033417279769619,-76.99823582679089,CHOQUE,1,0,1,No,No,AVENIDA,URBANO,NO CORRESPONDE,DESPEJADO,COMERCIAL,INTERSECCIÓN,PLANA,ASFALTADA,IMPRUDENCIA DEL CONDUCTOR,ADELANTAR INDEBIDAMENTE,2,1,0,1,2,0,0,0,1,0,0,2,0,2,20.5,20,21,0,0,0,0,0,0,NA,2,1,0,1,0,0,0,0,0,0,0,0,Sí,Sí,No,No
A-2024-01-150,2024-01-26,2024,1,Enero,viernes,16:00,16,Tarde,No,LIMA,LIMA,SANTIAGO DE SURCO,URBANA,-12.103571,-76.979097,CHOQUE,1,0,1,No,No,CARRETERA,NACIONAL,PE-1S,DESPEJADO,RESIDENCIAL,TRAMO RECTO,PLANA,ASFALTADA,IMPRUDENCIA DEL CONDUCTOR,INVASIÓN DE CARRIL,3,1,0,2,3,0,0,0,1,0,0,3,0,2,59,52,66,0,1,0,0,0,0,NA,3,1,0,2,0,0,0,0,0,0,0,0,Sí,Sí,No,No
A-2024-01-151,2024-01-26,2024,1,Enero,viernes,16:12,16,Tarde,No,LIMA,LIMA,LURIGANCHO,URBANA,-12.019916,-76.949666,CHOQUE,2,12,14,Sí,Sí,CARRETERA,NACIONAL,PE-22,DESPEJADO,INDUSTRIAL,TRAMO RECTO,PLANA,ASFALTADA,IMPRUDENCIA DEL CONDUCTOR,EXCESO DE VELOCIDAD,15,2,12,1,2,13,0,0,0,2,0,9,6,15,34.266666666666666,3,68,3,2,0,0,0,0,NA,2,0,1,1,0,0,0,0,0,0,0,0,No,Sí,No,No
A-2024-01-101,2024-01-27,2024,1,Enero,sábado,16:07,16,Tarde,Sí,CALLAO,CALLAO,LA PERLA,URBANA,-12.07487,-77.12069,CHOQUE,1,0,1,No,No,CARRETERA,DEPARTAMENTAL,CL-100,DESPEJADO,RESIDENCIAL,TRAMO RECTO,PLANA,ASFALTADA,IMPRUDENCIA DEL CONDUCTOR,OTRO (IMPRUDENCIA DEL CONDUCTOR),2,1,0,1,2,0,0,0,1,0,0,2,0,2,43.5,28,59,0,0,0,0,0,0,NA,2,1,1,0,0,0,0,0,0,0,0,0,Sí,No,No,No
A-2024-01-136,2024-01-28,2024,1,Enero,domingo,19:30,19,Noche,Sí,LIMA,LIMA,LURIN,RURAL,-12.2904,-76.866898,ATROPELLO FUGA,1,0,1,No,No,CARRETERA,NACIONAL,PE-1S,DESPEJADO,RURAL,TRAMO RECTO,PLANA,ASFALTADA,EN PROCESO DE INVESTIGACIÓN,NO CUENTA CON CAUSA ESPECIFICA,2,1,0,0,1,0,1,0,0,0,1,1,0,1,59,59,59,0,0,0,0,0,0,NA,1,0,0,0,0,0,1,0,0,0,0,1,No,No,No,Sí
A-2024-01-54,2024-01-30,2024,1,Enero,martes,06:00,6,Mañana,No,CALLAO,CALLAO,CALLAO,URBANA,-11.9853807,-77.126034917,ATROPELLO,1,0,1,No,No,AVENIDA,URBANO,NO CORRESPONDE,DESPEJADO,INDUSTRIAL,TRAMO RECTO,PLANA,ASFALTADA,IMPRUDENCIA DEL CONDUCTOR,OTRO (IMPRUDENCIA DEL CONDUCTOR),2,1,0,1,1,0,1,0,0,0,1,1,1,2,40,36,44,0,0,0,0,0,0,NA,1,0,0,1,0,0,0,0,0,0,0,0,No,Sí,No,No
A-2024-01-152,2024-01-30,2024,1,Enero,martes,22:50,22,Noche,No,LIMA,LIMA,LURIN,RURAL,-12.25405336401733,-76.90392935782728,VOLCADURA,1,1,2,Sí,No,CARRETERA,NACIONAL,PE-1S,DESPEJADO,RURAL,INTERSECCIÓN,PLANA,ASFALTADA,EN PROCESO DE INVESTIGACIÓN,NO CUENTA CON CAUSA ESPECIFICA,2,1,1,0,1,1,0,0,1,0,0,1,1,2,21,19,23,0,0,0,0,0,0,NA,1,1,0,0,0,0,0,0,0,1,0,0,Sí,No,No,No
A-2024-01-153,2024-01-31,2024,1,Enero,miércoles,13:50,13,Tarde,No,LIMA,LIMA,COMAS,URBANA,-11.9157420088707,-77.04079077956345,CHOQUE,1,0,1,No,No,AVENIDA,URBANO,NO CORRESPONDE,DESPEJADO,COMERCIAL,TRAMO RECTO,PLANA,ASFALTADA,EN PROCESO DE INVESTIGACIÓN,NO CUENTA CON CAUSA ESPECIFICA,3,1,0,2,2,1,0,0,0,1,0,3,0,3,34,29,37,0,0,1,2,0,0,NA,2,2,0,0,0,0,0,0,0,2,0,0,Sí,No,No,No
A-2024-01-137,2024-01-31,2024,1,Enero,miércoles,14:30,14,Tarde,No,LIMA,LIMA,PUENTE PIEDRA,URBANA,-11.833299,-77.113696,ATROPELLO,1,0,1,No,No,CARRETERA,NACIONAL,PE-1N,DESPEJADO,COMERCIAL,TRAMO RECTO,PLANA,ASFALTADA,IMPRUDENCIA DEL PEATÓN,CRUCE INDEBIDO POR LA CALZADA,2,1,0,1,1,0,1,0,0,0,1,1,1,2,37.5,34,41,0,0,0,0,0,0,NA,1,0,0,0,1,0,0,0,0,0,0,0,No,No,No,No
A-2024-01-138,2024-01-31,2024,1,Enero,miércoles,16:30,16,Tarde,No,LIMA,LIMA,SAN JUAN DE LURIGANCHO,URBANA,-12.0126407089,-77.0115990152,CHOQUE,1,0,1,No,No,AVENIDA,URBANO,NO CORRESPONDE,DESPEJADO,RESIDENCIAL,TRAMO RECTO,PLANA,ASFALTADA,IMPRUDENCIA DEL CONDUCTOR,ADELANTAR INDEBIDAMENTE,3,1,0,2,2,0,1,0,0,0,1,2,1,3,44,37,55,0,0,0,0,0,0,NA,2,0,1,1,0,0,0,1,0,0,0,0,No,Sí,Sí,No
A-2024-02-97,2024-02-01,2024,2,Febrero,jueves,04:00,4,Madrugada,No,LIMA,LIMA,SAN JUAN DE MIRAFLORES,URBANA,-12.168540346217902,-76.97067254025909,CHOQUE,1,0,1,No,No,CALLE,URBANO,NO CORRESPONDE,DESPEJADO,RESIDENCIAL,TRAMO RECTO,PLANA,ASFALTADA,EN PROCESO DE INVESTIGACIÓN,NO CUENTA CON CAUSA ESPECIFICA,2,1,0,1,2,0,0,0,1,0,0,2,0,2,42,28,56,0,0,0,0,0,0,NA,2,1,0,0,0,1,0,0,0,0,0,0,Sí,No,No,No
A-2024-02-98,2024-02-01,2024,2,Febrero,jueves,06:40,6,Mañana,No,LIMA,LIMA,SAN MARTIN DE PORRES,URBANA,-12.019856293791493,-77.05555832925123,CHOQUE,1,0,1,No,No,AVENIDA,URBANO,NO CORRESPONDE,DESPEJADO,COMERCIAL,TRAMO RECTO,PLANA,ASFALTADA,IMPRUDENCIA DEL CONDUCTOR,EXCESO DE VELOCIDAD,2,1,0,1,2,0,0,0,1,0,0,2,0,2,42.5,28,57,0,0,0,0,0,0,NA,2,0,1,0,0,1,0,0,0,0,0,0,No,No,No,No
A-2024-02-122,2024-02-02,2024,2,Febrero,viernes,07:50,7,Mañana,No,LIMA,LIMA,SAN JUAN DE LURIGANCHO,URBANA,-11.9719184767,-76.9962720044,ATROPELLO,1,0,1,No,No,AVENIDA,URBANO,NO CORRESPONDE,DESPEJADO,COMERCIAL,INTERSECCIÓN,PLANA,ASFALTADA,IMPRUDENCIA DEL CONDUCTOR,OTRO (IMPRUDENCIA DEL CONDUCTOR),2,1,0,1,1,0,1,0,0,0,1,1,1,2,70.5,69,72,0,2,0,0,0,0,NA,1,1,0,0,0,0,0,0,0,0,0,0,Sí,No,No,No
A-2024-02-144,2024-02-03,2024,2,Febrero,sábado,01:00,1,Madrugada,Sí,LIMA,LIMA,LA MOLINA,URBANA,-12.063511344572303,-76.9519081336249,CHOQUE,1,0,1,No,No,AVENIDA,URBANO,NO CORRESPONDE,DESPEJADO,RESIDENCIAL,TRAMO RECTO,PLANA,ASFALTADA,IMPRUDENCIA DEL CONDUCTOR,CONDUCIR EN ESTADO DE EBRIEDAD Y/O DROGADICCIÓN,2,1,0,1,2,0,0,0,1,0,0,2,0,2,24,20,28,0,0,1,1,0,0,NA,2,1,0,1,0,0,0,0,0,0,0,0,Sí,Sí,No,No
A-2024-02-123,2024-02-03,2024,2,Febrero,sábado,12:20,12,Tarde,Sí,LIMA,LIMA,VILLA EL SALVADOR,URBANA,-12.197375606331104,-76.94245700956884,ATROPELLO,1,0,1,No,No,CALLE,URBANO,NO CORRESPONDE,DESPEJADO,RESIDENCIAL,TRAMO RECTO,PLANA,ASFALTADA,EN PROCESO DE INVESTIGACIÓN,NO CUENTA CON CAUSA ESPECIFICA,2,1,0,1,1,0,1,0,0,0,1,1,1,2,22,3,41,1,0,0,0,0,0,NA,1,0,1,0,0,0,0,0,0,0,0,0,No,No,No,No
A-2024-02-145,2024-02-03,2024,2,Febrero,sábado,13:50,13,Tarde,Sí,LIMA,LIMA,LIMA,URBANA,-12.062883742683855,-77.04022529718159,VOLCADURA,1,0,1,No,No,AVENIDA,URBANO,NO CORRESPONDE,DESPEJADO,COMERCIAL,TRAMO RECTO,PLANA,ASFALTADA,EN PROCESO DE INVESTIGACIÓN,NO CUENTA CON CAUSA ESPECIFICA,2,1,0,1,1,1,0,0,0,1,0,1,1,2,17.5,17,18,1,0,1,1,0,0,NA,1,1,0,0,0,0,0,0,0,0,0,0,Sí,No,No,No
A-2024-02-124,2024-02-04,2024,2,Febrero,domingo,03:30,3,Madrugada,Sí,LIMA,LIMA,SANTIAGO DE SURCO,URBANA,-12.137127886611736,-76.98051980293926,ATROPELLO,1,0,1,No,No,CARRETERA,NACIONAL,PE-1S,DESPEJADO,RESIDENCIAL,TRAMO RECTO,PLANA,ASFALTADA,IMPRUDENCIA DEL PEATÓN,CRUCE INDEBIDO POR LA CALZADA,2,1,0,1,1,0,1,0,0,0,1,2,0,2,36,35,37,0,0,0,0,0,0,NA,1,0,1,0,0,0,0,0,0,0,0,0,No,No,No,No
A-2024-02-146,2024-02-04,2024,2,Febrero,domingo,05:10,5,Madrugada,Sí,LIMA,LIMA,ATE,URBANA,-12.005740351005828,-76.84699142372398,CHOQUE,1,0,1,No,No,CARRETERA,NACIONAL,PE-22,DESPEJADO,COMERCIAL,TRAMO RECTO,PLANA,ASFALTADA,IMPRUDENCIA DEL CONDUCTOR,CONDUCIR EN ESTADO DE EBRIEDAD Y/O DROGADICCIÓN,2,1,0,1,2,0,0,0,1,0,0,2,0,2,44.5,28,61,0,1,0,0,0,0,NA,2,1,0,0,1,0,0,1,0,0,0,0,Sí,No,Sí,No
A-2024-02-125,2024-02-05,2024,2,Febrero,lunes,09:40,9,Mañana,No,LIMA,LIMA,SAN MARTIN DE PORRES,URBANA,-11.989706543956794,-77.08174369955721,ATROPELLO,1,0,1,No,No,AVENIDA,URBANO,NO CORRESPONDE,DESPEJADO,COMERCIAL,TRAMO RECTO,PLANA,ASFALTADA,IMPRUDENCIA DEL CONDUCTOR,CONDUCIR EN ESTADO DE EBRIEDAD Y/O DROGADICCIÓN,2,1,0,1,1,0,1,0,0,0,1,0,2,2,36,31,41,0,0,0,0,0,0,NA,1,1,0,0,0,0,0,0,0,0,0,0,Sí,No,No,No
A-2024-02-89,2024-02-07,2024,2,Febrero,miércoles,12:00,12,Tarde,No,CALLAO,CALLAO,CALLAO,URBANA,-12.0535541,-77.117413517,ATROPELLO,1,0,1,No,No,AVENIDA,URBANO,NO CORRESPONDE,DESPEJADO,RESIDENCIAL,TRAMO RECTO,PLANA,ASFALTADA,IMPRUDENCIA DEL CONDUCTOR,CONDUCIR EN ESTADO DE EBRIEDAD Y/O DROGADICCIÓN,2,1,0,1,1,0,1,0,0,0,1,2,0,2,64,53,75,0,1,0,0,0,0,NA,1,0,1,0,0,0,0,0,0,1,0,0,No,No,No,No
A-2024-02-99,2024-02-07,2024,2,Febrero,miércoles,13:00,13,Tarde,No,LIMA,LIMA,ATE,URBANA,-12.055053144444134,-76.93773323199756,CHOQUE,1,0,1,No,No,AVENIDA,URBANO,NO CORRESPONDE,DESPEJADO,COMERCIAL,TRAMO RECTO,PLANA,ASFALTADA,IMPRUDENCIA DEL CONDUCTOR,ADELANTAR INDEBIDAMENTE,2,1,0,1,2,0,0,0,1,0,0,2,0,2,17,13,21,1,0,0,0,0,0,NA,2,0,0,1,0,1,0,0,0,0,0,0,No,Sí,No,No
A-2024-02-126,2024-02-07,2024,2,Febrero,miércoles,18:45,18,Noche,No,LIMA,LIMA,SAN JUAN DE LURIGANCHO,URBANA,-11.966288081994277,-76.98397487663554,ATROPELLO,1,0,1,No,No,AVENIDA,URBANO,NO CORRESPONDE,DESPEJADO,RESIDENCIAL,INTERSECCIÓN,PLANA,ASFALTADA,IMPRUDENCIA DEL PEATÓN,CRUCE INDEBIDO POR LA CALZADA,2,1,0,1,1,0,1,0,0,0,1,2,0,2,56.5,28,85,0,1,0,1,0,0,NA,1,0,0,0,1,0,0,1,0,0,0,0,No,No,Sí,No
A-2024-02-127,2024-02-08,2024,2,Febrero,jueves,14:40,14,Tarde,No,LIMA,LIMA,SAN ISIDRO,URBANA,-12.0927908062141,-77.03143804755321,ATROPELLO,1,0,1,No,No,CALLE,URBANO,NO CORRESPONDE,DESPEJADO,RESIDENCIAL,INTERSECCIÓN,PLANA,ASFALTADA,IMPRUDENCIA DEL CONDUCTOR,CONDUCIR EN SENTIDO CONTRARIO,2,1,0,1,1,0,1,0,0,0,1,1,1,2,51,26,76,0,1,0,0,0,0,NA,1,0,1,0,0,0,0,0,0,0,0,0,No,No,No,No
A-2024-02-142,2024-02-09,2024,2,Febrero,viernes,21:30,21,Noche,No,LIMA,LIMA,LOS OLIVOS,URBANA,-11.972277640397639,-77.07569801860032,ATROPELLO,1,0,1,No,No,AVENIDA,URBANO,NO CORRESPONDE,DESPEJADO,COMERCIAL,TRAMO RECTO,PLANA,ASFALTADA,EN PROCESO DE INVESTIGACIÓN,NO CUENTA CON CAUSA ESPECIFICA,2,1,0,1,1,0,1,0,0,0,1,2,0,2,51,31,71,0,1,0,1,0,0,NA,1,1,0,0,0,0,0,0,0,0,0,0,Sí,No,No,No
A-2024-02-129,2024-02-10,2024,2,Febrero,sábado,23:30,23,Noche,Sí,LIMA,LIMA,COMAS,URBANA,-11.924761,-77.072911,ATROPELLO,1,0,1,No,No,CARRETERA,NACIONAL,PE-1N,DESPEJADO,INDUSTRIAL,TRAMO RECTO,PLANA,ASFALTADA,EN PROCESO DE INVESTIGACIÓN,NO CUENTA CON CAUSA ESPECIFICA,2,1,0,1,1,0,1,0,0,0,1,2,0,2,35,33,37,0,0,0,1,0,0,NA,1,0,0,0,1,0,0,1,0,0,0,0,No,No,Sí,No
A-2024-02-128,2024-02-11,2024,2,Febrero,domingo,02:20,2,Madrugada,Sí,LIMA,LIMA,RIMAC,URBANA,-12.039285459106349,-77.01535039521532,ATROPELLO FUGA,1,0,1,No,No,CARRETERA,NACIONAL,PE-1N,DESPEJADO,COMERCIAL,TRAMO RECTO,PLANA,ASFALTADA,EN PROCESO DE INVESTIGACIÓN,NO CUENTA CON CAUSA ESPECIFICA,2,1,0,0,1,0,1,0,0,0,1,1,0,1,35,35,35,0,0,0,0,0,0,NA,1,0,0,0,0,0,1,0,0,0,0,1,No,No,No,Sí
A-2024-02-147,2024-02-11,2024,2,Febrero,domingo,18:50,18,Noche,Sí,LIMA,LIMA,SAN JUAN DE MIRAFLORES,URBANA,-12.162197,-76.981838,CHOQUE,1,1,2,Sí,No,CARRETERA,NACIONAL,PE-1S,DESPEJADO,RESIDENCIAL,TRAMO RECTO,PLANA,ASFALTADA,EN PROCESO DE INVESTIGACIÓN,NO CUENTA CON CAUSA ESPECIFICA,3,1,1,1,2,1,0,0,0,1,0,3,0,3,38.666666666666664,13,63,1,1,0,0,0,0,NA,2,1,0,1,0,0,0,0,0,0,0,0,Sí,Sí,No,No
A-2024-02-131,2024-02-12,2024,2,Febrero,lunes,20:30,20,Noche,No,LIMA,LIMA,INDEPENDENCIA,URBANA,-12.002652856575251,-77.05314196543797,ATROPELLO,1,0,1,No,No,CALLE,URBANO,NO CORRESPONDE,DESPEJADO,RESIDENCIAL,TRAMO RECTO,PLANA,ASFALTADA,IMPRUDENCIA DEL PEATÓN,ESTADO DE EBRIEDAD Y/O DROGADICCIÓN,2,1,0,1,1,0,1,0,0,0,1,2,0,2,58,36,80,0,1,0,0,0,0,NA,1,0,1,0,0,0,0,0,0,0,0,0,No,No,No,No
A-2024-02-133,2024-02-13,2024,2,Febrero,martes,23:15,23,Noche,No,LIMA,LIMA,SAN JUAN DE LURIGANCHO,URBANA,-12.025040265918996,-76.9660849391908,ATROPELLO FUGA,1,0,1,No,No,AUTOPISTA,URBANO,NO CORRESPONDE,DESPEJADO,INDUSTRIAL,TRAMO RECTO,PLANA,ASFALTADA,EN PROCESO DE INVESTIGACIÓN,NO CUENTA CON CAUSA ESPECIFICA,2,1,0,0,1,0,1,0,0,0,1,1,0,0,NA,NA,NA,NA,NA,0,0,0,0,NA,1,0,0,0,0,0,1,0,0,0,0,1,No,No,No,Sí
A-2024-02-132,2024-02-13,2024,2,Febrero,martes,23:50,23,Noche,No,LIMA,LIMA,LURIN,URBANA,-12.305581,-76.838982,ATROPELLO,1,0,1,No,No,CARRETERA,NACIONAL,PE-1S,DESPEJADO,INDUSTRIAL,TRAMO RECTO,PLANA,ASFALTADA,EN PROCESO DE INVESTIGACIÓN,NO CUENTA CON CAUSA ESPECIFICA,2,1,0,1,1,0,1,0,0,0,1,2,0,1,46,46,46,0,0,0,0,0,0,NA,1,0,1,0,0,0,0,1,0,0,0,0,No,No,Sí,No
A-2024-02-134,2024-02-16,2024,2,Febrero,viernes,11:00,11,Mañana,No,LIMA,LIMA,LIMA,URBANA,-12.044786028411,-77.02475469896787,ATROPELLO,1,0,1,No,No,JIRÓN,URBANO,NO CORRESPONDE,DESPEJADO,COMERCIAL,TRAMO RECTO,PLANA,ASFALTADA,IMPRUDENCIA DEL PEATÓN,DESACATO DE SEÑAL DE TRÁNSITO,2,1,0,1,1,0,1,0,0,0,1,2,0,2,43.5,19,68,0,1,0,0,0,0,NA,1,1,0,0,0,0,0,0,0,1,0,0,Sí,No,No,No
A-2024-02-148,2024-02-16,2024,2,Febrero,viernes,23:50,23,Noche,No,LIMA,LIMA,VILLA EL SALVADOR,URBANA,-12.233846,-76.960711,DESPISTE,1,0,1,No,No,CARRETERA,NACIONAL,PE-1S,DESPEJADO,RURAL,TRAMO RECTO,PLANA,ASFALTADA,EN PROCESO DE INVESTIGACIÓN,NO CUENTA CON CAUSA ESPECIFICA,1,1,0,0,1,0,0,0,1,0,0,1,0,0,NA,NA,NA,NA,NA,0,0,0,0,NA,1,1,0,0,0,0,0,0,0,1,0,0,Sí,No,No,No
A-2024-02-135,2024-02-20,2024,2,Febrero,martes,17:40,17,Tarde,No,LIMA,LIMA,BREÑA,URBANA,-12.050363,-77.047327,CHOQUE,1,1,2,Sí,No,JIRÓN,URBANO,NO CORRESPONDE,DESPEJADO,RESIDENCIAL,INTERSECCIÓN,PLANA,ASFALTADA,IMPRUDENCIA DEL CONDUCTOR,DESACATO DE SEÑAL DE TRÁNSITO,4,1,1,2,2,0,2,0,0,0,1,3,1,4,52,27,70,0,2,0,2,0,0,NA,2,0,2,0,0,0,0,0,0,0,0,0,No,No,No,No
A-2024-02-150,2024-02-20,2024,2,Febrero,martes,20:20,20,Noche,No,LIMA,LIMA,MIRAFLORES,URBANA,-12.12868991701721,-77.00220125491875,CHOQUE,1,0,1,No,No,AVENIDA,URBANO,NO CORRESPONDE,DESPEJADO,COMERCIAL,TRAMO RECTO,PLANA,ASFALTADA,IMPRUDENCIA DEL CONDUCTOR,INVASIÓN DE CARRIL,2,1,0,1,2,0,0,0,1,0,0,2,0,2,46,45,47,0,0,0,1,0,0,NA,2,1,0,0,1,0,0,1,0,2,0,0,Sí,No,Sí,No
A-2024-02-136,2024-02-23,2024,2,Febrero,viernes,18:10,18,Noche,No,LIMA,LIMA,ATE,URBANA,-12.06408331102741,-76.97148346045434,DESPISTE,2,1,3,Sí,Sí,CARRETERA,NACIONAL,PE-1S,DESPEJADO,INDUSTRIAL,TRAMO RECTO,PLANA,ASFALTADA,IMPRUDENCIA DEL CONDUCTOR,OTRO (IMPRUDENCIA DEL CONDUCTOR),3,2,1,0,1,0,2,0,1,0,1,2,1,3,33.666666666666664,26,38,0,0,0,0,0,0,NA,1,0,1,0,0,0,0,0,0,0,0,0,No,No,No,No
A-2024-02-137,2024-02-23,2024,2,Febrero,viernes,19:30,19,Noche,No,LIMA,LIMA,SAN JUAN DE LURIGANCHO,URBANA,-11.95944972898839,-76.98744266973806,ATROPELLO,1,0,1,No,No,AVENIDA,URBANO,NO CORRESPONDE,DESPEJADO,COMERCIAL,INTERSECCIÓN,PLANA,ASFALTADA,IMPRUDENCIA DEL PEATÓN,CRUCE INDEBIDO POR LA CALZADA,2,1,0,1,1,0,1,0,0,0,1,2,0,2,40,20,60,0,1,1,1,0,0,NA,1,0,0,0,1,0,0,1,0,1,0,0,No,No,Sí,No
A-2024-02-138,2024-02-24,2024,2,Febrero,sábado,01:30,1,Madrugada,Sí,LIMA,LIMA,VILLA EL SALVADOR,URBANA,-12.202646,-76.974128,ATROPELLO,1,0,1,No,No,CARRETERA,NACIONAL,PE-1S,DESPEJADO,INDUSTRIAL,TRAMO RECTO,PLANA,ASFALTADA,EN PROCESO DE INVESTIGACIÓN,NO CUENTA CON CAUSA ESPECIFICA,2,1,0,1,1,0,1,0,0,0,1,1,0,1,32,32,32,0,0,0,0,0,0,NA,1,0,1,0,0,0,0,0,0,0,0,0,No,No,No,No
A-2024-02-88,2024-02-24,2024,2,Febrero,sábado,09:38,9,Mañana,Sí,CALLAO,CALLAO,CALLAO,URBANA,-12.0312493316246,-77.1275650443906,CHOQUE,1,0,1,No,No,CARRETERA,DEPARTAMENTAL,CL-100,DESPEJADO,INDUSTRIAL,TRAMO RECTO,PLANA,ASFALTADA,EN PROCESO DE INVESTIGACIÓN,NO CUENTA CON CAUSA ESPECIFICA,3,1,0,1,2,1,0,0,0,1,0,3,0,3,37.333333333333336,19,69,0,1,1,1,0,0,NA,2,1,1,0,0,0,0,1,0,0,0,0,Sí,No,Sí,No
A-2024-02-151,2024-02-24,2024,2,Febrero,sábado,13:00,13,Tarde,Sí,LIMA,LIMA,LIMA,URBANA,-12.047547592459168,-77.0131650055733,CHOQUE,1,0,1,No,No,AVENIDA,URBANO,NO CORRESPONDE,DESPEJADO,RESIDENCIAL,TRAMO RECTO,PLANA,ASFALTADA,IMPRUDENCIA DEL CONDUCTOR,ADELANTAR INDEBIDAMENTE,3,1,0,2,2,1,0,0,0,1,0,3,0,3,30.666666666666668,26,33,0,0,0,1,0,0,NA,2,1,0,0,1,0,0,1,0,0,0,0,Sí,No,Sí,No
A-2024-02-139,2024-02-25,2024,2,Febrero,domingo,05:15,5,Madrugada,Sí,LIMA,LIMA,SAN JUAN DE MIRAFLORES,URBANA,-12.170759,-76.979316,ATROPELLO FUGA,1,0,1,No,No,CARRETERA,NACIONAL,PE-1S,DESPEJADO,COMERCIAL,TRAMO RECTO,PLANA,ASFALTADA,EN PROCESO DE INVESTIGACIÓN,NO CUENTA CON CAUSA ESPECIFICA,2,1,0,0,1,0,1,0,0,0,1,1,0,0,NA,NA,NA,NA,NA,0,0,0,0,NA,1,0,0,0,0,0,1,0,0,0,0,1,No,No,No,Sí
A-2024-02-90,2024-02-26,2024,2,Febrero,lunes,03:00,3,Madrugada,No,CALLAO,CALLAO,MI PERU,URBANA,-11.8607219294873,-77.1298851999003,ATROPELLO,1,0,1,No,No,CARRETERA,NACIONAL,PE-20,NA,NA,NA,NA,NA,EN PROCESO DE INVESTIGACIÓN,NO CUENTA CON CAUSA ESPECIFICA,2,1,0,1,1,0,1,0,0,0,1,2,0,2,37,28,46,0,0,0,0,0,0,NA,1,0,0,1,0,0,0,0,0,1,0,0,No,Sí,No,No
A-2024-02-100,2024-02-26,2024,2,Febrero,lunes,22:50,22,Noche,No,LIMA,LIMA,SAN ISIDRO,URBANA,-12.09765302665832,-77.01926315421609,CHOQUE FUGA,1,0,1,No,No,AVENIDA,URBANO,NO CORRESPONDE,DESPEJADO,COMERCIAL,TRAMO RECTO,PLANA,ASFALTADA,EN PROCESO DE INVESTIGACIÓN,NO CUENTA CON CAUSA ESPECIFICA,2,1,0,0,2,0,0,0,1,0,0,1,0,1,19,19,19,0,0,0,0,0,0,NA,2,0,1,0,0,1,0,0,0,0,0,1,No,No,No,Sí
A-2024-02-140,2024-02-28,2024,2,Febrero,miércoles,14:40,14,Tarde,No,LIMA,LIMA,SAN JUAN DE LURIGANCHO,URBANA,-12.024152545488024,-76.97756472948006,ATROPELLO,1,0,1,No,No,AVENIDA,URBANO,NO CORRESPONDE,DESPEJADO,COMERCIAL,TRAMO RECTO,PLANA,ASFALTADA,IMPRUDENCIA DEL PEATÓN,CRUCE INDEBIDO POR LA CALZADA,2,1,0,1,1,0,1,0,0,0,1,1,1,2,60,44,76,0,1,0,0,0,0,NA,1,0,0,1,0,0,0,0,0,1,0,0,No,Sí,No,No
A-2024-02-141,2024-02-29,2024,2,Febrero,jueves,23:00,23,Noche,No,LIMA,LIMA,PUENTE PIEDRA,URBANA,-11.833358,-77.113633,ATROPELLO,1,0,1,No,No,CARRETERA,NACIONAL,PE-1N,DESPEJADO,COMERCIAL,TRAMO RECTO,PLANA,ASFALTADA,EN PROCESO DE INVESTIGACIÓN,NO CUENTA CON CAUSA ESPECIFICA,2,1,0,1,1,0,1,0,0,0,1,2,0,2,28,21,35,0,0,0,0,0,0,NA,1,0,1,0,0,0,0,0,0,0,0,0,No,No,No,No
A-2024-03-127,2024-03-02,2024,3,Marzo,sábado,01:40,1,Madrugada,Sí,LIMA,LIMA,LOS OLIVOS,URBANA,-11.977787026572498,-77.0680142388189,DESPISTE,2,0,2,No,Sí,AVENIDA,URBANO,NO CORRESPONDE,DESPEJADO,RESIDENCIAL,TRAMO RECTO,PLANA,ASFALTADA,IMPRUDENCIA DEL CONDUCTOR,CONDUCIR EN ESTADO DE EBRIEDAD Y/O DROGADICCIÓN,2,2,0,0,1,1,0,0,1,1,0,2,0,2,30,25,35,0,0,1,1,0,0,NA,1,1,0,0,0,0,0,0,0,1,0,0,Sí,No,No,No
A-2024-03-112,2024-03-02,2024,3,Marzo,sábado,19:54,19,Noche,Sí,LIMA,LIMA,SAN JUAN DE LURIGANCHO,URBANA,-12.0259166667,-77.01675,ATROPELLO,1,0,1,No,No,AVENIDA,URBANO,NO CORRESPONDE,DESPEJADO,RESIDENCIAL,TRAMO RECTO,PLANA,ASFALTADA,IMPRUDENCIA DEL PEATÓN,CRUCE INDEBIDO POR LA CALZADA,2,1,0,1,1,0,1,0,0,0,1,2,0,2,54.5,20,89,0,1,1,1,0,0,NA,1,1,0,0,0,0,0,0,0,0,0,0,Sí,No,No,No
A-2024-03-128,2024-03-04,2024,3,Marzo,lunes,15:25,15,Tarde,No,LIMA,LIMA,LOS OLIVOS,URBANA,-11.96582267741549,-77.08147297444664,CHOQUE,1,11,12,Sí,No,CALLE,URBANO,NO CORRESPONDE,DESPEJADO,RESIDENCIAL,INTERSECCIÓN,PLANA,ASFALTADA,EN PROCESO DE INVESTIGACIÓN,NO CUENTA CON CAUSA ESPECIFICA,14,1,11,2,2,12,0,0,0,1,0,9,5,14,32.92857142857143,7,63,4,1,2,2,0,0,NA,2,0,2,0,0,0,0,0,0,2,0,0,No,No,No,No
A-2024-03-113,2024-03-04,2024,3,Marzo,lunes,19:50,19,Noche,No,LIMA,LIMA,SAN BORJA,URBANA,-12.111956993423771,-77.00471068048802,ATROPELLO FUGA,1,0,1,No,No,AVENIDA,URBANO,NO CORRESPONDE,DESPEJADO,RESIDENCIAL,TRAMO RECTO,PLANA,ASFALTADA,EN PROCESO DE INVESTIGACIÓN,NO CUENTA CON CAUSA ESPECIFICA,2,1,0,0,1,0,1,0,0,0,1,0,1,1,82,82,82,0,1,0,0,0,0,NA,1,0,0,0,0,0,1,0,0,0,0,1,No,No,No,Sí
A-2024-03-114,2024-03-06,2024,3,Marzo,miércoles,15:40,15,Tarde,No,LIMA,LIMA,COMAS,URBANA,-11.927542934871184,-77.04060583376312,ATROPELLO,1,0,1,No,No,AVENIDA,URBANO,NO CORRESPONDE,DESPEJADO,RESIDENCIAL,TRAMO RECTO,PLANA,ASFALTADA,IMPRUDENCIA DEL CONDUCTOR,CONDUCIR EN SENTIDO CONTRARIO,2,1,0,1,1,0,1,0,0,0,1,1,1,2,74,56,92,0,1,0,0,0,0,NA,1,0,0,0,1,0,0,1,0,0,0,0,No,No,Sí,No
A-2024-03-129,2024-03-07,2024,3,Marzo,jueves,08:50,8,Mañana,No,LIMA,LIMA,LURIN,URBANA,-12.261037623414726,-76.91396622142159,VOLCADURA,1,0,1,No,No,CARRETERA,NACIONAL,PE-1S,DESPEJADO,COMERCIAL,TRAMO RECTO,PLANA,ASFALTADA,EN PROCESO DE INVESTIGACIÓN,NO CUENTA CON CAUSA ESPECIFICA,2,1,0,1,1,1,0,0,0,1,0,2,0,2,44.5,39,50,0,0,0,0,0,0,NA,1,1,0,0,0,0,0,0,0,0,0,0,Sí,No,No,No
A-2024-03-78,2024-03-08,2024,3,Marzo,viernes,07:10,7,Mañana,No,CALLAO,CALLAO,VENTANILLA,URBANA,-11.8705249904349,-77.1276858994913,CHOQUE,1,0,1,No,No,CARRETERA,NACIONAL,PE-20,DESPEJADO,COMERCIAL,TRAMO RECTO,INCLINADA,ASFALTADA,EN PROCESO DE INVESTIGACIÓN,NO CUENTA CON CAUSA ESPECIFICA,3,1,0,2,2,1,0,0,0,1,0,2,1,3,39,35,46,0,0,0,0,0,0,NA,2,1,0,0,1,0,0,1,0,0,0,0,Sí,No,Sí,No
A-2024-03-115,2024-03-08,2024,3,Marzo,viernes,09:00,9,Mañana,No,LIMA,LIMA,SAN JUAN DE LURIGANCHO,URBANA,-12.01120456509693,-77.01416593426782,ATROPELLO,1,0,1,No,No,AVENIDA,URBANO,NO CORRESPONDE,DESPEJADO,RESIDENCIAL,TRAMO RECTO,PLANA,ASFALTADA,IMPRUDENCIA DEL PEATÓN,CRUCE INDEBIDO POR LA CALZADA,2,1,0,1,1,0,1,0,0,0,1,1,1,2,51,44,58,0,0,0,0,0,0,NA,1,1,0,0,0,0,0,0,0,0,0,0,Sí,No,No,No
A-2024-03-116,2024-03-09,2024,3,Marzo,sábado,03:30,3,Madrugada,Sí,LIMA,LIMA,VILLA EL SALVADOR,URBANA,-12.193116298570459,-76.96481013918248,ATROPELLO FUGA,1,0,1,No,No,AVENIDA,URBANO,NO CORRESPONDE,DESPEJADO,COMERCIAL,INTERSECCIÓN,PLANA,ASFALTADA,EN PROCESO DE INVESTIGACIÓN,NO CUENTA CON CAUSA ESPECIFICA,2,1,0,0,1,0,1,0,0,0,1,1,0,1,48,48,48,0,0,0,0,0,0,NA,1,0,0,0,0,0,1,0,0,0,0,1,No,No,No,Sí
A-2024-03-117,2024-03-10,2024,3,Marzo,domingo,20:10,20,Noche,Sí,LIMA,LIMA,SANTA ANITA,URBANA,-12.04702210612724,-76.97387310749917,ATROPELLO,1,0,1,No,No,CALLE,URBANO,NO CORRESPONDE,DESPEJADO,RESIDENCIAL,INTERSECCIÓN,PLANA,ASFALTADA,IMPRUDENCIA DEL PEATÓN,CRUCE INDEBIDO POR LA CALZADA,2,1,0,1,1,0,1,0,0,0,1,1,1,2,42,27,57,0,0,0,0,0,0,NA,1,1,0,0,0,0,0,0,0,1,0,0,Sí,No,No,No
A-2024-03-118,2024-03-11,2024,3,Marzo,lunes,21:10,21,Noche,No,LIMA,LIMA,RIMAC,URBANA,-12.014924334852049,-77.05189610488354,ATROPELLO,2,0,2,No,Sí,AVENIDA,URBANO,NO CORRESPONDE,DESPEJADO,COMERCIAL,INTERSECCIÓN,PLANA,ASFALTADA,IMPRUDENCIA DEL CONDUCTOR,EXCESO DE VELOCIDAD,3,2,0,1,1,0,2,0,0,0,2,1,2,3,23.666666666666668,16,38,2,0,0,1,0,0,NA,1,0,1,0,0,0,0,0,0,0,0,0,No,No,No,No
A-2024-03-119,2024-03-12,2024,3,Marzo,martes,03:30,3,Madrugada,No,LIMA,LIMA,ANCON,RURAL,-11.727196,-77.144874,ATROPELLO,1,0,1,No,No,CARRETERA,NACIONAL,PE-1N,DESPEJADO,RURAL,TRAMO RECTO,PLANA,ASFALTADA,EN PROCESO DE INVESTIGACIÓN,NO CUENTA CON CAUSA ESPECIFICA,2,1,0,1,1,0,1,0,0,0,1,2,0,1,28,28,28,0,0,0,0,0,0,NA,1,0,1,0,0,0,0,0,0,0,0,0,No,No,No,No
A-2024-03-130,2024-03-12,2024,3,Marzo,martes,07:00,7,Mañana,No,LIMA,LIMA,LURIN,URBANA,-12.228754228154024,-76.89342716346955,CHOQUE,1,0,1,No,No,CALLE,URBANO,NO CORRESPONDE,DESPEJADO,COMERCIAL,INTERSECCIÓN,PLANA,ASFALTADA,EN PROCESO DE INVESTIGACIÓN,NO CUENTA CON CAUSA ESPECIFICA,2,1,0,1,2,0,0,0,1,0,0,2,0,2,47,43,51,0,0,0,0,0,0,NA,2,1,0,0,1,0,0,1,0,0,0,0,Sí,No,Sí,No
A-2024-03-131,2024-03-12,2024,3,Marzo,martes,07:30,7,Mañana,No,LIMA,LIMA,PUEBLO LIBRE,URBANA,-12.075697574701481,-77.06360663738873,CHOQUE,1,2,3,Sí,No,AVENIDA,URBANO,NO CORRESPONDE,DESPEJADO,COMERCIAL,INTERSECCIÓN,PLANA,ASFALTADA,IMPRUDENCIA DEL CONDUCTOR,FATIGA Y/O CANSANCIO,5,1,2,2,4,1,0,0,1,0,0,3,2,5,25.4,10,42,1,0,0,1,0,0,NA,4,1,2,0,0,1,0,1,0,0,0,0,Sí,No,Sí,No
A-2024-03-120,2024-03-13,2024,3,Marzo,miércoles,15:25,15,Tarde,No,LIMA,LIMA,LOS OLIVOS,URBANA,-11.976024501279866,-77.06038030358486,ATROPELLO,1,0,1,No,No,AVENIDA,URBANO,NO CORRESPONDE,DESPEJADO,COMERCIAL,TRAMO RECTO,PLANA,ASFALTADA,EN PROCESO DE INVESTIGACIÓN,NO CUENTA CON CAUSA ESPECIFICA,2,1,0,1,1,0,1,0,0,0,1,1,1,2,49,36,62,0,1,0,0,0,0,NA,1,0,0,1,0,0,0,0,0,0,0,0,No,Sí,No,No
A-2024-03-132,2024-03-14,2024,3,Marzo,jueves,09:30,9,Mañana,No,LIMA,LIMA,LURIGANCHO,RURAL,-11.9962833405,-76.9133625397,DESPISTE,1,0,1,No,No,AVENIDA,URBANO,NO CORRESPONDE,DESPEJADO,RURAL,TRAMO RECTO,PLANA,ASFALTADA,IMPRUDENCIA DEL CONDUCTOR,GIRAR IMPRUDENTEMENTE,1,1,0,0,1,0,0,0,1,0,0,1,0,1,61,61,61,0,1,1,1,0,0,NA,1,0,0,1,0,0,0,0,0,0,0,0,No,Sí,No,No
A-2024-03-134,2024-03-14,2024,3,Marzo,jueves,22:40,22,Noche,No,LIMA,LIMA,ANCON,URBANA,-11.766331,-77.158654,CHOQUE,1,3,4,Sí,No,CARRETERA,NACIONAL,PE-1N,DESPEJADO,INDUSTRIAL,TRAMO RECTO,PLANA,ASFALTADA,IMPRUDENCIA DEL CONDUCTOR,INVASIÓN DE CARRIL,6,1,3,2,2,4,0,0,0,1,0,5,1,6,33.166666666666664,17,41,1,0,0,0,0,0,NA,2,0,1,1,0,0,0,0,0,0,0,0,No,Sí,No,No
A-2024-03-121,2024-03-15,2024,3,Marzo,viernes,22:55,22,Noche,No,LIMA,LIMA,SAN MARTIN DE PORRES,URBANA,-11.98993572333433,-77.1065006007696,ATROPELLO,1,0,1,No,No,AVENIDA,URBANO,NO CORRESPONDE,DESPEJADO,COMERCIAL,TRAMO RECTO,PLANA,ASFALTADA,IMPRUDENCIA DEL PEATÓN,ESTADO DE EBRIEDAD Y/O DROGADICCIÓN,2,1,0,1,1,0,1,0,0,0,1,2,0,2,43.5,31,56,0,0,0,0,0,0,NA,1,0,1,0,0,0,0,0,0,0,0,0,No,No,No,No
A-2024-03-122,2024-03-17,2024,3,Marzo,domingo,10:50,10,Mañana,Sí,LIMA,LIMA,VILLA EL SALVADOR,URBANA,-12.235893614367797,-76.91603828356973,ATROPELLO,1,0,1,No,No,AVENIDA,URBANO,NO CORRESPONDE,DESPEJADO,COMERCIAL,INTERSECCIÓN,PLANA,ASFALTADA,EN PROCESO DE INVESTIGACIÓN,NO CUENTA CON CAUSA ESPECIFICA,2,1,0,1,1,0,1,0,0,0,1,2,0,2,28,2,54,1,0,1,1,0,0,NA,1,0,1,0,0,0,0,0,0,0,0,0,No,No,No,No
A-2024-03-137,2024-03-17,2024,3,Marzo,domingo,14:20,14,Tarde,Sí,LIMA,LIMA,SAN JUAN DE LURIGANCHO,URBANA,-12.0202483773,-77.0051237513,CHOQUE,1,1,2,Sí,No,AVENIDA,URBANO,NO CORRESPONDE,DESPEJADO,RESIDENCIAL,TRAMO RECTO,PLANA,ASFALTADA,IMPRUDENCIA DEL CONDUCTOR,NO ESTABLECER EL DERECHO DE PASO,3,1,1,1,2,1,0,0,1,0,0,1,2,3,25.333333333333332,23,28,0,0,0,0,0,0,NA,2,1,1,0,0,0,0,0,0,0,0,0,Sí,No,No,No
A-2024-03-133,2024-03-18,2024,3,Marzo,lunes,08:10,8,Mañana,No,LIMA,LIMA,LURIGANCHO,RURAL,-11.978838405007334,-76.92725795920653,DESPISTE,1,0,1,No,No,AVENIDA,URBANO,NO CORRESPONDE,DESPEJADO,RURAL,TRAMO RECTO,PLANA,ASFALTADA,IMPRUDENCIA DEL CONDUCTOR,CONDUCIR EN ESTADO DE EBRIEDAD Y/O DROGADICCIÓN,1,1,0,0,1,0,0,0,1,0,0,1,0,1,26,26,26,0,0,1,1,0,0,NA,1,1,0,0,0,0,0,0,0,0,0,0,Sí,No,No,No
A-2024-03-135,2024-03-18,2024,3,Marzo,lunes,10:50,10,Mañana,No,LIMA,LIMA,SAN JUAN DE MIRAFLORES,URBANA,-12.162988322400885,-76.96899721644822,VOLCADURA,1,0,1,No,No,AVENIDA,URBANO,NO CORRESPONDE,DESPEJADO,RESIDENCIAL,INTERSECCIÓN,PLANA,ASFALTADA,EN PROCESO DE INVESTIGACIÓN,NO CUENTA CON CAUSA ESPECIFICA,1,1,0,0,1,0,0,0,1,0,0,1,0,1,24,24,24,0,0,1,1,0,0,NA,1,1,0,0,0,0,0,0,0,0,0,0,Sí,No,No,No
A-2024-03-136,2024-03-18,2024,3,Marzo,lunes,12:10,12,Tarde,No,LIMA,LIMA,COMAS,URBANA,-11.93007133823279,-77.06953497903264,DESPISTE,1,0,1,No,No,AVENIDA,URBANO,NO CORRESPONDE,DESPEJADO,RESIDENCIAL,INTERSECCIÓN,PLANA,ASFALTADA,IMPRUDENCIA DEL CONDUCTOR,NO ESTABLECER EL DERECHO DE PASO,2,1,0,1,2,0,0,0,1,0,0,2,0,2,26.5,20,33,0,0,1,1,0,0,NA,2,1,0,1,0,0,0,0,0,0,0,0,Sí,Sí,No,No
A-2024-03-123,2024-03-22,2024,3,Marzo,viernes,01:45,1,Madrugada,No,LIMA,LIMA,LIMA,URBANA,-12.044728666670592,-77.01944000360743,ATROPELLO FUGA,1,0,1,No,No,AVENIDA,URBANO,NO CORRESPONDE,DESPEJADO,COMERCIAL,INTERSECCIÓN,PLANA,ASFALTADA,EN PROCESO DE INVESTIGACIÓN,NO CUENTA CON CAUSA ESPECIFICA,2,1,0,0,1,0,1,0,0,0,1,1,0,1,65,65,65,0,1,0,0,0,0,NA,1,0,0,0,0,0,1,0,0,0,0,1,No,No,No,Sí
A-2024-03-139,2024-03-23,2024,3,Marzo,sábado,01:40,1,Madrugada,Sí,LIMA,LIMA,LINCE,URBANA,-12.079679335081144,-77.0278352483514,DESPISTE,1,0,1,No,No,VIA EXPRESA,URBANO,NO CORRESPONDE,DESPEJADO,COMERCIAL,TRAMO RECTO,PLANA,ASFALTADA,IMPRUDENCIA DEL CONDUCTOR,EXCESO DE VELOCIDAD,1,1,0,0,1,0,0,0,1,0,0,1,0,1,29,29,29,0,0,0,0,0,0,NA,1,0,1,0,0,0,0,0,0,0,0,0,No,No,No,No
A-2024-03-124,2024-03-23,2024,3,Marzo,sábado,20:30,20,Noche,Sí,LIMA,LIMA,PUENTE PIEDRA,URBANA,-11.839902439475097,-77.11323842805432,ATROPELLO,1,0,1,No,No,AVENIDA,URBANO,NO CORRESPONDE,DESPEJADO,COMERCIAL,TRAMO RECTO,PLANA,ASFALTADA,EN PROCESO DE INVESTIGACIÓN,NO CUENTA CON CAUSA ESPECIFICA,2,1,0,1,1,0,1,0,0,0,1,1,1,1,35,35,35,0,0,1,1,0,0,NA,1,0,0,0,1,0,0,1,0,0,0,0,No,No,Sí,No
A-2024-03-140,2024-03-24,2024,3,Marzo,domingo,05:30,5,Madrugada,Sí,LIMA,LIMA,SAN JUAN DE LURIGANCHO,URBANA,-12.013773512009433,-77.01176489019718,CHOQUE,1,0,1,No,No,AVENIDA,URBANO,NO CORRESPONDE,DESPEJADO,RESIDENCIAL,TRAMO RECTO,PLANA,ASFALTADA,IMPRUDENCIA DEL CONDUCTOR,CONDUCIR EN ESTADO DE EBRIEDAD Y/O DROGADICCIÓN,3,1,0,2,2,1,0,0,0,1,0,2,1,3,23.333333333333332,21,28,0,0,0,1,0,0,NA,2,1,1,0,0,0,0,0,0,0,0,0,Sí,No,No,No
A-2024-03-141,2024-03-25,2024,3,Marzo,lunes,01:30,1,Madrugada,No,LIMA,LIMA,INDEPENDENCIA,URBANA,-11.986382,-77.064734,VOLCADURA,1,0,1,No,No,CARRETERA,NACIONAL,PE-1N,DESPEJADO,COMERCIAL,TRAMO RECTO,PLANA,ASFALTADA,IMPRUDENCIA DEL CONDUCTOR,CONDUCIR EN ESTADO DE EBRIEDAD Y/O DROGADICCIÓN,2,1,0,1,1,1,0,0,0,1,0,2,0,2,37.5,36,39,0,0,0,0,0,0,NA,1,1,0,0,0,0,0,0,0,0,0,0,Sí,No,No,No
A-2024-03-99,2024-03-25,2024,3,Marzo,lunes,08:40,8,Mañana,No,LIMA,LIMA,SANTIAGO DE SURCO,URBANA,-12.128816477649847,-77.00238000955726,CHOQUE,1,0,1,No,No,AVENIDA,URBANO,NO CORRESPONDE,DESPEJADO,COMERCIAL,TRAMO RECTO,PLANA,ASFALTADA,IMPRUDENCIA DEL CONDUCTOR,OTRO (IMPRUDENCIA DEL CONDUCTOR),2,1,0,1,2,0,0,0,1,0,0,2,0,2,55.5,35,76,0,1,0,0,0,0,NA,2,0,0,0,1,1,0,1,0,0,0,0,No,No,Sí,No
A-2024-03-142,2024-03-26,2024,3,Marzo,martes,14:00,14,Tarde,No,LIMA,LIMA,BARRANCO,URBANA,-12.151154711900746,-77.02222259254,CHOQUE,1,0,1,No,No,AVENIDA,URBANO,NO CORRESPONDE,DESPEJADO,COMERCIAL,INTERSECCIÓN,PLANA,ASFALTADA,IMPRUDENCIA DEL CONDUCTOR,DESACATO DE SEÑAL DE TRÁNSITO,2,1,0,1,2,0,0,0,1,0,0,2,0,2,46,24,68,0,1,1,1,0,0,NA,2,1,1,0,0,0,0,0,0,0,0,0,Sí,No,No,No
A-2024-03-143,2024-03-29,2024,3,Marzo,viernes,05:00,5,Madrugada,No,LIMA,LIMA,RIMAC,URBANA,-12.03759524285303,-77.0130790931527,DESPISTE,1,0,1,No,No,CARRETERA,NACIONAL,PE-1N,DESPEJADO,INDUSTRIAL,TRAMO RECTO,PLANA,ASFALTADA,IMPRUDENCIA DEL CONDUCTOR,CONDUCIR EN ESTADO DE EBRIEDAD Y/O DROGADICCIÓN,1,1,0,0,1,0,0,0,1,0,0,1,0,1,24,24,24,0,0,0,0,0,0,NA,1,1,0,0,0,0,0,0,0,0,0,0,Sí,No,No,No
A-2024-03-100,2024-03-30,2024,3,Marzo,sábado,06:10,6,Mañana,Sí,LIMA,LIMA,LIMA,URBANA,-12.05131263585747,-77.0664524523711,VOLCADURA,1,0,1,No,No,JIRÓN,URBANO,NO CORRESPONDE,DESPEJADO,RESIDENCIAL,CURVA,PLANA,ASFALTADA,IMPRUDENCIA DEL CONDUCTOR,CONDUCIR EN ESTADO DE EBRIEDAD Y/O DROGADICCIÓN,1,1,0,0,1,0,0,0,1,0,0,0,1,1,28,28,28,0,0,0,0,0,0,NA,1,0,0,0,0,1,0,0,0,0,0,0,No,No,No,No
A-2024-03-125,2024-03-30,2024,3,Marzo,sábado,06:25,6,Mañana,Sí,LIMA,LIMA,CARABAYLLO,URBANA,-11.860208939125888,-77.00614312897999,ATROPELLO,1,0,1,No,No,AVENIDA,URBANO,NO CORRESPONDE,DESPEJADO,COMERCIAL,TRAMO RECTO,PLANA,ASFALTADA,IMPRUDENCIA DEL PEATÓN,CRUCE INDEBIDO POR LA CALZADA,2,1,0,1,1,0,1,0,0,0,1,1,1,2,66.5,58,75,0,1,0,0,0,0,NA,1,0,0,0,1,0,0,1,0,1,0,0,No,No,Sí,No
A-2024-04-107,2024-04-01,2024,4,Abril,lunes,06:20,6,Mañana,No,LIMA,LIMA,SAN JUAN DE LURIGANCHO,URBANA,-11.97249386041031,-77.00410772384268,CHOQUE CON OBJETO FIJO,1,0,1,No,No,AVENIDA,URBANO,NO CORRESPONDE,DESPEJADO,COMERCIAL,TRAMO RECTO,PLANA,ASFALTADA,EN PROCESO DE INVESTIGACIÓN,NO CUENTA CON CAUSA ESPECIFICA,1,1,0,0,1,0,0,0,1,0,0,1,0,1,32,32,32,0,0,0,0,0,0,NA,1,1,0,0,0,0,0,0,0,0,0,0,Sí,No,No,No
A-2024-04-108,2024-04-01,2024,4,Abril,lunes,14:20,14,Tarde,No,LIMA,LIMA,SAN JUAN DE LURIGANCHO,URBANA,-11.970444409004696,-77.00068071299575,DESPISTE,1,0,1,No,No,CALLE,URBANO,NO CORRESPONDE,DESPEJADO,RESIDENCIAL,TRAMO RECTO,PLANA,ASFALTADA,IMPRUDENCIA DEL CONDUCTOR,GIRAR IMPRUDENTEMENTE,1,1,0,0,1,0,0,0,1,0,0,1,0,1,32,32,32,0,0,1,1,0,0,NA,1,1,0,0,0,0,0,0,0,0,0,0,Sí,No,No,No
A-2024-04-95,2024-04-01,2024,4,Abril,lunes,19:00,19,Noche,No,LIMA,LIMA,PUNTA NEGRA,URBANA,-12.365017715910403,-76.79093862427143,ATROPELLO FUGA,1,0,1,No,No,CARRETERA,NACIONAL,PE-1S,DESPEJADO,INDUSTRIAL,TRAMO RECTO,PLANA,ASFALTADA,EN PROCESO DE INVESTIGACIÓN,NO CUENTA CON CAUSA ESPECIFICA,2,1,0,0,1,0,1,0,0,0,1,1,0,0,NA,NA,NA,NA,NA,0,0,0,0,NA,1,0,0,0,0,0,1,0,0,0,0,1,No,No,No,Sí
A-2024-04-96,2024-04-01,2024,4,Abril,lunes,20:00,20,Noche,No,LIMA,LIMA,LURIN,URBANA,-12.244931239003275,-76.89775135446929,ATROPELLO,1,0,1,No,No,AVENIDA,URBANO,NO CORRESPONDE,DESPEJADO,RESIDENCIAL,TRAMO RECTO,PLANA,ASFALTADA,EN PROCESO DE INVESTIGACIÓN,NO CUENTA CON CAUSA ESPECIFICA,2,1,0,1,1,0,1,0,0,0,1,2,0,2,19.5,4,35,1,0,0,1,0,0,NA,1,0,1,0,0,0,0,1,0,0,0,0,No,No,Sí,No
A-2024-04-79,2024-04-02,2024,4,Abril,martes,07:05,7,Mañana,No,LIMA,LIMA,SANTIAGO DE SURCO,URBANA,-12.142915299425834,-76.99040679746041,CHOQUE,1,0,1,No,No,AVENIDA,URBANO,NO CORRESPONDE,DESPEJADO,COMERCIAL,TRAMO RECTO,PLANA,ASFALTADA,IMPRUDENCIA DEL CONDUCTOR,ADELANTAR INDEBIDAMENTE,2,1,0,1,2,0,0,0,1,0,0,2,0,2,45.5,19,72,0,1,0,0,0,0,NA,2,0,1,0,0,1,0,0,0,0,0,0,No,No,No,No
A-2024-04-109,2024-04-02,2024,4,Abril,martes,10:20,10,Mañana,No,LIMA,LIMA,COMAS,URBANA,-11.939643263098914,-77.06750795851691,ATROPELLO,1,0,1,No,No,AVENIDA,URBANO,NO CORRESPONDE,DESPEJADO,COMERCIAL,TRAMO RECTO,PLANA,ASFALTADA,EN PROCESO DE INVESTIGACIÓN,NO CUENTA CON CAUSA ESPECIFICA,2,1,0,1,1,0,1,0,0,0,1,1,1,2,49,35,63,0,1,0,0,0,0,NA,1,0,0,0,1,0,0,1,0,0,0,0,No,No,Sí,No
A-2024-04-110,2024-04-02,2024,4,Abril,martes,16:00,16,Tarde,No,LIMA,LIMA,EL AGUSTINO,URBANA,-12.039572267880349,-76.9880879427569,CHOQUE,1,1,2,Sí,No,AVENIDA,URBANO,NO CORRESPONDE,DESPEJADO,COMERCIAL,PASE A DESNIVEL,INCLINADA,ASFALTADA,IMPRUDENCIA DEL CONDUCTOR,GIRAR IMPRUDENTEMENTE,3,1,1,1,2,1,0,0,1,0,0,2,1,3,47,45,49,0,0,1,1,0,0,NA,2,1,0,1,0,0,0,0,0,0,0,0,Sí,Sí,No,No
A-2024-04-106,2024-04-03,2024,4,Abril,miércoles,20:30,20,Noche,No,LIMA,LIMA,SAN MIGUEL,URBANA,-12.083088684434156,-77.10415089750616,CHOQUE,2,2,4,Sí,Sí,AVENIDA,URBANO,NO CORRESPONDE,DESPEJADO,COMERCIAL,TRAMO RECTO,PLANA,ASFALTADA,IMPRUDENCIA DEL CONDUCTOR,CONDUCIR EN ESTADO DE EBRIEDAD Y/O DROGADICCIÓN,5,2,2,1,2,3,0,0,1,1,0,3,2,5,35.2,14,53,1,0,0,1,0,0,NA,2,0,2,0,0,0,0,0,0,0,0,0,No,No,No,No
A-2024-04-97,2024-04-04,2024,4,Abril,jueves,04:30,4,Madrugada,No,LIMA,LIMA,PUCUSANA,URBANA,-12.458707,-76.753204,ATROPELLO,1,0,1,No,No,CARRETERA,NACIONAL,PE-1S,DESPEJADO,INDUSTRIAL,TRAMO RECTO,PLANA,ASFALTADA,EN PROCESO DE INVESTIGACIÓN,NO CUENTA CON CAUSA ESPECIFICA,2,1,0,1,1,0,1,0,0,0,1,2,0,2,46.5,34,59,0,0,0,0,0,0,NA,1,0,0,0,1,0,0,1,0,0,0,0,No,No,Sí,No
A-2024-04-111,2024-04-05,2024,4,Abril,viernes,16:15,16,Tarde,No,LIMA,LIMA,SANTA ANITA,URBANA,-12.03806793687904,-76.94046611660572,CHOQUE,1,0,1,No,No,AVENIDA,URBANO,NO CORRESPONDE,DESPEJADO,INDUSTRIAL,TRAMO RECTO,PLANA,ASFALTADA,IMPRUDENCIA DEL CONDUCTOR,CONDUCIR EN ESTADO DE EBRIEDAD Y/O DROGADICCIÓN,3,1,0,2,3,0,0,0,1,0,0,3,0,3,27,25,30,0,0,1,1,0,0,NA,3,2,0,1,0,0,0,0,0,0,0,0,Sí,Sí,No,No
A-2024-04-67,2024-04-05,2024,4,Abril,viernes,18:00,18,Noche,No,CALLAO,CALLAO,LA PERLA,URBANA,-12.0667557378516,-77.1120735740057,CHOQUE,1,0,1,No,No,CALLE,URBANO,NO CORRESPONDE,DESPEJADO,COMERCIAL,TRAMO RECTO,PLANA,ASFALTADA,IMPRUDENCIA DEL CONDUCTOR,CONDUCIR EN ESTADO DE EBRIEDAD Y/O DROGADICCIÓN,2,1,0,1,2,0,0,0,1,0,0,2,0,2,39,28,50,0,0,1,1,2,1,Sí,2,1,1,0,0,0,0,0,0,0,0,0,Sí,No,No,No
A-2024-04-98,2024-04-05,2024,4,Abril,viernes,18:23,18,Noche,No,LIMA,LIMA,RIMAC,URBANA,-12.031948637387734,-77.02786578112412,ATROPELLO,1,0,1,No,No,AVENIDA,URBANO,NO CORRESPONDE,DESPEJADO,RESIDENCIAL,INTERSECCIÓN,PLANA,ASFALTADA,IMPRUDENCIA DEL PEATÓN,DESACATO DE SEÑAL DE TRÁNSITO,2,1,0,1,1,0,1,0,0,0,1,2,0,2,57,38,76,0,1,0,0,0,0,NA,1,0,0,0,1,0,0,1,0,0,0,0,No,No,Sí,No
A-2024-04-112,2024-04-08,2024,4,Abril,lunes,10:54,10,Mañana,No,LIMA,LIMA,PUENTE PIEDRA,URBANA,-11.848831718451335,-77.09444039299724,CHOQUE,1,0,1,No,No,CARRETERA,NACIONAL,PE-1N,DESPEJADO,COMERCIAL,TRAMO RECTO,PLANA,ASFALTADA,IMPRUDENCIA DEL CONDUCTOR,EXCESO DE VELOCIDAD,2,1,0,1,2,0,0,0,1,0,0,2,0,2,38,29,47,0,0,0,0,0,0,NA,2,1,0,1,0,0,0,0,0,0,0,0,Sí,Sí,No,No
A-2024-04-113,2024-04-09,2024,4,Abril,martes,21:44,21,Noche,No,LIMA,LIMA,MIRAFLORES,URBANA,-12.122250530006108,-77.0439749969983,CHOQUE,1,0,1,No,No,VIA EXPRESA,URBANO,NO CORRESPONDE,DESPEJADO,COMERCIAL,CURVA,PLANA,ASFALTADA,IMPRUDENCIA DEL CONDUCTOR,CONDUCIR EN ESTADO DE EBRIEDAD Y/O DROGADICCIÓN,5,1,0,2,5,0,0,0,1,0,0,5,0,2,44,35,53,0,0,1,1,0,0,NA,5,1,4,0,0,0,0,0,0,0,0,0,Sí,No,No,No
A-2024-04-114,2024-04-09,2024,4,Abril,martes,22:30,22,Noche,No,LIMA,LIMA,LOS OLIVOS,URBANA,-11.94824562049126,-77.0710703402811,VOLCADURA,1,0,1,No,No,AVENIDA,URBANO,NO CORRESPONDE,DESPEJADO,COMERCIAL,TRAMO RECTO,PLANA,ASFALTADA,IMPRUDENCIA DEL CONDUCTOR,OTRO (IMPRUDENCIA DEL CONDUCTOR),2,1,0,1,1,1,0,0,0,1,0,1,1,2,12,0,24,1,0,1,1,0,0,NA,1,1,0,0,0,0,0,0,0,0,0,0,Sí,No,No,No
A-2024-04-99,2024-04-14,2024,4,Abril,domingo,11:30,11,Mañana,Sí,LIMA,LIMA,SAN JUAN DE LURIGANCHO,URBANA,-11.9548333333,-76.9861111111,ATROPELLO FUGA,1,0,1,No,No,AVENIDA,URBANO,NO CORRESPONDE,DESPEJADO,COMERCIAL,TRAMO RECTO,PLANA,ASFALTADA,IMPRUDENCIA DEL PEATÓN,CRUCE INDEBIDO POR LA CALZADA,2,1,0,1,1,0,1,0,0,0,1,2,0,2,45.5,26,65,0,1,0,0,0,0,NA,1,0,1,0,0,0,0,0,0,0,0,0,No,No,No,No
A-2024-04-101,2024-04-21,2024,4,Abril,domingo,18:05,18,Noche,Sí,LIMA,LIMA,SAN MARTIN DE PORRES,URBANA,-11.976519228928089,-77.08377183913092,ATROPELLO FUGA,1,0,1,No,No,AVENIDA,URBANO,NO CORRESPONDE,DESPEJADO,COMERCIAL,TRAMO RECTO,PLANA,ASFALTADA,IMPRUDENCIA DEL CONDUCTOR,CONDUCIR EN SENTIDO CONTRARIO,2,1,0,1,1,0,1,0,0,0,1,1,1,2,53.5,36,71,0,1,0,1,0,0,NA,1,0,1,0,0,0,0,1,0,0,0,0,No,No,Sí,No
A-2024-04-115,2024-04-21,2024,4,Abril,domingo,19:00,19,Noche,Sí,LIMA,LIMA,VILLA EL SALVADOR,URBANA,-12.226505997900661,-76.94043678432458,CHOQUE,1,3,4,Sí,No,AVENIDA,URBANO,NO CORRESPONDE,DESPEJADO,COMERCIAL,TRAMO RECTO,PLANA,ASFALTADA,EN PROCESO DE INVESTIGACIÓN,NO CUENTA CON CAUSA ESPECIFICA,5,1,3,0,2,3,0,0,0,1,0,2,3,4,46.5,16,75,1,1,0,1,0,0,NA,2,1,1,0,0,0,0,0,0,2,0,0,Sí,No,No,No
A-2024-04-100,2024-04-21,2024,4,Abril,domingo,21:10,21,Noche,Sí,LIMA,LIMA,BREÑA,URBANA,-12.064863379930568,-77.0454855192586,ATROPELLO FUGA,1,1,2,Sí,No,AVENIDA,URBANO,NO CORRESPONDE,DESPEJADO,COMERCIAL,TRAMO RECTO,PLANA,ASFALTADA,IMPRUDENCIA DEL CONDUCTOR,CONDUCIR EN ESTADO DE EBRIEDAD Y/O DROGADICCIÓN,3,1,1,1,1,0,2,0,0,0,1,2,1,3,20.666666666666668,18,25,0,0,1,1,0,0,NA,1,0,0,0,1,0,0,1,0,0,0,0,No,No,Sí,No
A-2024-04-116,2024-04-22,2024,4,Abril,lunes,19:50,19,Noche,No,LIMA,LIMA,RIMAC,URBANA,-12.037170336910911,-77.04126374689972,CHOQUE,1,0,1,No,No,CARRETERA,NACIONAL,PE-1N,DESPEJADO,RESIDENCIAL,TRAMO RECTO,PLANA,ASFALTADA,IMPRUDENCIA DEL CONDUCTOR,ADELANTAR INDEBIDAMENTE,2,1,0,1,2,0,0,0,1,0,0,2,0,2,50,35,65,0,1,1,1,0,0,NA,2,1,0,1,0,0,0,0,0,0,0,0,Sí,Sí,No,No
A-2024-04-117,2024-04-23,2024,4,Abril,martes,15:00,15,Tarde,No,LIMA,LIMA,CIENEGUILLA,URBANA,-12.113285200247567,-76.81823912162102,CHOQUE,1,1,2,Sí,No,CARRETERA,DEPARTAMENTAL,LM-117,DESPEJADO,COMERCIAL,CURVA,INCLINADA,ASFALTADA,NEGLIGENCIA DEL CONDUCTOR,CONDUCIR CON FALLAS DE FRENOS,3,1,1,1,2,1,0,0,1,0,0,2,1,3,32,29,36,0,0,1,1,0,0,NA,2,1,1,0,0,0,0,1,0,2,0,0,Sí,No,Sí,No
A-2024-04-102,2024-04-24,2024,4,Abril,miércoles,03:00,3,Madrugada,No,LIMA,LIMA,ANCON,RURAL,-11.765279,-77.158419,ATROPELLO FUGA,1,0,1,No,No,CARRETERA,NACIONAL,PE-1N,DESPEJADO,INDUSTRIAL,TRAMO RECTO,PLANA,ASFALTADA,EN PROCESO DE INVESTIGACIÓN,NO CUENTA CON CAUSA ESPECIFICA,2,1,0,0,1,0,1,0,0,0,1,1,0,1,53,53,53,0,0,0,0,0,0,NA,1,0,0,0,0,0,1,0,0,0,0,1,No,No,No,Sí
A-2024-04-103,2024-04-26,2024,4,Abril,viernes,03:45,3,Madrugada,No,LIMA,LIMA,CIENEGUILLA,RURAL,-12.127737402842355,-76.82055597986353,ATROPELLO FUGA,1,0,1,No,No,AVENIDA,URBANO,NO CORRESPONDE,DESPEJADO,RESIDENCIAL,TRAMO RECTO,PLANA,ASFALTADA,EN PROCESO DE INVESTIGACIÓN,NO CUENTA CON CAUSA ESPECIFICA,2,1,0,0,1,0,1,0,0,0,1,1,0,1,40,40,40,0,0,0,0,0,0,NA,1,0,0,0,0,0,1,0,0,0,0,1,No,No,No,Sí
A-2024-04-118,2024-04-26,2024,4,Abril,viernes,07:00,7,Mañana,No,LIMA,LIMA,SAN BORJA,URBANA,-12.098801505990401,-76.9799278759139,DESPISTE,1,0,1,No,No,OTRO,URBANO,NO CORRESPONDE,DESPEJADO,RESIDENCIAL,PASE A DESNIVEL,INCLINADA,ASFALTADA,IMPRUDENCIA DEL CONDUCTOR,OTRO (IMPRUDENCIA DEL CONDUCTOR),1,1,0,0,1,0,0,0,1,0,0,1,0,1,25,25,25,0,0,0,0,0,0,NA,1,1,0,0,0,0,0,0,0,0,0,0,Sí,No,No,No
A-2024-04-104,2024-04-28,2024,4,Abril,domingo,00:30,0,Madrugada,Sí,LIMA,LIMA,EL AGUSTINO,URBANA,-12.03017167933347,-77.00051345359965,ATROPELLO FUGA,1,0,1,No,No,CARRETERA,NACIONAL,PE-1N,DESPEJADO,COMERCIAL,TRAMO RECTO,PLANA,ASFALTADA,EN PROCESO DE INVESTIGACIÓN,NO CUENTA CON CAUSA ESPECIFICA,2,1,0,0,1,0,1,0,0,0,1,1,0,1,28,28,28,0,0,0,0,0,0,NA,1,0,0,0,0,0,1,0,0,0,0,1,No,No,No,Sí
A-2024-04-119,2024-04-28,2024,4,Abril,domingo,03:50,3,Madrugada,Sí,LIMA,LIMA,PUNTA NEGRA,RURAL,-12.373978582457598,-76.78193583566612,CHOQUE,1,1,2,Sí,No,CARRETERA,NACIONAL,PE-1S,DESPEJADO,RURAL,TRAMO RECTO,INCLINADA,ASFALTADA,EN PROCESO DE INVESTIGACIÓN,NO CUENTA CON CAUSA ESPECIFICA,3,1,1,1,2,1,0,0,0,1,0,2,1,3,33,29,39,0,0,0,0,0,0,NA,2,0,1,1,0,0,0,0,0,0,0,0,No,Sí,No,No
A-2024-04-120,2024-04-28,2024,4,Abril,domingo,06:00,6,Mañana,Sí,LIMA,LIMA,LA MOLINA,URBANA,-12.082743412592245,-76.96919658779292,DESPISTE,1,0,1,No,No,OTRO,URBANO,NO CORRESPONDE,DESPEJADO,COMERCIAL,PASE A DESNIVEL,INCLINADA,ASFALTADA,IMPRUDENCIA DEL CONDUCTOR,CONDUCIR EN ESTADO DE EBRIEDAD Y/O DROGADICCIÓN,1,1,0,0,1,0,0,0,1,0,0,1,0,1,48,48,48,0,0,0,0,0,0,NA,1,1,0,0,0,0,0,0,0,1,0,0,Sí,No,No,No
A-2024-04-121,2024-04-29,2024,4,Abril,lunes,11:30,11,Mañana,No,LIMA,LIMA,BREÑA,URBANA,-12.061689415754488,-77.0527911158919,ESPECIAL,1,1,2,Sí,No,JIRÓN,URBANO,NO CORRESPONDE,DESPEJADO,ESCOLAR,INTERSECCIÓN,PLANA,ASFALTADA,IMPRUDENCIA DEL CONDUCTOR,OTRO (IMPRUDENCIA DEL CONDUCTOR),2,1,1,0,1,0,0,1,0,0,0,2,0,2,68,68,68,0,2,0,0,0,0,NA,1,0,0,1,0,0,0,0,0,0,0,0,No,Sí,No,No
A-2024-04-105,2024-04-30,2024,4,Abril,martes,06:10,6,Mañana,No,LIMA,LIMA,SAN LUIS,URBANA,-12.072586132798852,-76.99293356359962,ATROPELLO,1,0,1,No,No,AVENIDA,URBANO,NO CORRESPONDE,DESPEJADO,COMERCIAL,INTERSECCIÓN,PLANA,ASFALTADA,IMPRUDENCIA DEL PEATÓN,CRUCE INDEBIDO POR LA CALZADA,2,1,0,1,1,0,1,0,0,0,1,2,0,2,64,47,81,0,1,0,0,0,0,NA,1,0,0,0,1,0,0,0,0,0,0,0,No,No,No,No
A-2024-05-138,2024-05-01,2024,5,Mayo,miércoles,06:00,6,Mañana,No,LIMA,LIMA,LURIN,URBANA,-12.284074845730725,-76.86350874082176,DESPISTE,1,0,1,No,No,AVENIDA,URBANO,NO CORRESPONDE,DESPEJADO,RESIDENCIAL,TRAMO RECTO,PLANA,ASFALTADA,EN PROCESO DE INVESTIGACIÓN,NO CUENTA CON CAUSA ESPECIFICA,1,1,0,0,1,0,0,0,1,0,0,1,0,1,34,34,34,0,0,1,1,0,0,NA,1,0,1,0,0,0,0,0,0,0,0,0,No,No,No,No
A-2024-05-119,2024-05-01,2024,5,Mayo,miércoles,11:30,11,Mañana,No,LIMA,LIMA,LOS OLIVOS,URBANA,-11.930494754097852,-77.07249372671109,ATROPELLO,1,0,1,No,No,CARRETERA,NACIONAL,PE-1N,DESPEJADO,COMERCIAL,INTERSECCIÓN,PLANA,ASFALTADA,IMPRUDENCIA DEL PEATÓN,CRUCE INDEBIDO POR LA CALZADA,2,1,0,1,1,0,1,0,0,0,1,1,1,2,27.5,1,54,1,0,1,1,0,0,NA,1,0,1,0,0,0,0,0,0,0,0,0,No,No,No,No
A-2024-05-57,2024-05-01,2024,5,Mayo,miércoles,18:15,18,Noche,No,CALLAO,CALLAO,VENTANILLA,URBANA,-11.8352697,-77.163536617,CHOQUE,1,1,2,Sí,No,AVENIDA,URBANO,NO CORRESPONDE,DESPEJADO,RESIDENCIAL,TRAMO RECTO,INCLINADA,AFIRMADO,NEGLIGENCIA DEL CONDUCTOR,OTRO (NEGLIGENCIA DEL CONDUCTOR),4,1,1,1,2,0,1,0,0,0,1,2,1,2,49,47,51,0,0,0,0,0,0,NA,3,0,2,0,1,0,0,1,0,3,0,0,No,No,Sí,No
A-2024-05-120,2024-05-02,2024,5,Mayo,jueves,06:00,6,Mañana,No,LIMA,LIMA,VILLA EL SALVADOR,URBANA,-12.210591929870656,-76.95533548680481,ATROPELLO,1,0,1,No,No,AVENIDA,URBANO,NO CORRESPONDE,DESPEJADO,RESIDENCIAL,INTERSECCIÓN,PLANA,ASFALTADA,EN PROCESO DE INVESTIGACIÓN,NO CUENTA CON CAUSA ESPECIFICA,2,1,0,1,1,0,1,0,0,0,1,2,0,2,40.5,39,42,0,0,1,1,0,0,NA,1,1,0,0,0,0,0,0,0,1,0,0,Sí,No,No,No
A-2024-05-139,2024-05-02,2024,5,Mayo,jueves,06:30,6,Mañana,No,LIMA,LIMA,PUEBLO LIBRE,URBANA,-12.072136199104515,-77.0782893308353,DESPISTE,1,0,1,No,No,AVENIDA,URBANO,NO CORRESPONDE,DESPEJADO,COMERCIAL,SINUOSA,PLANA,ASFALTADA,IMPRUDENCIA DEL CONDUCTOR,CONDUCIR EN ESTADO DE EBRIEDAD Y/O DROGADICCIÓN,1,1,0,0,1,0,0,0,1,0,0,1,0,1,22,22,22,0,0,0,0,0,0,NA,1,1,0,0,0,0,0,0,0,1,0,0,Sí,No,No,No
A-2024-05-121,2024-05-02,2024,5,Mayo,jueves,07:50,7,Mañana,No,LIMA,LIMA,SAN BORJA,URBANA,-12.092293,-76.980857,CHOQUE,1,33,34,Sí,No,CARRETERA,NACIONAL,PE-1S,DESPEJADO,COMERCIAL,TRAMO RECTO,PLANA,ASFALTADA,IMPRUDENCIA DEL CONDUCTOR,INVASIÓN DE CARRIL,36,1,33,2,2,33,1,0,0,0,1,2,1,3,45,29,53,0,0,0,0,0,0,NA,2,0,1,0,1,0,0,2,0,0,0,0,No,No,Sí,No
A-2024-05-122,2024-05-02,2024,5,Mayo,jueves,21:20,21,Noche,No,LIMA,LIMA,PUNTA NEGRA,URBANA,-12.371777203611959,-76.78410972011952,ATROPELLO,1,0,1,No,No,CARRETERA,NACIONAL,PE-1S,DESPEJADO,INDUSTRIAL,TRAMO RECTO,PLANA,ASFALTADA,EN PROCESO DE INVESTIGACIÓN,NO CUENTA CON CAUSA ESPECIFICA,2,1,0,1,1,0,1,0,0,0,1,2,0,2,33,33,33,0,0,0,0,0,0,NA,1,0,0,1,0,0,0,0,0,0,0,0,No,Sí,No,No
A-2024-05-140,2024-05-05,2024,5,Mayo,domingo,07:00,7,Mañana,Sí,LIMA,LIMA,RIMAC,URBANA,-12.04092762705622,-77.03359750530842,CHOQUE,1,0,1,No,No,CARRETERA,NACIONAL,PE-1N,DESPEJADO,COMERCIAL,TRAMO RECTO,PLANA,ASFALTADA,EN PROCESO DE INVESTIGACIÓN,NO CUENTA CON CAUSA ESPECIFICA,3,1,0,2,2,1,0,0,0,1,0,2,1,2,21,21,21,0,0,0,0,0,0,NA,2,1,1,0,0,0,0,0,0,0,0,0,Sí,No,No,No
A-2024-05-124,2024-05-06,2024,5,Mayo,lunes,21:30,21,Noche,No,LIMA,LIMA,COMAS,URBANA,-11.921251787818987,-77.04196330816289,ATROPELLO,1,0,1,No,No,AVENIDA,URBANO,NO CORRESPONDE,DESPEJADO,COMERCIAL,TRAMO RECTO,PLANA,ASFALTADA,EN PROCESO DE INVESTIGACIÓN,NO CUENTA CON CAUSA ESPECIFICA,2,1,0,1,1,0,1,0,0,0,1,2,0,2,58,57,59,0,0,0,0,0,0,NA,1,0,1,0,0,0,0,1,0,0,0,0,No,No,Sí,No
A-2024-05-141,2024-05-07,2024,5,Mayo,martes,09:20,9,Mañana,No,LIMA,LIMA,LURIN,URBANA,-12.268766484904434,-76.84410294687619,CHOQUE,1,2,3,Sí,No,CARRETERA,PROVINCIAL,LM-801,DESPEJADO,RURAL,TRAMO RECTO,PLANA,ASFALTADA,EN PROCESO DE INVESTIGACIÓN,NO CUENTA CON CAUSA ESPECIFICA,5,1,2,2,3,2,0,0,1,0,0,5,0,5,40.6,34,48,0,0,0,0,0,0,NA,3,1,0,2,0,0,0,0,0,0,0,0,Sí,Sí,No,No
A-2024-05-142,2024-05-10,2024,5,Mayo,viernes,02:30,2,Madrugada,No,LIMA,LIMA,LURIN,URBANA,-12.25012472194049,-76.93102612571977,CHOQUE,1,3,4,Sí,No,CARRETERA,NACIONAL,PE-1S,DESPEJADO,INDUSTRIAL,TRAMO RECTO,PLANA,ASFALTADA,EN PROCESO DE INVESTIGACIÓN,NO CUENTA CON CAUSA ESPECIFICA,6,1,3,2,3,0,0,3,1,0,0,5,1,5,23.4,2,49,1,0,0,0,0,0,NA,3,0,2,1,0,0,0,0,0,0,0,0,No,Sí,No,No
A-2024-05-125,2024-05-11,2024,5,Mayo,sábado,21:30,21,Noche,Sí,LIMA,LIMA,LURIN,URBANA,-12.297371,-76.855202,ATROPELLO,1,0,1,No,No,CARRETERA,NACIONAL,PE-1S,DESPEJADO,RESIDENCIAL,TRAMO RECTO,PLANA,ASFALTADA,EN PROCESO DE INVESTIGACIÓN,NO CUENTA CON CAUSA ESPECIFICA,2,1,0,1,1,0,1,0,0,0,1,2,0,2,34,30,38,0,0,0,0,0,0,NA,1,0,1,0,0,0,0,0,0,0,0,0,No,No,No,No
A-2024-05-127,2024-05-12,2024,5,Mayo,domingo,17:10,17,Tarde,Sí,LIMA,LIMA,LA VICTORIA,URBANA,-12.062222412658771,-77.01142928202842,ATROPELLO FUGA,1,0,1,No,No,AVENIDA,URBANO,NO CORRESPONDE,DESPEJADO,COMERCIAL,TRAMO RECTO,PLANA,ASFALTADA,EN PROCESO DE INVESTIGACIÓN,NO CUENTA CON CAUSA ESPECIFICA,2,1,0,0,1,0,1,0,0,0,1,1,0,1,44,44,44,0,0,0,0,0,0,NA,1,0,0,0,0,0,1,0,0,0,0,1,No,No,No,Sí
A-2024-05-128,2024-05-13,2024,5,Mayo,lunes,05:50,5,Madrugada,No,LIMA,LIMA,SAN MARTIN DE PORRES,URBANA,-12.014555302603544,-77.08707058822898,ATROPELLO FUGA,1,0,1,No,No,AVENIDA,URBANO,NO CORRESPONDE,DESPEJADO,RESIDENCIAL,TRAMO RECTO,PLANA,ASFALTADA,EN PROCESO DE INVESTIGACIÓN,NO CUENTA CON CAUSA ESPECIFICA,2,1,0,0,1,0,1,0,0,0,1,1,0,1,81,81,81,0,1,0,0,0,0,NA,1,0,0,0,0,0,1,0,0,0,0,1,No,No,No,Sí
A-2024-05-143,2024-05-13,2024,5,Mayo,lunes,16:45,16,Tarde,No,LIMA,LIMA,SANTA ANITA,URBANA,-12.036356258488178,-76.94102016715004,VOLCADURA,1,1,2,Sí,No,AVENIDA,URBANO,NO CORRESPONDE,DESPEJADO,COMERCIAL,TRAMO RECTO,PLANA,ASFALTADA,IMPRUDENCIA DEL CONDUCTOR,ADELANTAR INDEBIDAMENTE,2,1,1,0,1,1,0,0,0,1,0,1,1,2,42.5,31,54,0,0,0,0,0,0,NA,1,1,0,0,0,0,0,0,0,0,0,0,Sí,No,No,No
A-2024-05-129,2024-05-13,2024,5,Mayo,lunes,18:20,18,Noche,No,LIMA,LIMA,ANCON,RURAL,-11.757368,-77.152551,ATROPELLO,1,0,1,No,No,CARRETERA,NACIONAL,PE-1N,DESPEJADO,INDUSTRIAL,TRAMO RECTO,PLANA,ASFALTADA,EN PROCESO DE INVESTIGACIÓN,NO CUENTA CON CAUSA ESPECIFICA,2,1,0,1,1,0,1,0,0,0,1,2,0,2,42,37,47,0,0,0,0,0,0,NA,1,0,0,1,0,0,0,0,0,0,0,0,No,Sí,No,No
A-2024-05-130,2024-05-16,2024,5,Mayo,jueves,09:30,9,Mañana,No,LIMA,LIMA,SAN MARTIN DE PORRES,URBANA,-12.031633449832855,-77.05743216953307,ATROPELLO,1,0,1,No,No,AVENIDA,URBANO,NO CORRESPONDE,DESPEJADO,RESIDENCIAL,TRAMO RECTO,PLANA,ASFALTADA,EN PROCESO DE INVESTIGACIÓN,NO CUENTA CON CAUSA ESPECIFICA,2,1,0,1,1,0,1,0,0,0,1,2,0,2,70.5,64,77,0,2,0,0,0,0,NA,1,0,1,0,0,0,0,0,0,0,0,0,No,No,No,No
A-2024-05-67,2024-05-16,2024,5,Mayo,jueves,19:05,19,Noche,No,CALLAO,CALLAO,CALLAO,URBANA,-12.02854,-77.12784,ATROPELLO FUGA,1,0,1,No,No,CARRETERA,NACIONAL,PE-20,LLUVIOSO,INDUSTRIAL,TRAMO RECTO,PLANA,ASFALTADA,EN PROCESO DE INVESTIGACIÓN,NO CUENTA CON CAUSA ESPECIFICA,2,1,0,0,1,0,1,0,0,0,1,1,0,1,35,35,35,0,0,0,0,0,0,NA,1,0,0,0,0,0,1,0,0,0,0,1,No,No,No,Sí
A-2024-05-144,2024-05-16,2024,5,Mayo,jueves,21:30,21,Noche,No,LIMA,LIMA,CHACLACAYO,NA,-11.973816426203925,-76.76288582589841,DESPISTE,1,0,1,No,No,AVENIDA,URBANO,NO CORRESPONDE,NA,NA,NA,NA,NA,EN PROCESO DE INVESTIGACIÓN,NO CUENTA CON CAUSA ESPECIFICA,1,1,0,0,1,0,0,0,1,0,0,1,0,1,30,30,30,0,0,0,0,0,0,NA,1,1,0,0,0,0,0,0,0,0,0,0,Sí,No,No,No
A-2024-05-137,2024-05-18,2024,5,Mayo,sábado,00:10,0,Madrugada,Sí,LIMA,LIMA,SAN MARTIN DE PORRES,URBANA,-12.012098239575083,-77.08736323430423,ATROPELLO,1,1,2,Sí,No,AVENIDA,URBANO,NO CORRESPONDE,DESPEJADO,RESIDENCIAL,INTERSECCIÓN,PLANA,ASFALTADA,IMPRUDENCIA DEL PEATÓN,ESTADO DE EBRIEDAD Y/O DROGADICCIÓN,3,1,1,1,1,1,1,0,0,0,1,1,2,3,36.333333333333336,22,62,0,1,0,0,0,0,NA,1,1,0,0,0,0,0,0,1,0,0,0,Sí,No,No,No
A-2024-05-131,2024-05-18,2024,5,Mayo,sábado,14:45,14,Tarde,Sí,LIMA,LIMA,ANCON,URBANA,-11.812872,-77.129667,ATROPELLO,2,0,2,No,Sí,CARRETERA,NACIONAL,PE-1N,DESPEJADO,RURAL,TRAMO RECTO,PLANA,ASFALTADA,EN PROCESO DE INVESTIGACIÓN,NO CUENTA CON CAUSA ESPECIFICA,3,2,0,1,1,0,2,0,0,0,2,3,0,3,39.666666666666664,13,62,1,1,0,0,0,0,NA,1,0,0,1,0,0,0,0,0,0,0,0,No,Sí,No,No
A-2024-05-145,2024-05-19,2024,5,Mayo,domingo,12:00,12,Tarde,Sí,LIMA,LIMA,ATE,URBANA,-12.038364250913126,-76.92035377085342,ATROPELLO,1,0,1,No,No,OTRO,URBANO,NO CORRESPONDE,DESPEJADO,COMERCIAL,OTRO,PLANA,CONCRETO,IMPRUDENCIA DEL CONDUCTOR,OTRO (IMPRUDENCIA DEL CONDUCTOR),2,1,0,1,1,0,1,0,0,0,1,2,0,2,21,2,40,1,0,0,0,0,0,NA,1,0,1,0,0,0,0,0,0,0,0,0,No,No,No,No
A-2024-05-118,2024-05-19,2024,5,Mayo,domingo,19:30,19,Noche,Sí,LIMA,LIMA,CHORRILLOS,URBANA,-12.17087749870441,-76.99375483648389,ATROPELLO,1,0,1,No,No,AVENIDA,URBANO,NO CORRESPONDE,DESPEJADO,ESCOLAR,TRAMO RECTO,PLANA,ASFALTADA,EN PROCESO DE INVESTIGACIÓN,NO CUENTA CON CAUSA ESPECIFICA,2,1,0,1,1,0,1,0,0,0,1,2,0,2,37,25,49,0,0,0,0,0,0,NA,1,0,0,0,0,0,0,0,0,0,0,0,No,No,No,No
A-2024-05-132,2024-05-19,2024,5,Mayo,domingo,20:45,20,Noche,Sí,LIMA,LIMA,LURIN,RURAL,-12.274956,-76.891577,ATROPELLO,1,0,1,No,No,CARRETERA,NACIONAL,PE-1S,DESPEJADO,RURAL,TRAMO RECTO,PLANA,ASFALTADA,EN PROCESO DE INVESTIGACIÓN,NO CUENTA CON CAUSA ESPECIFICA,3,1,0,2,2,0,1,0,0,0,1,3,0,2,46,32,60,0,1,0,0,0,0,NA,2,0,1,0,1,0,0,1,0,0,0,0,No,No,Sí,No
A-2024-05-146,2024-05-20,2024,5,Mayo,lunes,07:20,7,Mañana,No,LIMA,LIMA,SAN JUAN DE MIRAFLORES,URBANA,-12.162007216136672,-76.98171171350097,CHOQUE,1,0,1,No,No,CARRETERA,NACIONAL,PE-1S,DESPEJADO,RESIDENCIAL,TRAMO RECTO,PLANA,ASFALTADA,EN PROCESO DE INVESTIGACIÓN,NO CUENTA CON CAUSA ESPECIFICA,2,1,0,1,2,0,0,0,1,0,0,2,0,2,32.5,29,36,0,0,0,0,0,0,NA,2,1,0,1,0,0,0,0,0,0,0,0,Sí,Sí,No,No
A-2024-05-147,2024-05-21,2024,5,Mayo,martes,18:30,18,Noche,No,LIMA,LIMA,SAN MARTIN DE PORRES,URBANA,-12.035766105422757,-77.04477332871173,CHOQUE,1,0,1,No,No,CARRETERA,NACIONAL,PE-1N,DESPEJADO,COMERCIAL,CURVA,INCLINADA,ASFALTADA,IMPRUDENCIA DEL CONDUCTOR,OTRO (IMPRUDENCIA DEL CONDUCTOR),2,1,0,1,2,0,0,0,1,0,0,2,0,2,27.5,22,33,0,0,1,1,0,0,NA,2,1,0,1,0,0,0,0,0,0,0,0,Sí,Sí,No,No
A-2024-05-133,2024-05-22,2024,5,Mayo,miércoles,17:00,17,Tarde,No,LIMA,LIMA,INDEPENDENCIA,URBANA,-11.977677209983089,-77.05009893242188,ATROPELLO,1,0,1,No,No,AVENIDA,URBANO,NO CORRESPONDE,DESPEJADO,RESIDENCIAL,INTERSECCIÓN,PLANA,ASFALTADA,EN PROCESO DE INVESTIGACIÓN,NO CUENTA CON CAUSA ESPECIFICA,2,1,0,1,1,0,1,0,0,0,1,1,1,1,46,46,46,0,0,0,1,0,0,NA,1,0,0,0,1,0,0,1,0,1,0,0,No,No,Sí,No
A-2024-05-148,2024-05-24,2024,5,Mayo,viernes,07:30,7,Mañana,No,LIMA,LIMA,LOS OLIVOS,URBANA,-11.95930856964801,-77.06880100974995,CHOQUE FUGA,1,0,1,No,No,CARRETERA,NACIONAL,PE-1N,DESPEJADO,RESIDENCIAL,TRAMO RECTO,PLANA,ASFALTADA,EN PROCESO DE INVESTIGACIÓN,NO CUENTA CON CAUSA ESPECIFICA,2,1,0,0,2,0,0,0,1,0,0,1,0,1,20,20,20,0,0,0,0,0,0,NA,2,1,0,0,0,0,1,0,0,0,0,1,Sí,No,No,Sí
A-2024-05-134,2024-05-24,2024,5,Mayo,viernes,20:30,20,Noche,No,LIMA,LIMA,LOS OLIVOS,URBANA,-11.953146506266995,-77.06964522085592,ATROPELLO FUGA,1,0,1,No,No,AVENIDA,URBANO,NO CORRESPONDE,DESPEJADO,COMERCIAL,INTERSECCIÓN,PLANA,ASFALTADA,EN PROCESO DE INVESTIGACIÓN,NO CUENTA CON CAUSA ESPECIFICA,2,1,0,0,1,0,1,0,0,0,1,1,0,1,66,66,66,0,1,0,0,0,0,NA,1,0,0,0,0,0,1,0,0,0,0,1,No,No,No,Sí
A-2024-05-149,2024-05-26,2024,5,Mayo,domingo,07:30,7,Mañana,Sí,LIMA,LIMA,LURIGANCHO,URBANA,-12.021266114678584,-76.93017588085614,CHOQUE,1,1,2,Sí,No,CARRETERA,NACIONAL,PE-22,DESPEJADO,INDUSTRIAL,CURVA,PLANA,ASFALTADA,EN PROCESO DE INVESTIGACIÓN,NO CUENTA CON CAUSA ESPECIFICA,3,1,1,1,2,1,0,0,1,0,0,2,1,2,31.5,28,35,0,0,0,0,0,0,NA,2,1,1,0,0,0,0,0,0,0,0,0,Sí,No,No,No
A-2024-05-135,2024-05-28,2024,5,Mayo,martes,14:30,14,Tarde,No,LIMA,LIMA,ATE,URBANA,-12.06171738079492,-76.97183037251226,ATROPELLO,1,0,1,No,No,CARRETERA,NACIONAL,PE-1S,DESPEJADO,INDUSTRIAL,TRAMO RECTO,PLANA,ASFALTADA,EN PROCESO DE INVESTIGACIÓN,NO CUENTA CON CAUSA ESPECIFICA,2,1,0,1,1,0,1,0,0,0,1,2,0,1,38,38,38,0,0,1,1,0,0,NA,1,0,0,1,0,0,0,0,0,0,0,0,No,Sí,No,No
A-2024-05-136,2024-05-29,2024,5,Mayo,miércoles,05:30,5,Madrugada,No,LIMA,LIMA,LOS OLIVOS,URBANA,-11.975816198074757,-77.08559173403523,ATROPELLO FUGA,1,0,1,No,No,AVENIDA,URBANO,NO CORRESPONDE,DESPEJADO,COMERCIAL,TRAMO RECTO,PLANA,ASFALTADA,EN PROCESO DE INVESTIGACIÓN,NO CUENTA CON CAUSA ESPECIFICA,2,1,0,0,1,0,1,0,0,0,1,0,1,1,70,70,70,0,1,0,0,0,0,NA,1,0,0,0,0,0,1,0,0,0,0,1,No,No,No,Sí
A-2024-05-126,2024-05-31,2024,5,Mayo,viernes,22:00,22,Noche,No,LIMA,LIMA,VILLA MARIA DEL TRIUNFO,URBANA,-12.134083605369293,-76.95033769074475,DESPISTE,1,0,1,No,No,AVENIDA,URBANO,NO CORRESPONDE,DESPEJADO,RESIDENCIAL,INTERSECCIÓN,INCLINADA,TROCHA,EN PROCESO DE INVESTIGACIÓN,NO CUENTA CON CAUSA ESPECIFICA,1,1,0,0,1,0,0,0,1,0,0,1,0,1,68,68,68,0,1,0,0,0,0,NA,1,0,1,0,0,0,0,0,0,1,0,0,No,No,No,No
A-2024-06-90,2024-06-02,2024,6,Junio,domingo,02:20,2,Madrugada,Sí,LIMA,LIMA,LOS OLIVOS,URBANA,-11.930176,-77.072415,ATROPELLO FUGA,1,0,1,No,No,CARRETERA,NACIONAL,PE-1N,DESPEJADO,COMERCIAL,INTERSECCIÓN,PLANA,ASFALTADA,EN PROCESO DE INVESTIGACIÓN,NO CUENTA CON CAUSA ESPECIFICA,2,1,0,0,1,0,1,0,0,0,1,1,0,1,35,35,35,0,0,0,0,0,0,NA,1,0,0,0,0,0,1,0,0,0,0,1,No,No,No,Sí
A-2024-06-91,2024-06-02,2024,6,Junio,domingo,23:00,23,Noche,Sí,LIMA,LIMA,ATE,URBANA,-12.010602,-76.872794,DESPISTE,2,0,2,No,Sí,CARRETERA,NACIONAL,PE-22,DESPEJADO,COMERCIAL,TRAMO RECTO,PLANA,ASFALTADA,IMPRUDENCIA DEL CONDUCTOR,CONDUCIR EN ESTADO DE EBRIEDAD Y/O DROGADICCIÓN,2,2,0,0,1,0,0,1,1,0,0,2,0,2,24.5,21,28,0,0,0,0,0,0,NA,1,1,0,0,0,0,0,0,0,0,0,0,Sí,No,No,No
A-2024-06-92,2024-06-04,2024,6,Junio,martes,11:00,11,Mañana,No,LIMA,LIMA,ATE,URBANA,-12.00452748167926,-76.84440435887166,ATROPELLO,1,0,1,No,No,CARRETERA,NACIONAL,PE-22,DESPEJADO,COMERCIAL,INTERSECCIÓN,PLANA,ASFALTADA,IMPRUDENCIA DEL PEATÓN,CRUCE INDEBIDO POR LA CALZADA,2,1,0,1,1,0,1,0,0,0,1,1,1,2,39,30,48,0,0,0,0,0,0,NA,1,0,0,1,0,0,0,0,0,0,0,0,No,Sí,No,No
A-2024-06-93,2024-06-05,2024,6,Junio,miércoles,11:30,11,Mañana,No,LIMA,LIMA,SAN BORJA,URBANA,-12.103942,-76.979231,ATROPELLO,1,0,1,No,No,CARRETERA,NACIONAL,PE-1S,DESPEJADO,COMERCIAL,TRAMO RECTO,PLANA,ASFALTADA,EN PROCESO DE INVESTIGACIÓN,NO CUENTA CON CAUSA ESPECIFICA,2,1,0,1,1,0,1,0,0,0,1,2,0,1,51,51,51,0,0,0,0,0,0,NA,1,0,0,1,0,0,0,0,0,0,0,0,No,Sí,No,No
A-2024-06-94,2024-06-07,2024,6,Junio,viernes,05:30,5,Madrugada,No,LIMA,LIMA,CHORRILLOS,URBANA,-12.199619013045172,-76.99678756633288,ATROPELLO FUGA,1,0,1,No,No,AVENIDA,URBANO,NO CORRESPONDE,DESPEJADO,COMERCIAL,INTERSECCIÓN,PLANA,ASFALTADA,EN PROCESO DE INVESTIGACIÓN,NO CUENTA CON CAUSA ESPECIFICA,2,1,0,0,1,0,1,0,0,0,1,1,0,0,NA,NA,NA,NA,NA,0,0,0,0,NA,1,0,0,0,0,0,1,0,0,0,0,1,No,No,No,Sí
A-2024-06-95,2024-06-08,2024,6,Junio,sábado,05:45,5,Madrugada,Sí,LIMA,LIMA,RIMAC,URBANA,-12.041357,-77.033051,ATROPELLO FUGA,1,0,1,No,No,CARRETERA,NACIONAL,PE-1N,DESPEJADO,COMERCIAL,TRAMO RECTO,PLANA,ASFALTADA,EN PROCESO DE INVESTIGACIÓN,NO CUENTA CON CAUSA ESPECIFICA,2,1,0,0,1,0,1,0,0,0,1,1,0,0,NA,NA,NA,NA,NA,0,0,0,0,NA,1,0,0,0,0,0,1,0,0,0,0,1,No,No,No,Sí
A-2024-06-96,2024-06-08,2024,6,Junio,sábado,17:20,17,Tarde,Sí,LIMA,LIMA,SAN JUAN DE MIRAFLORES,URBANA,-12.151844554006274,-76.9765737795547,ATROPELLO,1,0,1,No,No,AVENIDA,URBANO,NO CORRESPONDE,DESPEJADO,COMERCIAL,TRAMO RECTO,PLANA,ASFALTADA,EN PROCESO DE INVESTIGACIÓN,NO CUENTA CON CAUSA ESPECIFICA,2,1,0,1,1,0,1,0,0,0,1,1,1,2,59.5,54,65,0,1,0,0,0,0,NA,1,0,1,0,0,0,0,0,0,0,0,0,No,No,No,No
A-2024-06-97,2024-06-11,2024,6,Junio,martes,22:20,22,Noche,No,LIMA,LIMA,COMAS,URBANA,-11.952685196045332,-77.05117847528525,CAÍDA DE PASAJERO,1,0,1,No,No,AVENIDA,URBANO,NO CORRESPONDE,DESPEJADO,ESCOLAR,INTERSECCIÓN,PLANA,ASFALTADA,EN PROCESO DE INVESTIGACIÓN,NO CUENTA CON CAUSA ESPECIFICA,2,1,0,1,1,1,0,0,0,1,0,2,0,2,53.5,39,68,0,1,0,0,0,0,NA,1,0,0,0,1,0,0,1,0,0,0,0,No,No,Sí,No
A-2024-06-98,2024-06-12,2024,6,Junio,miércoles,06:30,6,Mañana,No,LIMA,LIMA,SAN JUAN DE LURIGANCHO,URBANA,-11.953664592510702,-77.00345495775848,ATROPELLO,1,0,1,No,No,AVENIDA,URBANO,NO CORRESPONDE,DESPEJADO,COMERCIAL,TRAMO RECTO,PLANA,ASFALTADA,EN PROCESO DE INVESTIGACIÓN,NO CUENTA CON CAUSA ESPECIFICA,2,1,0,1,1,0,1,0,0,0,1,1,1,2,34.5,20,49,0,0,0,0,0,0,NA,1,0,1,0,0,0,0,0,0,0,0,0,No,No,No,No
A-2024-06-99,2024-06-12,2024,6,Junio,miércoles,19:20,19,Noche,No,LIMA,LIMA,VILLA MARIA DEL TRIUNFO,URBANA,-12.162791225620253,-76.94833705117662,ATROPELLO,1,0,1,No,No,JIRÓN,URBANO,NO CORRESPONDE,DESPEJADO,RESIDENCIAL,INTERSECCIÓN,INCLINADA,ASFALTADA,EN PROCESO DE INVESTIGACIÓN,NO CUENTA CON CAUSA ESPECIFICA,2,1,0,1,1,0,1,0,0,0,1,1,1,2,70,51,89,0,1,0,0,0,0,NA,1,0,0,0,1,0,0,1,0,0,0,0,No,No,Sí,No
A-2024-06-100,2024-06-14,2024,6,Junio,viernes,12:40,12,Tarde,No,LIMA,LIMA,VILLA MARIA DEL TRIUNFO,URBANA,-12.182349010119843,-76.94228037166593,CHOQUE,1,3,4,Sí,No,AVENIDA,URBANO,NO CORRESPONDE,DESPEJADO,COMERCIAL,INTERSECCIÓN,INCLINADA,ASFALTADA,EN PROCESO DE INVESTIGACIÓN,NO CUENTA CON CAUSA ESPECIFICA,4,1,3,0,2,2,0,0,0,1,0,2,2,4,53.25,40,70,0,1,1,1,0,0,NA,2,0,2,0,0,0,0,1,0,0,0,0,No,No,Sí,No
A-2024-06-101,2024-06-14,2024,6,Junio,viernes,17:30,17,Tarde,No,LIMA,LIMA,RIMAC,URBANA,-12.042976482914572,-77.02266111511464,CHOQUE,1,0,1,No,No,CARRETERA,NACIONAL,PE-1N,DESPEJADO,COMERCIAL,CURVA,PLANA,ASFALTADA,EN PROCESO DE INVESTIGACIÓN,NO CUENTA CON CAUSA ESPECIFICA,2,1,0,1,2,0,0,0,1,0,0,2,0,2,47,30,64,0,1,0,0,0,0,NA,2,1,0,1,0,0,0,0,0,0,0,0,Sí,Sí,No,No
A-2024-06-102,2024-06-14,2024,6,Junio,viernes,20:30,20,Noche,No,LIMA,LIMA,SANTIAGO DE SURCO,URBANA,-12.127299003517887,-76.97704865225496,CHOQUE,1,0,1,No,No,CARRETERA,NACIONAL,PE-1S,DESPEJADO,COMERCIAL,CURVA,PLANA,ASFALTADA,EN PROCESO DE INVESTIGACIÓN,NO CUENTA CON CAUSA ESPECIFICA,2,1,0,1,2,0,0,0,1,0,0,2,0,2,46,34,58,0,0,0,0,0,0,NA,2,1,0,0,1,0,0,1,0,0,0,0,Sí,No,Sí,No
A-2024-06-103,2024-06-14,2024,6,Junio,viernes,22:00,22,Noche,No,LIMA,LIMA,PUNTA HERMOSA,URBANA,-12.324326101652503,-76.82609434137815,ATROPELLO,1,1,2,Sí,No,CARRETERA,NACIONAL,PE-1S,DESPEJADO,INDUSTRIAL,TRAMO RECTO,PLANA,ASFALTADA,EN PROCESO DE INVESTIGACIÓN,NO CUENTA CON CAUSA ESPECIFICA,2,1,1,0,1,0,1,0,0,0,1,2,0,2,44.5,28,61,0,1,0,0,0,0,NA,1,1,0,0,0,0,0,0,0,0,0,0,Sí,No,No,No
A-2024-06-105,2024-06-15,2024,6,Junio,sábado,20:00,20,Noche,Sí,LIMA,LIMA,SAN BORJA,URBANA,-12.110083420518457,-76.97837558904305,CHOQUE,1,0,1,No,No,CARRETERA,NACIONAL,PE-1S,DESPEJADO,RESIDENCIAL,TRAMO RECTO,PLANA,ASFALTADA,EN PROCESO DE INVESTIGACIÓN,NO CUENTA CON CAUSA ESPECIFICA,2,1,0,1,2,0,0,0,1,0,0,2,0,2,33.5,31,36,0,0,0,1,0,0,NA,2,1,0,0,1,0,0,1,0,0,0,0,Sí,No,Sí,No
A-2024-06-104,2024-06-16,2024,6,Junio,domingo,02:30,2,Madrugada,Sí,LIMA,LIMA,LA VICTORIA,URBANA,-12.08913539919278,-77.01020048194057,DESPISTE,1,0,1,No,No,VIA EXPRESA,URBANO,NO CORRESPONDE,DESPEJADO,COMERCIAL,TRAMO RECTO,PLANA,ASFALTADA,IMPRUDENCIA DEL CONDUCTOR,ADELANTAR INDEBIDAMENTE,1,1,0,0,1,0,0,0,1,0,0,1,0,1,28,28,28,0,0,0,0,0,0,NA,1,0,1,0,0,0,0,0,0,0,0,0,No,No,No,No
A-2024-06-106,2024-06-16,2024,6,Junio,domingo,17:30,17,Tarde,Sí,LIMA,LIMA,SANTIAGO DE SURCO,URBANA,-12.153351606296685,-76.98396179308388,ATROPELLO,1,0,1,No,No,CARRETERA,NACIONAL,PE-1S,DESPEJADO,RESIDENCIAL,CURVA,PLANA,ASFALTADA,EN PROCESO DE INVESTIGACIÓN,NO CUENTA CON CAUSA ESPECIFICA,2,1,0,1,1,0,1,0,0,0,1,2,0,1,37,37,37,0,0,0,0,0,0,NA,1,0,1,0,0,0,0,0,0,0,0,0,No,No,No,No
A-2024-06-107,2024-06-19,2024,6,Junio,miércoles,05:45,5,Madrugada,No,LIMA,LIMA,INDEPENDENCIA,URBANA,-12.004343115570125,-77.0612975762187,ATROPELLO FUGA,1,0,1,No,No,AVENIDA,URBANO,NO CORRESPONDE,DESPEJADO,INDUSTRIAL,CURVA,PLANA,ASFALTADA,EN PROCESO DE INVESTIGACIÓN,NO CUENTA CON CAUSA ESPECIFICA,2,1,0,1,1,0,1,0,0,0,1,2,0,1,40,40,40,0,0,0,0,0,0,NA,1,0,0,1,0,0,0,0,0,0,0,0,No,Sí,No,No
A-2024-06-108,2024-06-19,2024,6,Junio,miércoles,19:30,19,Noche,No,LIMA,LIMA,LURIGANCHO,URBANA,-12.001652929263942,-76.88359459393475,ATROPELLO FUGA,1,0,1,No,No,CALLE,URBANO,NO CORRESPONDE,DESPEJADO,ESCOLAR,TRAMO RECTO,PLANA,AFIRMADO,EN PROCESO DE INVESTIGACIÓN,NO CUENTA CON CAUSA ESPECIFICA,2,1,0,0,1,0,1,0,0,0,1,1,0,1,46,46,46,0,0,0,0,0,0,NA,1,0,0,0,0,0,1,0,0,0,0,1,No,No,No,Sí
A-2024-06-109,2024-06-20,2024,6,Junio,jueves,04:00,4,Madrugada,No,LIMA,LIMA,INDEPENDENCIA,URBANA,-11.982714012700347,-77.06533237378656,ATROPELLO,1,0,1,No,No,CARRETERA,NACIONAL,PE-1N,DESPEJADO,RESIDENCIAL,TRAMO RECTO,PLANA,ASFALTADA,EN PROCESO DE INVESTIGACIÓN,NO CUENTA CON CAUSA ESPECIFICA,2,1,0,1,1,0,1,0,0,0,1,1,1,1,36,36,36,0,0,0,0,0,0,NA,1,0,1,0,0,0,0,0,0,0,0,0,No,No,No,No
A-2024-06-110,2024-06-20,2024,6,Junio,jueves,07:30,7,Mañana,No,LIMA,LIMA,SAN JUAN DE MIRAFLORES,URBANA,-12.161599763443215,-76.96524436950159,ATROPELLO,1,0,1,No,No,AVENIDA,URBANO,NO CORRESPONDE,DESPEJADO,RESIDENCIAL,TRAMO RECTO,PLANA,ASFALTADA,EN PROCESO DE INVESTIGACIÓN,NO CUENTA CON CAUSA ESPECIFICA,2,1,0,0,1,0,1,0,0,0,1,2,0,2,72,60,84,0,2,0,0,0,0,NA,1,1,0,0,0,0,0,0,0,1,0,0,Sí,No,No,No
A-2024-06-111,2024-06-21,2024,6,Junio,viernes,01:00,1,Madrugada,No,LIMA,LIMA,MAGDALENA DEL MAR,URBANA,-12.09758752580692,-77.07348284959961,CHOQUE,1,0,1,No,No,VIA EXPRESA,URBANO,NO CORRESPONDE,DESPEJADO,COMERCIAL,CURVA,PLANA,ASFALTADA,EN PROCESO DE INVESTIGACIÓN,NO CUENTA CON CAUSA ESPECIFICA,3,1,0,1,2,1,0,0,0,1,0,2,0,2,25.5,25,26,0,0,0,0,0,0,NA,2,0,1,0,0,0,1,0,0,0,0,1,No,No,No,Sí
A-2024-06-112,2024-06-21,2024,6,Junio,viernes,07:40,7,Mañana,No,LIMA,LIMA,LURIN,URBANA,-12.249106064553674,-76.93239072015122,DESPISTE,1,1,2,Sí,No,CARRETERA,NACIONAL,PE-1S,DESPEJADO,INDUSTRIAL,TRAMO RECTO,PLANA,ASFALTADA,EN PROCESO DE INVESTIGACIÓN,NO CUENTA CON CAUSA ESPECIFICA,2,1,1,0,1,1,0,0,0,1,0,2,0,1,66,66,66,0,1,0,0,0,0,NA,1,0,1,0,0,0,0,0,0,0,0,0,No,No,No,No
A-2024-06-125,2024-06-21,2024,6,Junio,viernes,14:20,14,Tarde,No,LIMA,LIMA,SAN MARTIN DE PORRES,URBANA,-12.0325926037616,-77.06262473395378,DESPISTE,1,0,1,No,No,AVENIDA,URBANO,NO CORRESPONDE,DESPEJADO,COMERCIAL,TRAMO RECTO,PLANA,ASFALTADA,IMPRUDENCIA DEL CONDUCTOR,EXCESO DE VELOCIDAD,1,1,0,0,1,0,0,0,1,0,0,1,0,1,38,38,38,0,0,0,0,0,0,NA,1,0,1,0,0,0,0,0,0,0,0,0,No,No,No,No
A-2024-06-113,2024-06-21,2024,6,Junio,viernes,21:30,21,Noche,No,LIMA,LIMA,CHORRILLOS,URBANA,-12.201209,-76.973922,ATROPELLO FUGA,1,0,1,No,No,CARRETERA,NACIONAL,PE-1S,DESPEJADO,INDUSTRIAL,TRAMO RECTO,PLANA,ASFALTADA,EN PROCESO DE INVESTIGACIÓN,NO CUENTA CON CAUSA ESPECIFICA,2,1,0,0,1,0,1,0,0,0,1,1,0,0,NA,NA,NA,NA,NA,0,0,0,0,NA,1,0,0,0,0,0,1,0,0,0,0,1,No,No,No,Sí
A-2024-06-126,2024-06-22,2024,6,Junio,sábado,05:30,5,Madrugada,Sí,LIMA,LIMA,CARABAYLLO,URBANA,-11.793794609082996,-76.98315595935756,VOLCADURA,1,1,2,Sí,No,CARRETERA,NACIONAL,PE-20A,DESPEJADO,RURAL,CURVA,PLANA,ASFALTADA,EN PROCESO DE INVESTIGACIÓN,NO CUENTA CON CAUSA ESPECIFICA,2,1,1,0,1,1,0,0,0,1,0,1,1,2,27.5,27,28,0,0,0,0,0,0,NA,1,1,0,0,0,0,0,0,0,0,0,0,Sí,No,No,No
A-2024-06-162,2024-06-22,2024,6,Junio,sábado,23:40,23,Noche,Sí,LIMA,LIMA,PUENTE PIEDRA,URBANA,-11.899502,-77.067748,ATROPELLO FUGA,1,0,1,No,No,CARRETERA,NACIONAL,PE-1N,DESPEJADO,INDUSTRIAL,TRAMO RECTO,PLANA,ASFALTADA,EN PROCESO DE INVESTIGACIÓN,NO CUENTA CON CAUSA ESPECIFICA,2,1,0,1,1,0,1,0,0,0,1,2,0,2,46,28,64,0,1,0,0,0,0,NA,1,0,1,0,0,0,0,0,0,0,0,0,No,No,No,No
A-2024-06-127,2024-06-23,2024,6,Junio,domingo,05:00,5,Madrugada,Sí,LIMA,LIMA,ATE,URBANA,-12.026491756144313,-76.89271506026371,CHOQUE CON OBJETO FIJO,1,0,1,No,No,AVENIDA,URBANO,NO CORRESPONDE,DESPEJADO,ESCOLAR,TRAMO RECTO,PLANA,ASFALTADA,EN PROCESO DE INVESTIGACIÓN,NO CUENTA CON CAUSA ESPECIFICA,1,1,0,0,1,0,0,0,1,0,0,1,0,1,39,39,39,0,0,0,0,0,0,NA,1,1,0,0,0,0,0,0,0,1,0,0,Sí,No,No,No
A-2024-06-163,2024-06-23,2024,6,Junio,domingo,07:00,7,Mañana,Sí,LIMA,LIMA,LIMA,URBANA,-12.059118855497163,-77.03617298996238,ATROPELLO FUGA,1,0,1,No,No,AVENIDA,URBANO,NO CORRESPONDE,DESPEJADO,COMERCIAL,TRAMO RECTO,PLANA,ASFALTADA,EN PROCESO DE INVESTIGACIÓN,NO CUENTA CON CAUSA ESPECIFICA,2,1,0,0,1,0,1,0,0,0,1,1,0,1,24,24,24,0,0,0,0,0,0,NA,1,0,0,0,0,0,1,0,0,0,0,1,No,No,No,Sí
A-2024-06-128,2024-06-23,2024,6,Junio,domingo,15:15,15,Tarde,Sí,LIMA,LIMA,MIRAFLORES,URBANA,-12.12043472923779,-77.01828774174706,ATROPELLO,1,0,1,No,No,AVENIDA,URBANO,NO CORRESPONDE,DESPEJADO,COMERCIAL,TRAMO RECTO,PLANA,ASFALTADA,EN PROCESO DE INVESTIGACIÓN,NO CUENTA CON CAUSA ESPECIFICA,2,1,0,1,1,0,1,0,0,0,1,2,0,2,64,46,82,0,1,0,0,0,0,NA,1,0,0,0,1,0,0,1,0,0,0,0,No,No,Sí,No
A-2024-06-129,2024-06-25,2024,6,Junio,martes,11:15,11,Mañana,No,LIMA,LIMA,INDEPENDENCIA,URBANA,-12.007479066221716,-77.05403558461559,ATROPELLO,1,0,1,No,No,AVENIDA,URBANO,NO CORRESPONDE,DESPEJADO,COMERCIAL,TRAMO RECTO,PLANA,ASFALTADA,EN PROCESO DE INVESTIGACIÓN,NO CUENTA CON CAUSA ESPECIFICA,2,1,0,1,1,0,1,0,0,0,1,2,0,2,57.5,37,78,0,1,0,0,0,0,NA,1,0,0,1,0,0,0,0,0,0,0,0,No,Sí,No,No
A-2024-06-130,2024-06-26,2024,6,Junio,miércoles,12:35,12,Tarde,No,LIMA,LIMA,MIRAFLORES,URBANA,-12.11158748399002,-77.02915430492692,ATROPELLO,1,0,1,No,No,AVENIDA,URBANO,NO CORRESPONDE,DESPEJADO,ESCOLAR,INTERSECCIÓN,PLANA,ASFALTADA,EN PROCESO DE INVESTIGACIÓN,NO CUENTA CON CAUSA ESPECIFICA,2,1,0,1,1,0,1,0,0,0,1,2,0,2,65.5,34,97,0,1,0,0,0,0,NA,1,0,1,0,0,0,0,0,0,0,0,0,No,No,No,No
A-2024-06-131,2024-06-27,2024,6,Junio,jueves,21:00,21,Noche,No,LIMA,LIMA,ATE,URBANA,-12.012445927509834,-76.83954775196847,ATROPELLO,1,0,1,No,No,AVENIDA,URBANO,NO CORRESPONDE,DESPEJADO,RESIDENCIAL,INTERSECCIÓN,PLANA,ASFALTADA,EN PROCESO DE INVESTIGACIÓN,NO CUENTA CON CAUSA ESPECIFICA,2,1,0,1,1,0,1,0,0,0,1,1,1,2,52.5,39,66,0,1,0,0,0,0,NA,1,0,1,0,0,0,0,0,0,0,0,0,No,No,No,No
A-2024-06-132,2024-06-30,2024,6,Junio,domingo,01:15,1,Madrugada,Sí,LIMA,LIMA,SAN MARTIN DE PORRES,URBANA,-11.985782522432993,-77.11183486307169,CAÍDA DE PASAJERO,1,0,1,No,No,CALLE,URBANO,NO CORRESPONDE,DESPEJADO,RESIDENCIAL,TRAMO RECTO,PLANA,ASFALTADA,EN PROCESO DE INVESTIGACIÓN,NO CUENTA CON CAUSA ESPECIFICA,2,1,0,0,1,1,0,0,0,1,0,1,0,1,28,28,28,0,0,0,0,0,0,NA,1,0,0,0,0,0,1,0,0,0,0,1,No,No,No,Sí
A-2024-06-133,2024-06-30,2024,6,Junio,domingo,20:00,20,Noche,Sí,LIMA,LIMA,LURIN,URBANA,-12.297232639462726,-76.8550983925017,ATROPELLO,1,0,1,No,No,CARRETERA,NACIONAL,PE-1S,DESPEJADO,RESIDENCIAL,TRAMO RECTO,PLANA,ASFALTADA,EN PROCESO DE INVESTIGACIÓN,NO CUENTA CON CAUSA ESPECIFICA,2,1,0,1,1,0,1,0,0,0,1,2,0,1,44,44,44,0,0,0,0,0,0,NA,1,0,1,0,0,0,0,0,0,0,0,0,No,No,No,No
A-2024-07-91,2024-07-03,2024,7,Julio,miércoles,04:15,4,Madrugada,No,LIMA,LIMA,PUENTE PIEDRA,URBANA,-11.8409078045671,-77.1142403677208,ATROPELLO FUGA,1,0,1,No,No,AVENIDA,URBANO,NO CORRESPONDE,DESPEJADO,INDUSTRIAL,TRAMO RECTO,PLANA,ASFALTADA,EN PROCESO DE INVESTIGACIÓN,NO CUENTA CON CAUSA ESPECIFICA,2,1,0,0,1,0,1,0,0,0,1,0,1,1,83,83,83,0,1,0,0,0,0,NA,1,0,0,0,0,0,1,0,0,0,0,1,No,No,No,Sí
A-2024-07-107,2024-07-04,2024,7,Julio,jueves,15:40,15,Tarde,No,LIMA,LIMA,SAN JUAN DE LURIGANCHO,URBANA,-11.921401347187532,-76.96084320498774,DESPISTE,1,0,1,No,No,AVENIDA,URBANO,NO CORRESPONDE,DESPEJADO,RESIDENCIAL,TRAMO RECTO,PLANA,ASFALTADA,EN PROCESO DE INVESTIGACIÓN,NO CUENTA CON CAUSA ESPECIFICA,1,1,0,0,1,0,0,0,1,0,0,1,0,1,75,75,75,0,1,0,1,0,0,NA,1,0,0,0,1,0,0,1,0,0,0,0,No,No,Sí,No
A-2024-07-106,2024-07-04,2024,7,Julio,jueves,16:40,16,Tarde,No,LIMA,LIMA,PUENTE PIEDRA,URBANA,-11.870448199694373,-77.06469975319628,ATROPELLO,1,0,1,No,No,CALLE,URBANO,NO CORRESPONDE,DESPEJADO,RESIDENCIAL,TRAMO RECTO,PLANA,TROCHA,EN PROCESO DE INVESTIGACIÓN,NO CUENTA CON CAUSA ESPECIFICA,2,1,0,1,1,0,1,0,0,0,1,2,0,2,16.5,2,31,1,0,0,0,0,0,NA,1,0,1,0,0,0,0,0,0,0,0,0,No,No,No,No
A-2024-07-1,2024-07-04,2024,7,Julio,jueves,18:10,18,Noche,No,CALLAO,CALLAO,CARMEN DE LA LEGUA REYNOSO,URBANA,-12.0401285051537,-77.0934826487524,ATROPELLO,1,0,1,No,No,AVENIDA,URBANO,NO CORRESPONDE,DESPEJADO,RESIDENCIAL,TRAMO RECTO,PLANA,ASFALTADA,IMPRUDENCIA DEL CONDUCTOR,OTRO (IMPRUDENCIA DEL CONDUCTOR),2,1,0,1,1,0,1,0,0,0,1,2,0,2,62,47,77,0,1,0,0,0,0,NA,1,1,0,0,0,0,0,1,0,1,0,0,Sí,No,Sí,No
A-2024-07-108,2024-07-04,2024,7,Julio,jueves,21:41,21,Noche,No,LIMA,LIMA,SURQUILLO,URBANA,-12.105387316040499,-77.01780925597792,CHOQUE,1,0,1,No,No,AVENIDA,URBANO,NO CORRESPONDE,DESPEJADO,COMERCIAL,INTERSECCIÓN,PLANA,ASFALTADA,EN PROCESO DE INVESTIGACIÓN,NO CUENTA CON CAUSA ESPECIFICA,2,1,0,1,2,0,0,0,1,0,0,2,0,2,58,33,83,0,1,0,0,0,0,NA,2,1,1,0,0,0,0,1,0,0,0,0,Sí,No,Sí,No
A-2024-07-109,2024-07-05,2024,7,Julio,viernes,20:30,20,Noche,No,LIMA,LIMA,VILLA EL SALVADOR,URBANA,-12.211305041510728,-76.94464264628972,ATROPELLO,1,0,1,No,No,AVENIDA,URBANO,NO CORRESPONDE,DESPEJADO,COMERCIAL,INTERSECCIÓN,PLANA,ASFALTADA,EN PROCESO DE INVESTIGACIÓN,NO CUENTA CON CAUSA ESPECIFICA,2,1,0,1,1,0,1,0,0,0,1,2,0,2,29,29,29,0,0,0,0,0,0,NA,1,1,0,0,0,0,0,0,0,0,0,0,Sí,No,No,No
A-2024-07-110,2024-07-06,2024,7,Julio,sábado,12:50,12,Tarde,Sí,LIMA,LIMA,VILLA MARIA DEL TRIUNFO,URBANA,-12.140738445627314,-76.94873884564066,ATROPELLO,1,0,1,No,No,AVENIDA,URBANO,NO CORRESPONDE,DESPEJADO,COMERCIAL,TRAMO RECTO,INCLINADA,ASFALTADA,EN PROCESO DE INVESTIGACIÓN,NO CUENTA CON CAUSA ESPECIFICA,2,1,0,1,1,0,1,0,0,0,1,2,0,2,54,32,76,0,1,0,0,0,0,NA,1,0,0,1,0,0,0,0,0,0,0,0,No,Sí,No,No
A-2024-07-111,2024-07-08,2024,7,Julio,lunes,20:45,20,Noche,No,LIMA,LIMA,SAN JUAN DE LURIGANCHO,URBANA,-11.923019149931665,-76.96034636696854,ATROPELLO,1,0,1,No,No,AVENIDA,URBANO,NO CORRESPONDE,DESPEJADO,COMERCIAL,TRAMO RECTO,PLANA,ASFALTADA,EN PROCESO DE INVESTIGACIÓN,NO CUENTA CON CAUSA ESPECIFICA,2,1,0,1,1,0,1,0,0,0,1,2,0,2,74,68,80,0,2,0,0,0,0,NA,1,0,0,1,0,0,0,0,0,0,0,0,No,Sí,No,No
A-2024-07-112,2024-07-10,2024,7,Julio,miércoles,00:00,0,Madrugada,No,LIMA,LIMA,LURIN,URBANA,-12.257469943402944,-76.91963593457477,ATROPELLO,1,0,1,No,No,CARRETERA,NACIONAL,PE-1S,DESPEJADO,INDUSTRIAL,TRAMO RECTO,PLANA,ASFALTADA,EN PROCESO DE INVESTIGACIÓN,NO CUENTA CON CAUSA ESPECIFICA,2,1,0,1,1,0,1,0,0,0,1,2,0,1,40,40,40,0,0,1,1,0,0,NA,1,0,0,1,0,0,0,0,0,0,0,0,No,Sí,No,No
A-2024-07-113,2024-07-10,2024,7,Julio,miércoles,19:51,19,Noche,No,LIMA,LIMA,LIMA,URBANA,-12.038309530451988,-77.06595375608863,ATROPELLO,1,0,1,No,No,AVENIDA,URBANO,NO CORRESPONDE,DESPEJADO,COMERCIAL,INTERSECCIÓN,PLANA,ASFALTADA,EN PROCESO DE INVESTIGACIÓN,NO CUENTA CON CAUSA ESPECIFICA,2,1,0,1,1,0,1,0,0,0,1,2,0,2,41,31,51,0,0,0,0,0,0,NA,1,0,0,0,1,0,0,1,0,0,0,0,No,No,Sí,No
A-2024-07-114,2024-07-11,2024,7,Julio,jueves,10:20,10,Mañana,No,LIMA,LIMA,PUENTE PIEDRA,URBANA,-11.874061786234163,-77.06049752985679,CAÍDA DE PASAJERO,1,0,1,No,No,AVENIDA,URBANO,NO CORRESPONDE,DESPEJADO,RESIDENCIAL,TRAMO RECTO,PLANA,ASFALTADA,EN PROCESO DE INVESTIGACIÓN,NO CUENTA CON CAUSA ESPECIFICA,2,1,0,1,1,1,0,0,0,1,0,2,0,2,39,34,44,0,0,0,0,0,0,NA,1,0,0,1,0,0,0,0,0,0,0,0,No,Sí,No,No
A-2024-07-115,2024-07-11,2024,7,Julio,jueves,10:30,10,Mañana,No,LIMA,LIMA,VILLA EL SALVADOR,URBANA,-12.225485914938512,-76.93954752444843,ATROPELLO,1,0,1,No,No,AVENIDA,URBANO,NO CORRESPONDE,DESPEJADO,COMERCIAL,INTERSECCIÓN,PLANA,ASFALTADA,EN PROCESO DE INVESTIGACIÓN,NO CUENTA CON CAUSA ESPECIFICA,2,1,0,1,1,0,1,0,0,0,1,1,1,2,61.5,35,88,0,1,0,0,0,0,NA,1,1,0,0,0,0,0,0,0,0,0,0,Sí,No,No,No
A-2024-07-120,2024-07-15,2024,7,Julio,lunes,06:00,6,Mañana,No,LIMA,LIMA,BARRANCO,URBANA,-12.144538195374324,-77.01875820015456,ATROPELLO FUGA,1,0,1,No,No,AVENIDA,URBANO,NO CORRESPONDE,DESPEJADO,RESIDENCIAL,TRAMO RECTO,PLANA,ASFALTADA,EN PROCESO DE INVESTIGACIÓN,NO CUENTA CON CAUSA ESPECIFICA,2,1,0,0,1,0,1,0,0,0,1,1,0,1,38,38,38,0,0,0,0,0,0,NA,1,0,0,0,0,0,1,0,0,0,0,1,No,No,No,Sí
A-2024-07-116,2024-07-16,2024,7,Julio,martes,19:00,19,Noche,No,LIMA,LIMA,COMAS,URBANA,-11.925076658325462,-77.04018127546745,ATROPELLO,1,0,1,No,No,AVENIDA,URBANO,NO CORRESPONDE,DESPEJADO,COMERCIAL,TRAMO RECTO,PLANA,ASFALTADA,EN PROCESO DE INVESTIGACIÓN,NO CUENTA CON CAUSA ESPECIFICA,2,1,0,1,1,0,1,0,0,0,1,2,0,1,18,18,18,0,0,1,1,0,0,NA,1,1,0,0,0,0,0,0,0,1,0,0,Sí,No,No,No
A-2024-07-117,2024-07-17,2024,7,Julio,miércoles,14:30,14,Tarde,No,LIMA,LIMA,LOS OLIVOS,URBANA,-11.952788592933711,-77.07007036337315,CHOQUE,1,11,12,Sí,No,AVENIDA,URBANO,NO CORRESPONDE,DESPEJADO,COMERCIAL,TRAMO RECTO,PLANA,ASFALTADA,EN PROCESO DE INVESTIGACIÓN,NO CUENTA CON CAUSA ESPECIFICA,14,1,11,1,1,0,12,0,0,0,1,4,9,13,38.23076923076923,6,59,1,0,0,0,0,0,NA,2,1,1,0,0,0,0,0,0,0,0,0,Sí,No,No,No
A-2024-07-15,2024-07-18,2024,7,Julio,jueves,18:00,18,Noche,No,CALLAO,CALLAO,CALLAO,URBANA,-12.0383432174297,-77.1271565445014,CHOQUE,1,0,1,No,No,CARRETERA,NACIONAL,PE-20,DESPEJADO,COMERCIAL,TRAMO RECTO,PLANA,ASFALTADA,IMPRUDENCIA DEL CONDUCTOR,OTRO (IMPRUDENCIA DEL CONDUCTOR),2,1,0,1,2,0,0,0,1,0,0,2,0,2,47,35,59,0,0,0,0,0,0,NA,2,1,1,0,0,0,0,0,0,2,0,0,Sí,No,No,No
A-2024-07-118,2024-07-20,2024,7,Julio,sábado,06:00,6,Mañana,Sí,LIMA,LIMA,SAN MARTIN DE PORRES,URBANA,-12.032205730789377,-77.04969488578361,ATROPELLO,1,0,1,No,No,AVENIDA,URBANO,NO CORRESPONDE,DESPEJADO,RESIDENCIAL,TRAMO RECTO,PLANA,ASFALTADA,EN PROCESO DE INVESTIGACIÓN,NO CUENTA CON CAUSA ESPECIFICA,3,1,0,1,1,0,1,0,0,0,1,2,0,2,37,36,38,0,0,1,1,0,0,NA,2,1,0,1,0,0,0,0,0,0,0,0,Sí,Sí,No,No
A-2024-07-119,2024-07-20,2024,7,Julio,sábado,16:30,16,Tarde,Sí,LIMA,LIMA,VILLA EL SALVADOR,URBANA,-12.22142759481516,-76.92059987261845,ATROPELLO,1,0,1,No,No,AVENIDA,URBANO,NO CORRESPONDE,DESPEJADO,RESIDENCIAL,TRAMO RECTO,INCLINADA,ASFALTADA,EN PROCESO DE INVESTIGACIÓN,NO CUENTA CON CAUSA ESPECIFICA,2,1,0,1,1,0,1,0,0,0,1,2,0,2,40.5,31,50,0,0,0,0,0,0,NA,1,1,0,0,0,0,0,0,0,0,0,0,Sí,No,No,No
A-2024-07-121,2024-07-21,2024,7,Julio,domingo,03:30,3,Madrugada,Sí,LIMA,LIMA,CHORRILLOS,URBANA,-12.214798929916475,-76.97656200215687,CHOQUE,1,1,2,Sí,No,CARRETERA,NACIONAL,PE-1S,DESPEJADO,COMERCIAL,TRAMO RECTO,PLANA,ASFALTADA,EN PROCESO DE INVESTIGACIÓN,NO CUENTA CON CAUSA ESPECIFICA,3,1,1,1,2,1,0,0,0,1,0,2,1,2,39.5,24,55,0,0,1,1,0,0,NA,2,1,0,1,0,0,0,0,0,0,0,0,Sí,Sí,No,No
A-2024-07-122,2024-07-21,2024,7,Julio,domingo,07:50,7,Mañana,Sí,LIMA,LIMA,SAN JUAN DE LURIGANCHO,URBANA,-12.005755739542066,-77.00630354453264,ATROPELLO FUGA,1,0,1,No,No,AVENIDA,URBANO,NO CORRESPONDE,DESPEJADO,COMERCIAL,TRAMO RECTO,PLANA,ASFALTADA,EN PROCESO DE INVESTIGACIÓN,NO CUENTA CON CAUSA ESPECIFICA,2,1,0,0,1,0,1,0,0,0,1,1,0,1,20,20,20,0,0,0,0,0,0,NA,1,0,0,0,1,0,0,1,0,0,0,0,No,No,Sí,No
A-2024-07-123,2024-07-21,2024,7,Julio,domingo,22:30,22,Noche,Sí,LIMA,LIMA,LA MOLINA,URBANA,-12.076388111888585,-76.97514534170547,CHOQUE,1,0,1,No,No,CARRETERA,NACIONAL,PE-1S,DESPEJADO,COMERCIAL,TRAMO RECTO,PLANA,ASFALTADA,EN PROCESO DE INVESTIGACIÓN,NO CUENTA CON CAUSA ESPECIFICA,2,1,0,1,2,0,0,0,1,0,0,2,0,2,46,37,55,0,0,0,0,0,0,NA,2,1,1,0,0,0,0,0,0,0,0,0,Sí,No,No,No
A-2024-07-125,2024-07-22,2024,7,Julio,lunes,06:55,6,Mañana,No,LIMA,LIMA,SAN MARTIN DE PORRES,URBANA,-12.031195934975363,-77.08246990440594,CHOQUE,1,2,3,Sí,No,AVENIDA,URBANO,NO CORRESPONDE,DESPEJADO,COMERCIAL,TRAMO RECTO,PLANA,ASFALTADA,EN PROCESO DE INVESTIGACIÓN,NO CUENTA CON CAUSA ESPECIFICA,4,1,2,1,2,2,0,0,1,0,0,2,2,4,51.25,29,64,0,1,0,0,0,0,NA,2,0,1,0,1,0,0,2,0,0,0,0,No,No,Sí,No
A-2024-07-124,2024-07-22,2024,7,Julio,lunes,12:00,12,Tarde,No,LIMA,LIMA,PUNTA HERMOSA,URBANA,-12.30868259331959,-76.83637699156124,CHOQUE,1,0,1,No,No,CARRETERA,NACIONAL,PE-1S,DESPEJADO,INDUSTRIAL,TRAMO RECTO,PLANA,ASFALTADA,EN PROCESO DE INVESTIGACIÓN,NO CUENTA CON CAUSA ESPECIFICA,2,1,0,1,2,0,0,0,1,0,0,2,0,2,55.5,47,64,0,1,0,0,0,0,NA,2,0,1,1,0,0,0,0,0,0,0,0,No,Sí,No,No
A-2024-07-126,2024-07-24,2024,7,Julio,miércoles,01:10,1,Madrugada,No,LIMA,LIMA,EL AGUSTINO,URBANA,-12.034956467799615,-77.00384329649837,ATROPELLO,1,0,1,No,No,AVENIDA,URBANO,NO CORRESPONDE,DESPEJADO,COMERCIAL,TRAMO RECTO,PLANA,ASFALTADA,EN PROCESO DE INVESTIGACIÓN,NO CUENTA CON CAUSA ESPECIFICA,2,1,0,1,1,0,1,0,0,0,1,1,1,2,61.5,56,67,0,1,0,0,0,0,NA,1,0,1,0,0,0,0,1,0,0,0,0,No,No,Sí,No
A-2024-07-128,2024-07-24,2024,7,Julio,miércoles,13:45,13,Tarde,No,LIMA,LIMA,PUEBLO LIBRE,URBANA,-12.078733495366762,-77.06605431945458,CHOQUE,1,0,1,No,No,AVENIDA,URBANO,NO CORRESPONDE,DESPEJADO,RESIDENCIAL,TRAMO RECTO,PLANA,ASFALTADA,EN PROCESO DE INVESTIGACIÓN,NO CUENTA CON CAUSA ESPECIFICA,3,1,0,1,2,0,0,0,1,0,0,2,0,2,44,36,52,0,0,0,0,0,0,NA,3,1,2,0,0,0,0,1,0,0,0,0,Sí,No,Sí,No
A-2024-07-127,2024-07-25,2024,7,Julio,jueves,06:20,6,Mañana,No,LIMA,LIMA,EL AGUSTINO,URBANA,-12.031614062573912,-77.00445777153111,CHOQUE,1,1,2,Sí,No,CARRETERA,NACIONAL,PE-1N,DESPEJADO,COMERCIAL,TRAMO RECTO,PLANA,ASFALTADA,EN PROCESO DE INVESTIGACIÓN,NO CUENTA CON CAUSA ESPECIFICA,3,1,1,1,3,0,0,0,1,0,0,3,0,3,40.666666666666664,26,63,0,1,0,0,0,0,NA,3,0,1,2,0,0,0,0,0,0,0,0,No,Sí,No,No
A-2024-07-129,2024-07-25,2024,7,Julio,jueves,12:20,12,Tarde,No,LIMA,LIMA,SAN JUAN DE LURIGANCHO,URBANA,-11.961057106789832,-76.98830056571667,ATROPELLO FUGA,1,0,1,No,No,AVENIDA,URBANO,NO CORRESPONDE,DESPEJADO,COMERCIAL,INTERSECCIÓN,PLANA,ASFALTADA,EN PROCESO DE INVESTIGACIÓN,NO CUENTA CON CAUSA ESPECIFICA,2,1,0,0,1,0,1,0,0,0,1,1,0,1,40,40,40,0,0,0,0,0,0,NA,1,0,0,1,0,0,0,0,0,0,0,0,No,Sí,No,No
A-2024-07-130,2024-07-26,2024,7,Julio,viernes,13:45,13,Tarde,No,LIMA,LIMA,MAGDALENA DEL MAR,URBANA,-12.089714879498837,-77.06591347309129,CHOQUE,1,31,32,Sí,No,AVENIDA,URBANO,NO CORRESPONDE,DESPEJADO,COMERCIAL,INTERSECCIÓN,PLANA,ASFALTADA,EN PROCESO DE INVESTIGACIÓN,NO CUENTA CON CAUSA ESPECIFICA,35,1,31,3,3,31,1,0,0,0,1,4,0,4,38,17,55,1,0,0,0,0,0,NA,3,1,0,0,2,0,0,2,0,0,0,0,Sí,No,Sí,No
A-2024-07-131,2024-07-27,2024,7,Julio,sábado,05:00,5,Madrugada,Sí,LIMA,LIMA,CARABAYLLO,URBANA,-11.89333149607932,-77.02887954798464,DESPISTE,1,0,1,No,No,AVENIDA,URBANO,NO CORRESPONDE,DESPEJADO,COMERCIAL,INTERSECCIÓN,INCLINADA,ASFALTADA,EN PROCESO DE INVESTIGACIÓN,NO CUENTA CON CAUSA ESPECIFICA,1,1,0,0,1,0,0,0,1,0,0,1,0,1,64,64,64,0,1,0,0,0,0,NA,1,0,1,0,0,0,0,1,0,0,0,0,No,No,Sí,No
A-2024-07-132,2024-07-28,2024,7,Julio,domingo,07:55,7,Mañana,Sí,LIMA,LIMA,LURIN,URBANA,-12.275511608670827,-76.89096800507835,ATROPELLO FUGA,1,0,1,No,No,CARRETERA,NACIONAL,PE-1S,DESPEJADO,INDUSTRIAL,TRAMO RECTO,PLANA,ASFALTADA,EN PROCESO DE INVESTIGACIÓN,NO CUENTA CON CAUSA ESPECIFICA,2,1,0,0,1,0,1,0,0,0,1,1,0,0,NA,NA,NA,NA,NA,0,0,0,0,NA,1,0,0,0,0,0,1,0,0,0,0,1,No,No,No,Sí
A-2024-07-133,2024-07-28,2024,7,Julio,domingo,19:50,19,Noche,Sí,LIMA,LIMA,SAN JUAN DE MIRAFLORES,URBANA,-12.139991452109522,-76.98092575070824,ATROPELLO,1,0,1,No,No,CARRETERA,NACIONAL,PE-1S,DESPEJADO,COMERCIAL,TRAMO RECTO,PLANA,ASFALTADA,EN PROCESO DE INVESTIGACIÓN,NO CUENTA CON CAUSA ESPECIFICA,2,1,0,1,1,0,1,0,0,0,1,2,0,1,50,50,50,0,0,0,0,0,0,NA,1,0,1,0,0,0,0,0,0,0,0,0,No,No,No,No
A-2024-07-134,2024-07-30,2024,7,Julio,martes,23:48,23,Noche,No,LIMA,LIMA,SAN MARTIN DE PORRES,URBANA,-12.014150301591329,-77.08711876284981,ATROPELLO,1,0,1,No,No,AVENIDA,URBANO,NO CORRESPONDE,DESPEJADO,COMERCIAL,TRAMO RECTO,PLANA,ASFALTADA,IMPRUDENCIA DEL PEATÓN,ESTADO DE EBRIEDAD Y/O DROGADICCIÓN,2,1,0,1,1,0,1,0,0,0,1,2,0,2,51.5,47,56,0,0,0,0,0,0,NA,1,0,0,0,1,0,0,1,0,0,0,0,No,No,Sí,No
A-2024-08-105,2024-08-01,2024,8,Agosto,jueves,06:00,6,Mañana,No,LIMA,LIMA,LURIN,URBANA,-12.297117325417394,-76.85578655789531,DESPISTE,4,16,20,Sí,Sí,CARRETERA,NACIONAL,PE-1S,DESPEJADO,INDUSTRIAL,TRAMO RECTO,PLANA,ASFALTADA,EN PROCESO DE INVESTIGACIÓN,NO CUENTA CON CAUSA ESPECIFICA,21,4,16,1,1,20,0,0,0,4,0,20,1,3,40,40,40,0,0,0,0,0,0,NA,1,0,0,0,1,0,0,0,0,0,0,0,No,No,No,No
A-2024-08-106,2024-08-01,2024,8,Agosto,jueves,10:30,10,Mañana,No,LIMA,LIMA,PUENTE PIEDRA,URBANA,-11.86643195941559,-77.09008028927042,DESPISTE,1,4,5,Sí,No,CALLE,URBANO,NO CORRESPONDE,DESPEJADO,RESIDENCIAL,TRAMO RECTO,INCLINADA,AFIRMADO,EN PROCESO DE INVESTIGACIÓN,NO CUENTA CON CAUSA ESPECIFICA,5,1,4,0,1,3,1,0,0,1,0,4,1,5,29.8,12,45,1,0,0,1,0,0,NA,1,1,0,0,0,0,0,0,0,1,0,0,Sí,No,No,No
A-2024-08-108,2024-08-02,2024,8,Agosto,viernes,06:00,6,Mañana,No,LIMA,LIMA,ATE,URBANA,-12.008020549031405,-76.8593819552048,ATROPELLO,1,0,1,No,No,CARRETERA,NACIONAL,PE-22,DESPEJADO,COMERCIAL,TRAMO RECTO,PLANA,ASFALTADA,EN PROCESO DE INVESTIGACIÓN,NO CUENTA CON CAUSA ESPECIFICA,2,1,0,1,1,0,1,0,0,0,1,2,0,2,50,37,63,0,1,0,1,0,0,NA,1,0,1,0,0,0,0,1,0,1,0,0,No,No,Sí,No
A-2024-08-107,2024-08-02,2024,8,Agosto,viernes,18:50,18,Noche,No,LIMA,LIMA,SAN JUAN DE LURIGANCHO,URBANA,-11.933320915076363,-76.96882524721453,ATROPELLO,1,1,2,Sí,No,AVENIDA,URBANO,NO CORRESPONDE,DESPEJADO,COMERCIAL,INTERSECCIÓN,PLANA,ASFALTADA,EN PROCESO DE INVESTIGACIÓN,NO CUENTA CON CAUSA ESPECIFICA,3,1,1,1,1,0,2,0,0,0,1,2,1,2,38.5,34,43,0,0,0,0,0,0,NA,1,0,0,0,1,0,0,1,0,0,0,0,No,No,Sí,No
A-2024-08-132,2024-08-03,2024,8,Agosto,sábado,06:00,6,Mañana,Sí,LIMA,LIMA,BREÑA,URBANA,-12.062419813958876,-77.05939282411975,ATROPELLO,1,0,1,No,No,AVENIDA,URBANO,NO CORRESPONDE,DESPEJADO,COMERCIAL,TRAMO RECTO,PLANA,ASFALTADA,EN PROCESO DE INVESTIGACIÓN,NO CUENTA CON CAUSA ESPECIFICA,2,1,0,1,1,0,1,0,0,0,1,1,1,2,59,33,85,0,1,0,0,0,0,NA,1,1,0,0,0,0,0,0,0,0,0,0,Sí,No,No,No
A-2024-08-111,2024-08-04,2024,8,Agosto,domingo,03:30,3,Madrugada,Sí,LIMA,LIMA,COMAS,URBANA,-11.916075334028465,-77.04092219260963,ATROPELLO,1,0,1,No,No,AVENIDA,URBANO,NO CORRESPONDE,DESPEJADO,COMERCIAL,INTERSECCIÓN,INCLINADA,ASFALTADA,EN PROCESO DE INVESTIGACIÓN,NO CUENTA CON CAUSA ESPECIFICA,2,1,0,1,1,0,1,0,0,0,1,1,1,2,57.5,42,73,0,1,0,0,0,0,NA,1,0,0,0,1,0,0,1,0,0,0,0,No,No,Sí,No
A-2024-08-109,2024-08-04,2024,8,Agosto,domingo,07:50,7,Mañana,Sí,LIMA,LIMA,ATE,URBANA,-12.04229831551716,-76.90487987600049,ATROPELLO,1,0,1,No,No,AVENIDA,URBANO,NO CORRESPONDE,DESPEJADO,RESIDENCIAL,INTERSECCIÓN,INCLINADA,ASFALTADA,EN PROCESO DE INVESTIGACIÓN,NO CUENTA CON CAUSA ESPECIFICA,2,1,0,1,1,0,1,0,0,0,1,2,0,2,53,47,59,0,0,0,0,0,0,NA,1,0,0,0,1,0,0,1,0,0,0,0,No,No,Sí,No
A-2024-08-110,2024-08-04,2024,8,Agosto,domingo,08:00,8,Mañana,Sí,LIMA,LIMA,LOS OLIVOS,URBANA,-11.945618705705717,-77.07106448629736,CHOQUE,1,0,1,No,No,CARRETERA,NACIONAL,PE-1N,DESPEJADO,COMERCIAL,TRAMO RECTO,INCLINADA,ASFALTADA,EN PROCESO DE INVESTIGACIÓN,NO CUENTA CON CAUSA ESPECIFICA,2,1,0,1,2,0,0,0,1,0,0,2,0,2,34.5,22,47,0,0,1,1,0,0,NA,2,1,1,0,0,0,0,0,0,0,0,0,Sí,No,No,No
A-2024-08-112,2024-08-04,2024,8,Agosto,domingo,14:30,14,Tarde,Sí,LIMA,LIMA,LIMA,URBANA,-12.055281955401178,-77.07859939105998,DESPISTE,1,0,1,No,No,JIRÓN,URBANO,NO CORRESPONDE,DESPEJADO,RESIDENCIAL,TRAMO RECTO,PLANA,ASFALTADA,EN PROCESO DE INVESTIGACIÓN,NO CUENTA CON CAUSA ESPECIFICA,1,1,0,0,1,0,0,0,1,0,0,1,0,1,63,63,63,0,1,0,0,0,0,NA,1,0,1,0,0,0,0,0,0,0,0,0,No,No,No,No
A-2024-08-113,2024-08-04,2024,8,Agosto,domingo,15:30,15,Tarde,Sí,LIMA,LIMA,MAGDALENA DEL MAR,URBANA,-12.101665243914937,-77.06650678276797,DESPISTE,1,0,1,No,No,VIA EXPRESA,URBANO,NO CORRESPONDE,DESPEJADO,COMERCIAL,TRAMO RECTO,PLANA,ASFALTADA,EN PROCESO DE INVESTIGACIÓN,NO CUENTA CON CAUSA ESPECIFICA,1,1,0,0,1,0,0,0,1,0,0,1,0,1,56,56,56,0,0,0,0,0,0,NA,1,1,0,0,0,0,0,0,0,0,0,0,Sí,No,No,No
A-2024-08-114,2024-08-05,2024,8,Agosto,lunes,00:30,0,Madrugada,No,LIMA,LIMA,SAN JUAN DE MIRAFLORES,URBANA,-12.140163801913625,-76.98091506934321,VOLCADURA,1,0,1,No,No,CARRETERA,NACIONAL,PE-1S,DESPEJADO,COMERCIAL,TRAMO RECTO,PLANA,ASFALTADA,EN PROCESO DE INVESTIGACIÓN,NO CUENTA CON CAUSA ESPECIFICA,2,1,0,0,1,0,1,0,0,0,1,1,0,1,28,28,28,0,0,0,0,0,0,NA,1,0,0,0,0,0,1,0,0,0,0,1,No,No,No,Sí
A-2024-08-115,2024-08-06,2024,8,Agosto,martes,04:30,4,Madrugada,No,LIMA,LIMA,RIMAC,URBANA,-12.038360848009699,-77.01420469483864,ATROPELLO,2,0,2,No,Sí,CARRETERA,NACIONAL,PE-1N,DESPEJADO,RESIDENCIAL,TRAMO RECTO,PLANA,ASFALTADA,EN PROCESO DE INVESTIGACIÓN,NO CUENTA CON CAUSA ESPECIFICA,3,2,0,1,1,0,2,0,0,0,2,3,0,2,48.5,38,59,0,0,0,0,0,0,NA,1,0,1,0,0,0,0,0,0,0,0,0,No,No,No,No
A-2024-08-67,2024-08-08,2024,8,Agosto,jueves,09:00,9,Mañana,No,CALLAO,CALLAO,VENTANILLA,URBANA,-11.8361090380531,-77.1463166890908,ATROPELLO FUGA,1,0,1,No,No,AVENIDA,URBANO,NO CORRESPONDE,DESPEJADO,RESIDENCIAL,INTERSECCIÓN,PLANA,ASFALTADA,EN PROCESO DE INVESTIGACIÓN,NO CUENTA CON CAUSA ESPECIFICA,2,1,0,0,1,0,1,0,0,0,1,1,0,1,80,80,80,0,1,0,0,0,0,NA,1,0,0,0,0,0,1,0,0,0,0,1,No,No,No,Sí
A-2024-08-116,2024-08-10,2024,8,Agosto,sábado,03:50,3,Madrugada,Sí,LIMA,LIMA,SAN MARTIN DE PORRES,URBANA,-12.035480186640056,-77.04780897267598,ATROPELLO,1,0,1,No,No,CARRETERA,NACIONAL,PE-1N,DESPEJADO,COMERCIAL,TRAMO RECTO,PLANA,ASFALTADA,IMPRUDENCIA DEL PEATÓN,ESTADO DE EBRIEDAD Y/O DROGADICCIÓN,2,1,0,1,1,0,1,0,0,0,1,2,0,2,28.5,27,30,0,0,0,0,0,0,NA,1,0,1,0,0,0,0,0,0,0,0,0,No,No,No,No
A-2024-08-117,2024-08-10,2024,8,Agosto,sábado,04:40,4,Madrugada,Sí,LIMA,LIMA,VILLA MARIA DEL TRIUNFO,URBANA,-12.20687179368831,-76.90640770180012,ATROPELLO FUGA,1,0,1,No,No,JIRÓN,URBANO,NO CORRESPONDE,DESPEJADO,RESIDENCIAL,INTERSECCIÓN,PLANA,ASFALTADA,EN PROCESO DE INVESTIGACIÓN,NO CUENTA CON CAUSA ESPECIFICA,2,1,0,0,1,0,1,0,0,0,1,1,0,1,84,84,84,0,1,0,0,0,0,NA,1,0,0,0,0,0,1,0,0,0,0,1,No,No,No,Sí
A-2024-08-119,2024-08-10,2024,8,Agosto,sábado,23:50,23,Noche,Sí,LIMA,LIMA,SANTA ANITA,URBANA,-12.050783099984635,-76.96202197124389,ATROPELLO,1,0,1,No,No,AVENIDA,URBANO,NO CORRESPONDE,DESPEJADO,COMERCIAL,TRAMO RECTO,PLANA,ASFALTADA,EN PROCESO DE INVESTIGACIÓN,NO CUENTA CON CAUSA ESPECIFICA,2,1,0,1,1,0,1,0,0,0,1,2,0,1,28,28,28,0,0,0,0,0,0,NA,1,0,1,0,0,0,0,0,0,0,0,0,No,No,No,No
A-2024-08-121,2024-08-11,2024,8,Agosto,domingo,01:40,1,Madrugada,Sí,LIMA,LIMA,SAN LUIS,URBANA,-12.067421804800324,-76.99002194985424,CHOQUE,1,0,1,No,No,JIRÓN,URBANO,NO CORRESPONDE,DESPEJADO,INDUSTRIAL,TRAMO RECTO,PLANA,ASFALTADA,EN PROCESO DE INVESTIGACIÓN,NO CUENTA CON CAUSA ESPECIFICA,2,1,0,0,1,0,0,0,1,0,0,1,0,1,22,22,22,0,0,1,1,0,0,NA,2,1,0,1,0,0,0,0,0,2,0,0,Sí,Sí,No,No
A-2024-08-120,2024-08-11,2024,8,Agosto,domingo,05:00,5,Madrugada,Sí,LIMA,LIMA,CHORRILLOS,URBANA,-12.205815647463387,-76.97475433527437,ATROPELLO,1,0,1,No,No,CARRETERA,NACIONAL,PE-1S,DESPEJADO,INDUSTRIAL,TRAMO RECTO,PLANA,ASFALTADA,EN PROCESO DE INVESTIGACIÓN,NO CUENTA CON CAUSA ESPECIFICA,2,1,0,1,1,0,1,0,0,0,1,2,0,1,57,57,57,0,0,0,0,0,0,NA,1,0,1,0,0,0,0,0,0,0,0,0,No,No,No,No
A-2024-08-118,2024-08-11,2024,8,Agosto,domingo,07:50,7,Mañana,Sí,LIMA,LIMA,LA VICTORIA,URBANA,-12.074053718282075,-77.01108483495699,ATROPELLO,1,1,2,Sí,No,AVENIDA,URBANO,NO CORRESPONDE,DESPEJADO,COMERCIAL,TRAMO RECTO,PLANA,ASFALTADA,EN PROCESO DE INVESTIGACIÓN,NO CUENTA CON CAUSA ESPECIFICA,2,1,1,0,1,0,1,0,1,0,0,2,0,2,46.5,26,67,0,1,0,0,0,0,NA,1,1,0,0,0,0,0,0,0,0,0,0,Sí,No,No,No
A-2024-08-122,2024-08-11,2024,8,Agosto,domingo,14:45,14,Tarde,Sí,LIMA,LIMA,RIMAC,URBANA,-12.04178807370041,-77.01976772853801,VOLCADURA,1,0,1,No,No,CARRETERA,NACIONAL,PE-1N,DESPEJADO,COMERCIAL,TRAMO RECTO,INCLINADA,ASFALTADA,EN PROCESO DE INVESTIGACIÓN,NO CUENTA CON CAUSA ESPECIFICA,2,1,0,0,2,0,0,0,1,0,0,1,0,1,57,57,57,0,0,0,0,0,0,NA,2,1,0,0,0,0,1,0,0,0,0,1,Sí,No,No,Sí
A-2024-08-123,2024-08-12,2024,8,Agosto,lunes,03:30,3,Madrugada,No,LIMA,LIMA,SAN ISIDRO,URBANA,-12.0993752386971,-77.01819648576925,CHOQUE,1,0,1,No,No,AVENIDA,URBANO,NO CORRESPONDE,DESPEJADO,RESIDENCIAL,TRAMO RECTO,PLANA,ASFALTADA,EN PROCESO DE INVESTIGACIÓN,NO CUENTA CON CAUSA ESPECIFICA,2,1,0,1,2,0,0,0,1,0,0,2,0,2,53,35,71,0,1,0,0,0,0,NA,2,0,2,0,0,0,0,0,0,0,0,0,No,No,No,No
A-2024-08-124,2024-08-12,2024,8,Agosto,lunes,10:12,10,Mañana,No,LIMA,LIMA,ATE,URBANA,-12.008453078150815,-76.86223978193883,FERROVIARIO,1,0,1,No,No,AVENIDA,URBANO,NO CORRESPONDE,DESPEJADO,COMERCIAL,TRAMO RECTO,PLANA,ASFALTADA,EN PROCESO DE INVESTIGACIÓN,NO CUENTA CON CAUSA ESPECIFICA,2,1,0,1,1,0,1,0,0,0,1,2,0,1,65,65,65,0,1,0,0,0,0,NA,1,0,0,0,0,0,0,0,0,0,0,0,No,No,No,No
A-2024-08-125,2024-08-12,2024,8,Agosto,lunes,20:00,20,Noche,No,LIMA,LIMA,RIMAC,URBANA,-12.039871914988423,-77.03026863362967,ATROPELLO,1,0,1,No,No,AVENIDA,URBANO,NO CORRESPONDE,DESPEJADO,RESIDENCIAL,INTERSECCIÓN,PLANA,ASFALTADA,EN PROCESO DE INVESTIGACIÓN,NO CUENTA CON CAUSA ESPECIFICA,2,1,0,1,1,0,1,0,0,0,1,1,1,2,48.5,46,51,0,0,0,0,0,0,NA,1,0,0,0,1,0,0,1,0,0,0,0,No,No,Sí,No
A-2024-08-126,2024-08-13,2024,8,Agosto,martes,06:55,6,Mañana,No,LIMA,LIMA,CARABAYLLO,URBANA,-11.886573985426548,-77.03180474960081,ATROPELLO,1,0,1,No,No,AVENIDA,URBANO,NO CORRESPONDE,DESPEJADO,COMERCIAL,TRAMO RECTO,PLANA,ASFALTADA,EN PROCESO DE INVESTIGACIÓN,NO CUENTA CON CAUSA ESPECIFICA,2,1,0,1,1,0,1,0,0,0,1,1,1,2,37.5,19,56,0,0,0,0,0,0,NA,1,1,0,0,0,0,0,0,0,0,0,0,Sí,No,No,No
A-2024-08-127,2024-08-15,2024,8,Agosto,jueves,07:00,7,Mañana,No,LIMA,LIMA,ATE,URBANA,-12.006443750678635,-76.85009112695346,ATROPELLO FUGA,1,0,1,No,No,CARRETERA,NACIONAL,PE-22,DESPEJADO,COMERCIAL,TRAMO RECTO,PLANA,ASFALTADA,EN PROCESO DE INVESTIGACIÓN,NO CUENTA CON CAUSA ESPECIFICA,2,1,0,1,1,0,1,0,0,0,1,2,0,1,61,61,61,0,1,0,0,0,0,NA,1,0,0,0,1,0,0,0,0,0,0,0,No,No,No,No
A-2024-08-128,2024-08-15,2024,8,Agosto,jueves,08:30,8,Mañana,No,LIMA,LIMA,SAN JUAN DE LURIGANCHO,URBANA,-11.94723430522768,-76.9855999204485,CHOQUE,1,0,1,No,No,AVENIDA,URBANO,NO CORRESPONDE,DESPEJADO,COMERCIAL,INTERSECCIÓN,PLANA,ASFALTADA,EN PROCESO DE INVESTIGACIÓN,NO CUENTA CON CAUSA ESPECIFICA,2,1,0,1,2,0,0,0,1,0,0,2,0,1,61,61,61,0,1,0,0,0,0,NA,2,1,0,1,0,0,0,0,0,0,0,0,Sí,Sí,No,No
A-2024-08-129,2024-08-15,2024,8,Agosto,jueves,20:15,20,Noche,No,LIMA,LIMA,SAN MARTIN DE PORRES,URBANA,-12.008039800534682,-77.08568638266051,ATROPELLO,1,0,1,No,No,AVENIDA,URBANO,NO CORRESPONDE,DESPEJADO,RESIDENCIAL,TRAMO RECTO,PLANA,ASFALTADA,EN PROCESO DE INVESTIGACIÓN,NO CUENTA CON CAUSA ESPECIFICA,2,1,0,1,1,0,1,0,0,0,1,1,1,2,51.5,27,76,0,1,0,1,0,0,NA,1,1,0,0,0,0,0,0,0,0,0,0,Sí,No,No,No
A-2024-08-130,2024-08-16,2024,8,Agosto,viernes,20:50,20,Noche,No,LIMA,LIMA,ATE,URBANA,-12.058929998026,-76.97303106972156,VOLCADURA,1,0,1,No,No,CARRETERA,NACIONAL,PE-1S,DESPEJADO,COMERCIAL,TRAMO RECTO,INCLINADA,ASFALTADA,EN PROCESO DE INVESTIGACIÓN,NO CUENTA CON CAUSA ESPECIFICA,2,1,0,0,1,0,1,0,0,0,1,1,0,1,32,32,32,0,0,0,0,0,0,NA,1,1,0,0,0,0,0,0,0,0,0,0,Sí,No,No,No
A-2024-08-131,2024-08-18,2024,8,Agosto,domingo,03:30,3,Madrugada,Sí,LIMA,LIMA,COMAS,URBANA,-11.937691269867011,-77.07166018481297,ATROPELLO,1,0,1,No,No,CARRETERA,NACIONAL,PE-1N,DESPEJADO,COMERCIAL,INTERSECCIÓN,PLANA,ASFALTADA,EN PROCESO DE INVESTIGACIÓN,NO CUENTA CON CAUSA ESPECIFICA,2,1,0,1,1,0,1,0,0,0,1,2,0,2,43.5,42,45,0,0,0,1,0,0,NA,1,0,1,0,0,0,0,0,0,0,0,0,No,No,No,No
A-2024-08-133,2024-08-18,2024,8,Agosto,domingo,07:40,7,Mañana,Sí,LIMA,LIMA,SAN BORJA,URBANA,-12.102550800098458,-76.97938786936827,DESPISTE,1,0,1,No,No,CARRETERA,NACIONAL,PE-1S,DESPEJADO,COMERCIAL,TRAMO RECTO,PLANA,ASFALTADA,EN PROCESO DE INVESTIGACIÓN,NO CUENTA CON CAUSA ESPECIFICA,1,1,0,0,1,0,0,0,1,0,0,1,0,1,27,27,27,0,0,0,0,0,0,NA,1,1,0,0,0,0,0,0,1,0,0,0,Sí,No,No,No
A-2024-08-134,2024-08-19,2024,8,Agosto,lunes,13:45,13,Tarde,No,LIMA,LIMA,BREÑA,URBANA,-12.06813172781694,-77.04819942873605,ATROPELLO,1,0,1,No,No,AVENIDA,URBANO,NO CORRESPONDE,DESPEJADO,RESIDENCIAL,INTERSECCIÓN,PLANA,ASFALTADA,EN PROCESO DE INVESTIGACIÓN,NO CUENTA CON CAUSA ESPECIFICA,2,1,0,1,1,0,1,0,0,0,1,1,1,2,74,73,75,0,2,0,0,0,0,NA,1,0,0,0,1,0,0,1,0,0,0,0,No,No,Sí,No
A-2024-08-135,2024-08-20,2024,8,Agosto,martes,01:40,1,Madrugada,No,LIMA,LIMA,PUENTE PIEDRA,URBANA,-11.880177696204973,-77.06882364504403,CHOQUE,1,2,3,Sí,No,CARRETERA,NACIONAL,PE-1N,DESPEJADO,COMERCIAL,TRAMO RECTO,PLANA,ASFALTADA,EN PROCESO DE INVESTIGACIÓN,NO CUENTA CON CAUSA ESPECIFICA,4,1,2,0,2,2,0,0,0,1,0,2,1,3,39,19,56,0,0,0,0,0,0,NA,2,0,1,1,0,0,0,0,0,0,0,0,No,Sí,No,No
A-2024-08-136,2024-08-21,2024,8,Agosto,miércoles,01:10,1,Madrugada,No,LIMA,LIMA,SANTIAGO DE SURCO,URBANA,-12.118813432670164,-76.97730044092215,CHOQUE,1,1,2,Sí,No,CARRETERA,NACIONAL,PE-1S,DESPEJADO,RESIDENCIAL,TRAMO RECTO,PLANA,ASFALTADA,EN PROCESO DE INVESTIGACIÓN,NO CUENTA CON CAUSA ESPECIFICA,3,1,1,1,2,1,0,0,0,1,0,2,1,2,41.5,41,42,0,0,0,0,0,0,NA,2,0,1,1,0,0,0,1,0,0,0,0,No,Sí,Sí,No
A-2024-08-137,2024-08-21,2024,8,Agosto,miércoles,21:30,21,Noche,No,LIMA,LIMA,LA VICTORIA,URBANA,-12.067248386684353,-76.99729037819188,ATROPELLO,1,0,1,No,No,AVENIDA,URBANO,NO CORRESPONDE,DESPEJADO,COMERCIAL,INTERSECCIÓN,PLANA,ASFALTADA,EN PROCESO DE INVESTIGACIÓN,NO CUENTA CON CAUSA ESPECIFICA,2,1,0,1,1,0,1,0,0,0,1,1,1,2,44,30,58,0,0,0,0,0,0,NA,1,0,0,1,0,0,0,0,0,0,0,0,No,Sí,No,No
A-2024-08-138,2024-08-22,2024,8,Agosto,jueves,01:30,1,Madrugada,No,LIMA,LIMA,LOS OLIVOS,URBANA,-11.947555245922837,-77.07391951539456,CHOQUE,1,0,1,No,No,AVENIDA,URBANO,NO CORRESPONDE,DESPEJADO,COMERCIAL,TRAMO RECTO,PLANA,ASFALTADA,EN PROCESO DE INVESTIGACIÓN,NO CUENTA CON CAUSA ESPECIFICA,2,1,0,1,2,0,0,0,1,0,0,2,0,2,34.5,21,48,0,0,0,0,0,0,NA,2,1,0,1,0,0,0,0,0,0,0,0,Sí,Sí,No,No
A-2024-08-139,2024-08-23,2024,8,Agosto,viernes,20:40,20,Noche,No,LIMA,LIMA,LIMA,URBANA,-12.048476055276659,-77.0421107457921,ATROPELLO,1,0,1,No,No,JIRÓN,URBANO,NO CORRESPONDE,DESPEJADO,RESIDENCIAL,TRAMO RECTO,PLANA,ASFALTADA,EN PROCESO DE INVESTIGACIÓN,NO CUENTA CON CAUSA ESPECIFICA,2,1,0,1,1,0,1,0,0,0,1,2,0,1,43,43,43,0,0,0,0,0,0,NA,1,0,0,1,0,0,0,0,0,0,0,0,No,Sí,No,No
A-2024-08-140,2024-08-25,2024,8,Agosto,domingo,00:45,0,Madrugada,Sí,LIMA,LIMA,COMAS,URBANA,-11.930438712208096,-77.0526313740967,DESPISTE,1,1,2,Sí,No,AVENIDA,URBANO,NO CORRESPONDE,DESPEJADO,COMERCIAL,TRAMO RECTO,PLANA,ASFALTADA,EN PROCESO DE INVESTIGACIÓN,NO CUENTA CON CAUSA ESPECIFICA,2,1,1,0,1,1,0,0,1,0,0,1,1,2,21.5,18,25,0,0,0,0,0,0,NA,1,1,0,0,0,0,0,0,0,0,0,0,Sí,No,No,No
A-2024-08-91,2024-08-25,2024,8,Agosto,domingo,19:15,19,Noche,Sí,LIMA,LIMA,SAN JUAN DE LURIGANCHO,URBANA,-11.9706044857485,-77.0057359559185,ATROPELLO FUGA,1,0,1,No,No,AVENIDA,URBANO,NO CORRESPONDE,DESPEJADO,COMERCIAL,INTERSECCIÓN,PLANA,ASFALTADA,EN PROCESO DE INVESTIGACIÓN,NO CUENTA CON CAUSA ESPECIFICA,2,1,0,0,1,0,1,0,0,0,1,1,0,1,59,59,59,0,0,0,0,0,0,NA,1,0,0,0,0,0,1,0,0,0,0,1,No,No,No,Sí
A-2024-08-141,2024-08-26,2024,8,Agosto,lunes,18:00,18,Noche,No,LIMA,LIMA,SANTIAGO DE SURCO,URBANA,-12.11032745787183,-76.97816138055343,CHOQUE,1,0,1,No,No,CARRETERA,NACIONAL,PE-1S,DESPEJADO,RESIDENCIAL,TRAMO RECTO,INCLINADA,ASFALTADA,EN PROCESO DE INVESTIGACIÓN,NO CUENTA CON CAUSA ESPECIFICA,3,1,0,2,2,1,0,0,0,1,0,2,1,3,35.333333333333336,19,60,0,1,0,0,0,0,NA,2,1,0,1,0,0,0,0,0,2,0,0,Sí,Sí,No,No
A-2024-08-142,2024-08-27,2024,8,Agosto,martes,17:30,17,Tarde,No,LIMA,LIMA,PACHACAMAC,URBANA,-12.219039357749486,-76.85588384500072,ATROPELLO FUGA,1,0,1,No,No,CALLE,URBANO,NO CORRESPONDE,DESPEJADO,RESIDENCIAL,TRAMO RECTO,PLANA,AFIRMADO,EN PROCESO DE INVESTIGACIÓN,NO CUENTA CON CAUSA ESPECIFICA,2,1,0,0,1,0,1,0,0,0,1,1,0,0,NA,NA,NA,NA,NA,0,0,0,0,NA,1,0,0,0,0,0,1,0,0,0,0,1,No,No,No,Sí
A-2024-08-143,2024-08-27,2024,8,Agosto,martes,20:20,20,Noche,No,LIMA,LIMA,SANTIAGO DE SURCO,URBANA,-12.113098042952329,-76.9924970312784,CAÍDA DE PASAJERO,1,0,1,No,No,AVENIDA,URBANO,NO CORRESPONDE,DESPEJADO,COMERCIAL,INTERSECCIÓN,PLANA,ASFALTADA,EN PROCESO DE INVESTIGACIÓN,NO CUENTA CON CAUSA ESPECIFICA,2,1,0,1,1,1,0,0,0,1,0,2,0,2,59,47,71,0,1,0,0,0,0,NA,1,0,0,0,1,0,0,1,0,0,0,0,No,No,Sí,No
A-2024-08-148,2024-08-28,2024,8,Agosto,miércoles,05:15,5,Madrugada,No,LIMA,LIMA,ATE,URBANA,-12.028884367488416,-76.92390041894586,CAÍDA DE PASAJERO,1,0,1,No,No,AVENIDA,URBANO,NO CORRESPONDE,DESPEJADO,COMERCIAL,INTERSECCIÓN,PLANA,ASFALTADA,EN PROCESO DE INVESTIGACIÓN,NO CUENTA CON CAUSA ESPECIFICA,2,1,0,0,1,1,0,0,0,1,0,1,0,1,46,46,46,0,0,0,0,0,0,NA,1,0,0,0,0,0,1,0,0,0,0,1,No,No,No,Sí
A-2024-08-144,2024-08-28,2024,8,Agosto,miércoles,12:30,12,Tarde,No,LIMA,LIMA,EL AGUSTINO,URBANA,-12.03488902555925,-76.99466642316598,DESPISTE,1,0,1,No,No,AVENIDA,URBANO,NO CORRESPONDE,DESPEJADO,RESIDENCIAL,CURVA,INCLINADA,ASFALTADA,EN PROCESO DE INVESTIGACIÓN,NO CUENTA CON CAUSA ESPECIFICA,1,1,0,0,1,0,0,0,1,0,0,1,0,1,36,36,36,0,0,0,0,0,0,NA,1,1,0,0,0,0,0,0,1,0,0,0,Sí,No,No,No
A-2024-08-145,2024-08-28,2024,8,Agosto,miércoles,14:14,14,Tarde,No,LIMA,LIMA,JESUS MARIA,URBANA,-12.079343096645006,-77.0482444757764,ATROPELLO FUGA,1,0,1,No,No,AVENIDA,URBANO,NO CORRESPONDE,DESPEJADO,RESIDENCIAL,TRAMO RECTO,PLANA,ASFALTADA,EN PROCESO DE INVESTIGACIÓN,NO CUENTA CON CAUSA ESPECIFICA,2,1,0,0,1,0,1,0,0,0,1,1,0,1,71,71,71,0,1,0,0,0,0,NA,1,0,0,1,0,0,0,0,0,0,0,0,No,Sí,No,No
A-2024-08-146,2024-08-28,2024,8,Agosto,miércoles,18:20,18,Noche,No,LIMA,LIMA,CARABAYLLO,URBANA,-11.846589458734812,-76.99604160080257,ATROPELLO,1,0,1,No,No,AVENIDA,URBANO,NO CORRESPONDE,DESPEJADO,ESCOLAR,TRAMO RECTO,INCLINADA,AFIRMADO,EN PROCESO DE INVESTIGACIÓN,NO CUENTA CON CAUSA ESPECIFICA,2,1,0,1,1,0,1,0,0,0,1,2,0,2,26.5,9,44,1,0,0,0,0,0,NA,1,0,0,0,1,0,0,1,0,0,0,0,No,No,Sí,No
A-2024-08-147,2024-08-29,2024,8,Agosto,jueves,08:50,8,Mañana,No,LIMA,LIMA,CARABAYLLO,URBANA,-11.85875444387808,-77.04523542238633,CHOQUE,1,0,1,No,No,CARRETERA,PROVINCIAL,LM-691,DESPEJADO,RESIDENCIAL,INTERSECCIÓN,PLANA,ASFALTADA,EN PROCESO DE INVESTIGACIÓN,NO CUENTA CON CAUSA ESPECIFICA,2,1,0,1,2,0,0,0,1,0,0,2,0,2,38,29,47,0,0,0,0,0,0,NA,2,1,0,1,0,0,0,0,0,0,0,0,Sí,Sí,No,No
A-2024-08-149,2024-08-30,2024,8,Agosto,viernes,17:00,17,Tarde,No,LIMA,LIMA,SAN MARTIN DE PORRES,URBANA,-11.991151275854051,-77.10242694797752,ATROPELLO FUGA,1,0,1,No,No,CALLE,URBANO,NO CORRESPONDE,DESPEJADO,RESIDENCIAL,INTERSECCIÓN,PLANA,ASFALTADA,EN PROCESO DE INVESTIGACIÓN,NO CUENTA CON CAUSA ESPECIFICA,2,1,0,0,1,0,1,0,0,0,1,1,0,1,15,15,15,1,0,0,0,0,0,NA,1,0,0,0,0,0,1,0,0,0,0,1,No,No,No,Sí
A-2024-08-151,2024-08-30,2024,8,Agosto,viernes,20:20,20,Noche,No,LIMA,LIMA,SAN JUAN DE LURIGANCHO,URBANA,-11.974879958858725,-77.00004540641497,ATROPELLO,1,0,1,No,No,AVENIDA,URBANO,NO CORRESPONDE,DESPEJADO,ESCOLAR,TRAMO RECTO,PLANA,ASFALTADA,EN PROCESO DE INVESTIGACIÓN,NO CUENTA CON CAUSA ESPECIFICA,2,1,0,1,1,0,1,0,0,0,1,2,0,2,53,39,67,0,1,0,0,0,0,NA,1,0,0,0,1,0,0,1,0,0,0,0,No,No,Sí,No
A-2024-08-66,2024-08-31,2024,8,Agosto,sábado,09:00,9,Mañana,Sí,CALLAO,CALLAO,VENTANILLA,URBANA,-11.877639263973126,-77.12690970841041,ATROPELLO FUGA,1,0,1,No,No,CARRETERA,NACIONAL,PE-20,NA,NA,NA,NA,NA,EN PROCESO DE INVESTIGACIÓN,NO CUENTA CON CAUSA ESPECIFICA,2,1,0,0,1,0,1,0,0,0,1,0,1,1,80,80,80,0,1,0,0,0,0,NA,1,0,0,0,0,0,1,0,0,0,0,1,No,No,No,Sí
A-2024-08-150,2024-08-31,2024,8,Agosto,sábado,19:30,19,Noche,Sí,LIMA,LIMA,CHORRILLOS,URBANA,-12.198478758912882,-76.98095948357955,ATROPELLO,1,1,2,Sí,No,AVENIDA,URBANO,NO CORRESPONDE,DESPEJADO,ESCOLAR,INTERSECCIÓN,PLANA,ASFALTADA,EN PROCESO DE INVESTIGACIÓN,NO CUENTA CON CAUSA ESPECIFICA,2,1,1,0,1,0,1,0,1,0,0,1,1,2,43,26,60,0,1,1,1,0,0,NA,1,1,0,0,0,0,0,0,1,0,0,0,Sí,No,No,No
A-2024-09-95,2024-09-01,2024,9,Setiembre,domingo,11:30,11,Mañana,Sí,LIMA,LIMA,VILLA EL SALVADOR,URBANA,-12.244648889510342,-76.9206833937598,ATROPELLO,1,0,1,No,No,AVENIDA,URBANO,NO CORRESPONDE,DESPEJADO,ESCOLAR,TRAMO RECTO,INCLINADA,ASFALTADA,EN PROCESO DE INVESTIGACIÓN,NO CUENTA CON CAUSA ESPECIFICA,2,1,0,1,1,0,1,0,0,0,1,2,0,2,37.5,29,46,0,0,0,0,0,0,NA,1,0,0,0,1,0,0,1,0,0,0,0,No,No,Sí,No
A-2024-09-96,2024-09-01,2024,9,Setiembre,domingo,20:50,20,Noche,Sí,LIMA,LIMA,SAN BARTOLO,URBANA,-12.384193818783762,-76.77118616307789,DESPISTE,2,5,7,Sí,Sí,CARRETERA,NACIONAL,PE-1S,DESPEJADO,INDUSTRIAL,TRAMO RECTO,PLANA,ASFALTADA,EN PROCESO DE INVESTIGACIÓN,NO CUENTA CON CAUSA ESPECIFICA,7,2,5,0,1,6,0,0,0,2,0,3,4,7,53.57142857142857,21,92,0,2,0,0,0,0,NA,1,0,1,0,0,0,0,0,0,0,0,0,No,No,No,No
A-2024-09-97,2024-09-01,2024,9,Setiembre,domingo,23:50,23,Noche,Sí,LIMA,LIMA,CHORRILLOS,URBANA,-12.197079968597212,-76.973293745685,ATROPELLO FUGA,1,0,1,No,No,CARRETERA,NACIONAL,PE-1S,DESPEJADO,COMERCIAL,TRAMO RECTO,PLANA,ASFALTADA,EN PROCESO DE INVESTIGACIÓN,NO CUENTA CON CAUSA ESPECIFICA,2,1,0,1,1,0,1,0,0,0,1,2,0,1,33,33,33,0,0,0,0,0,0,NA,1,0,1,0,0,0,0,1,0,1,0,0,No,No,Sí,No
A-2024-09-98,2024-09-01,2024,9,Setiembre,domingo,23:58,23,Noche,Sí,LIMA,LIMA,ATE,URBANA,-12.007655252440173,-76.85677555835976,ATROPELLO FUGA,1,0,1,No,No,CARRETERA,NACIONAL,PE-22,DESPEJADO,COMERCIAL,TRAMO RECTO,PLANA,ASFALTADA,EN PROCESO DE INVESTIGACIÓN,NO CUENTA CON CAUSA ESPECIFICA,2,1,0,0,1,0,1,0,0,0,1,1,0,1,46,46,46,0,0,0,0,0,0,NA,1,0,0,0,0,0,1,0,0,0,0,1,No,No,No,Sí
A-2024-09-99,2024-09-07,2024,9,Setiembre,sábado,04:45,4,Madrugada,Sí,LIMA,LIMA,SAN JUAN DE MIRAFLORES,URBANA,-12.150805565344495,-76.97924230900693,ATROPELLO,1,0,1,No,No,AVENIDA,URBANO,NO CORRESPONDE,DESPEJADO,COMERCIAL,TRAMO RECTO,INCLINADA,ASFALTADA,EN PROCESO DE INVESTIGACIÓN,NO CUENTA CON CAUSA ESPECIFICA,2,1,0,1,1,0,1,0,0,0,1,2,0,2,36.5,28,45,0,0,0,0,0,0,NA,1,0,1,0,0,0,0,0,0,0,0,0,No,No,No,No
A-2024-09-101,2024-09-07,2024,9,Setiembre,sábado,13:30,13,Tarde,Sí,LIMA,LIMA,SAN JUAN DE LURIGANCHO,URBANA,-11.963466081748459,-76.97980904835953,ATROPELLO,1,0,1,No,No,AVENIDA,URBANO,NO CORRESPONDE,DESPEJADO,COMERCIAL,TRAMO RECTO,PLANA,ASFALTADA,EN PROCESO DE INVESTIGACIÓN,NO CUENTA CON CAUSA ESPECIFICA,2,1,0,1,1,0,1,0,0,0,1,2,0,2,48.5,28,69,0,1,1,1,0,0,NA,1,1,0,0,0,0,0,0,0,0,0,0,Sí,No,No,No
A-2024-09-100,2024-09-07,2024,9,Setiembre,sábado,22:00,22,Noche,Sí,LIMA,LIMA,CHORRILLOS,URBANA,-12.200616655742168,-76.99624757240655,DESPISTE,1,0,1,No,No,AVENIDA,URBANO,NO CORRESPONDE,DESPEJADO,INDUSTRIAL,INTERSECCIÓN,PLANA,ASFALTADA,EN PROCESO DE INVESTIGACIÓN,NO CUENTA CON CAUSA ESPECIFICA,1,1,0,0,1,0,0,0,1,0,0,1,0,1,28,28,28,0,0,0,0,0,0,NA,1,0,1,0,0,0,0,0,0,0,0,0,No,No,No,No
A-2024-09-102,2024-09-11,2024,9,Setiembre,miércoles,16:20,16,Tarde,No,LIMA,LIMA,VILLA EL SALVADOR,URBANA,-12.223876023943266,-76.9198851055976,ATROPELLO,1,0,1,No,No,AVENIDA,URBANO,NO CORRESPONDE,DESPEJADO,ESCOLAR,TRAMO RECTO,INCLINADA,ASFALTADA,EN PROCESO DE INVESTIGACIÓN,NO CUENTA CON CAUSA ESPECIFICA,2,1,0,1,1,0,1,0,0,0,1,2,0,2,60.5,51,70,0,1,0,0,0,0,NA,1,0,0,1,0,0,0,0,0,0,0,0,No,Sí,No,No
A-2024-09-103,2024-09-14,2024,9,Setiembre,sábado,01:40,1,Madrugada,Sí,LIMA,LIMA,BARRANCO,URBANA,-12.144651232460243,-77.02539669807277,ATROPELLO FUGA,1,0,1,No,No,VIA EXPRESA,URBANO,NO CORRESPONDE,DESPEJADO,COMERCIAL,TRAMO RECTO,PLANA,ASFALTADA,EN PROCESO DE INVESTIGACIÓN,NO CUENTA CON CAUSA ESPECIFICA,2,1,0,0,1,0,1,0,0,0,1,1,0,0,NA,NA,NA,NA,NA,0,0,0,0,NA,1,0,0,0,0,0,1,0,0,0,0,1,No,No,No,Sí
A-2024-09-104,2024-09-14,2024,9,Setiembre,sábado,13:00,13,Tarde,Sí,LIMA,LIMA,BREÑA,URBANA,-12.069591096623201,-77.0494113760052,ATROPELLO,1,0,1,No,No,AVENIDA,URBANO,NO CORRESPONDE,DESPEJADO,ESCOLAR,TRAMO RECTO,PLANA,ASFALTADA,EN PROCESO DE INVESTIGACIÓN,NO CUENTA CON CAUSA ESPECIFICA,2,1,0,1,1,0,1,0,0,0,1,2,0,1,33,33,33,0,0,0,0,0,0,NA,1,0,0,0,1,0,0,1,0,0,0,0,No,No,Sí,No
A-2024-09-105,2024-09-16,2024,9,Setiembre,lunes,09:00,9,Mañana,No,LIMA,LIMA,LURIN,URBANA,-12.240880144630758,-76.89351816401827,ATROPELLO FUGA,1,0,1,No,No,CALLE,URBANO,NO CORRESPONDE,DESPEJADO,RESIDENCIAL,INTERSECCIÓN,PLANA,AFIRMADO,EN PROCESO DE INVESTIGACIÓN,NO CUENTA CON CAUSA ESPECIFICA,2,1,0,0,1,0,1,0,0,0,1,1,0,1,2,2,2,1,0,0,0,0,0,NA,1,0,0,0,0,0,1,0,0,0,0,1,No,No,No,Sí
A-2024-09-106,2024-09-16,2024,9,Setiembre,lunes,12:15,12,Tarde,No,LIMA,LIMA,LURIGANCHO,URBANA,-11.922594714804793,-76.67870565105193,ATROPELLO,1,0,1,No,No,CARRETERA,NACIONAL,PE-22,DESPEJADO,COMERCIAL,CURVA,INCLINADA,ASFALTADA,EN PROCESO DE INVESTIGACIÓN,NO CUENTA CON CAUSA ESPECIFICA,2,1,0,1,1,0,1,0,0,0,1,2,0,2,50.5,40,61,0,1,0,0,0,0,NA,1,0,0,1,0,0,0,0,0,0,0,0,No,Sí,No,No
A-2024-09-81,2024-09-16,2024,9,Setiembre,lunes,18:00,18,Noche,No,LIMA,LIMA,SURQUILLO,URBANA,-12.113616747279652,-77.01154732002924,CHOQUE,1,0,1,No,No,AVENIDA,URBANO,NO CORRESPONDE,DESPEJADO,COMERCIAL,TRAMO RECTO,PLANA,ASFALTADA,EN PROCESO DE INVESTIGACIÓN,NO CUENTA CON CAUSA ESPECIFICA,2,1,0,1,2,0,0,0,1,0,0,2,0,2,55.5,51,60,0,1,1,1,0,0,NA,2,0,0,1,0,1,0,0,0,0,0,0,No,Sí,No,No
A-2024-09-107,2024-09-17,2024,9,Setiembre,martes,07:50,7,Mañana,No,LIMA,LIMA,INDEPENDENCIA,URBANA,-11.98935531916075,-77.06384534320232,ATROPELLO,1,0,1,No,No,AVENIDA,URBANO,NO CORRESPONDE,DESPEJADO,COMERCIAL,CURVA,PLANA,ASFALTADA,EN PROCESO DE INVESTIGACIÓN,NO CUENTA CON CAUSA ESPECIFICA,2,1,0,1,1,0,1,0,0,0,1,2,0,2,43,39,47,0,0,0,1,0,0,NA,1,0,1,0,0,0,0,0,0,0,0,0,No,No,No,No
A-2024-09-108,2024-09-17,2024,9,Setiembre,martes,15:15,15,Tarde,No,LIMA,LIMA,ATE,URBANA,-12.084008880692457,-76.98142782284472,CHOQUE,1,1,2,Sí,No,CARRETERA,NACIONAL,PE-1S,DESPEJADO,COMERCIAL,TRAMO RECTO,INCLINADA,ASFALTADA,EN PROCESO DE INVESTIGACIÓN,NO CUENTA CON CAUSA ESPECIFICA,3,1,1,1,2,1,0,0,1,0,0,2,1,3,40.333333333333336,27,61,0,1,0,0,0,0,NA,2,1,1,0,0,0,0,0,0,0,0,0,Sí,No,No,No
A-2024-09-109,2024-09-19,2024,9,Setiembre,jueves,06:30,6,Mañana,No,LIMA,LIMA,ANCON,URBANA,-11.754669355834665,-77.14998448461907,DESPISTE,1,0,1,No,No,CARRETERA,NACIONAL,PE-1N,DESPEJADO,COMERCIAL,TRAMO RECTO,PLANA,ASFALTADA,EN PROCESO DE INVESTIGACIÓN,NO CUENTA CON CAUSA ESPECIFICA,2,1,0,1,1,0,0,1,0,0,0,2,0,2,38,33,43,0,0,0,0,0,0,NA,1,0,1,0,0,0,0,0,0,0,0,0,No,No,No,No
A-2024-09-111,2024-09-19,2024,9,Setiembre,jueves,08:44,8,Mañana,No,LIMA,LIMA,ATE,URBANA,-12.012840865066396,-76.8244970704311,DESPISTE,1,1,2,Sí,No,AVENIDA,URBANO,NO CORRESPONDE,DESPEJADO,COMERCIAL,INTERSECCIÓN,PLANA,ASFALTADA,EN PROCESO DE INVESTIGACIÓN,NO CUENTA CON CAUSA ESPECIFICA,2,1,1,0,1,1,0,0,1,0,0,2,0,2,19,18,20,0,0,1,1,0,0,NA,1,1,0,0,0,0,0,0,0,0,0,0,Sí,No,No,No
A-2024-09-110,2024-09-19,2024,9,Setiembre,jueves,17:00,17,Tarde,No,LIMA,LIMA,ATE,URBANA,-12.02185306153493,-76.90730533626098,CHOQUE,1,0,1,No,No,AVENIDA,URBANO,NO CORRESPONDE,DESPEJADO,INDUSTRIAL,TRAMO RECTO,PLANA,ASFALTADA,EN PROCESO DE INVESTIGACIÓN,NO CUENTA CON CAUSA ESPECIFICA,2,1,0,1,2,0,0,0,1,0,0,2,0,2,34.5,30,39,0,0,0,1,0,0,NA,2,1,0,0,1,0,0,1,0,2,0,0,Sí,No,Sí,No
A-2024-09-112,2024-09-21,2024,9,Setiembre,sábado,03:00,3,Madrugada,Sí,LIMA,LIMA,PUENTE PIEDRA,URBANA,-11.867565537290583,-77.07263411036996,ATROPELLO FUGA,1,0,1,No,No,CARRETERA,NACIONAL,PE-1N,DESPEJADO,COMERCIAL,TRAMO RECTO,PLANA,ASFALTADA,EN PROCESO DE INVESTIGACIÓN,NO CUENTA CON CAUSA ESPECIFICA,2,1,0,0,1,0,1,0,0,0,1,1,0,1,37,37,37,0,0,0,0,0,0,NA,1,0,0,0,0,0,1,0,0,0,0,1,No,No,No,Sí
A-2024-09-114,2024-09-21,2024,9,Setiembre,sábado,05:45,5,Madrugada,Sí,LIMA,LIMA,SANTA ANITA,URBANA,-12.036673800436178,-76.9447836897068,ATROPELLO,1,0,1,No,No,OTRO,URBANO,NO CORRESPONDE,DESPEJADO,COMERCIAL,TRAMO RECTO,PLANA,ASFALTADA,EN PROCESO DE INVESTIGACIÓN,NO CUENTA CON CAUSA ESPECIFICA,2,1,0,1,1,0,1,0,0,0,1,1,1,2,57.5,32,83,0,1,0,0,0,0,NA,1,0,0,1,0,0,0,0,0,0,0,0,No,Sí,No,No
A-2024-09-113,2024-09-21,2024,9,Setiembre,sábado,06:30,6,Mañana,Sí,LIMA,LIMA,PUEBLO LIBRE,URBANA,-12.084031580859838,-77.06482981705766,DESPISTE,1,0,1,No,No,AVENIDA,URBANO,NO CORRESPONDE,DESPEJADO,COMERCIAL,CURVA,PLANA,ASFALTADA,EN PROCESO DE INVESTIGACIÓN,NO CUENTA CON CAUSA ESPECIFICA,2,1,0,1,1,1,0,0,0,1,0,2,0,2,45,44,46,0,0,0,0,0,0,NA,1,0,1,0,0,0,0,0,0,0,0,0,No,No,No,No
A-2024-09-115,2024-09-21,2024,9,Setiembre,sábado,06:30,6,Mañana,Sí,LIMA,LIMA,VILLA MARIA DEL TRIUNFO,URBANA,-12.164164018636278,-76.93401260129251,DESPISTE,1,1,2,Sí,No,CALLE,URBANO,NO CORRESPONDE,DESPEJADO,RESIDENCIAL,TRAMO RECTO,INCLINADA,TROCHA,EN PROCESO DE INVESTIGACIÓN,NO CUENTA CON CAUSA ESPECIFICA,3,1,1,1,1,0,2,0,0,0,1,2,1,3,21.666666666666668,7,49,2,0,0,0,0,0,NA,1,0,0,1,0,0,0,0,0,0,0,0,No,Sí,No,No
A-2024-09-116,2024-09-22,2024,9,Setiembre,domingo,04:40,4,Madrugada,Sí,LIMA,LIMA,SAN MARTIN DE PORRES,URBANA,-11.98473174673873,-77.10063034238064,ATROPELLO,1,0,1,No,No,CARRETERA,NACIONAL,PE-20J,DESPEJADO,COMERCIAL,TRAMO RECTO,PLANA,ASFALTADA,EN PROCESO DE INVESTIGACIÓN,NO CUENTA CON CAUSA ESPECIFICA,2,1,0,1,1,0,1,0,0,0,1,1,1,1,48,48,48,0,0,0,1,0,0,NA,1,0,1,0,0,0,0,1,0,0,0,0,No,No,Sí,No
A-2024-09-82,2024-09-22,2024,9,Setiembre,domingo,04:40,4,Madrugada,Sí,LIMA,LIMA,SANTIAGO DE SURCO,URBANA,-12.08475861031643,-76.97897975293135,CHOQUE,1,0,1,No,No,AVENIDA,URBANO,NO CORRESPONDE,DESPEJADO,COMERCIAL,TRAMO RECTO,PLANA,ASFALTADA,EN PROCESO DE INVESTIGACIÓN,NO CUENTA CON CAUSA ESPECIFICA,2,1,0,1,2,0,0,0,1,0,0,2,0,2,42,38,46,0,0,0,0,0,0,NA,2,0,1,0,0,1,0,0,0,0,0,0,No,No,No,No
A-2024-09-117,2024-09-23,2024,9,Setiembre,lunes,20:50,20,Noche,No,LIMA,LIMA,LA VICTORIA,URBANA,-12.063420325447956,-77.03099157200053,ATROPELLO,1,0,1,No,No,AVENIDA,URBANO,NO CORRESPONDE,DESPEJADO,COMERCIAL,INTERSECCIÓN,PLANA,ASFALTADA,EN PROCESO DE INVESTIGACIÓN,NO CUENTA CON CAUSA ESPECIFICA,2,1,0,1,1,0,1,0,0,0,1,2,0,2,44,39,49,0,0,0,0,0,0,NA,1,0,0,1,0,0,0,0,0,0,0,0,No,Sí,No,No
A-2024-09-118,2024-09-25,2024,9,Setiembre,miércoles,04:45,4,Madrugada,No,LIMA,LIMA,LA VICTORIA,URBANA,-12.062089195909921,-77.01018121541586,ATROPELLO,1,0,1,No,No,AVENIDA,URBANO,NO CORRESPONDE,DESPEJADO,COMERCIAL,INTERSECCIÓN,PLANA,ASFALTADA,EN PROCESO DE INVESTIGACIÓN,NO CUENTA CON CAUSA ESPECIFICA,2,1,0,1,1,0,1,0,0,0,1,1,1,2,72,71,73,0,2,0,0,0,0,NA,1,0,1,0,0,0,0,1,0,0,0,0,No,No,Sí,No
A-2024-09-119,2024-09-26,2024,9,Setiembre,jueves,14:20,14,Tarde,No,LIMA,LIMA,LIMA,URBANA,-12.055947537378865,-77.03591327078361,ATROPELLO,1,0,1,No,No,AVENIDA,URBANO,NO CORRESPONDE,DESPEJADO,COMERCIAL,CURVA,PLANA,ASFALTADA,EN PROCESO DE INVESTIGACIÓN,NO CUENTA CON CAUSA ESPECIFICA,2,1,0,1,1,0,1,0,0,0,1,1,1,2,50.5,28,73,0,1,0,0,0,0,NA,1,0,1,0,0,0,0,0,0,0,0,0,No,No,No,No
A-2024-09-120,2024-09-27,2024,9,Setiembre,viernes,23:30,23,Noche,No,LIMA,LIMA,PUNTA HERMOSA,URBANA,-12.328897213241548,-76.83049857210662,ATROPELLO,1,0,1,No,No,AVENIDA,URBANO,NO CORRESPONDE,DESPEJADO,RESIDENCIAL,CURVA,PLANA,ASFALTADA,EN PROCESO DE INVESTIGACIÓN,NO CUENTA CON CAUSA ESPECIFICA,2,1,0,1,1,0,1,0,0,0,1,2,0,2,57.5,51,64,0,1,0,0,0,0,NA,1,0,1,0,0,0,0,0,0,0,0,0,No,No,No,No
A-2024-09-121,2024-09-28,2024,9,Setiembre,sábado,05:15,5,Madrugada,Sí,LIMA,LIMA,VILLA MARIA DEL TRIUNFO,URBANA,-12.193512582242747,-76.92548731736109,ATROPELLO FUGA,1,0,1,No,No,JIRÓN,URBANO,NO CORRESPONDE,DESPEJADO,RESIDENCIAL,INTERSECCIÓN,INCLINADA,CONCRETO,EN PROCESO DE INVESTIGACIÓN,NO CUENTA CON CAUSA ESPECIFICA,2,1,0,0,1,0,1,0,0,0,1,1,0,1,38,38,38,0,0,0,0,0,0,NA,1,0,0,0,0,0,1,0,0,0,0,1,No,No,No,Sí
A-2024-09-122,2024-09-29,2024,9,Setiembre,domingo,06:50,6,Mañana,Sí,LIMA,LIMA,SANTIAGO DE SURCO,URBANA,-12.121305487370659,-76.99339230694903,DESPISTE,1,0,1,No,No,AVENIDA,URBANO,NO CORRESPONDE,DESPEJADO,ESCOLAR,TRAMO RECTO,PLANA,ASFALTADA,EN PROCESO DE INVESTIGACIÓN,NO CUENTA CON CAUSA ESPECIFICA,1,1,0,0,1,0,0,0,1,0,0,1,0,1,33,33,33,0,0,0,0,0,0,NA,1,1,0,0,0,0,0,0,0,0,0,0,Sí,No,No,No
A-2024-09-123,2024-09-30,2024,9,Setiembre,lunes,15:40,15,Tarde,No,LIMA,LIMA,LOS OLIVOS,URBANA,-11.991251624662876,-77.07157391018701,ATROPELLO,1,0,1,No,No,AVENIDA,URBANO,NO CORRESPONDE,DESPEJADO,COMERCIAL,INTERSECCIÓN,PLANA,ASFALTADA,EN PROCESO DE INVESTIGACIÓN,NO CUENTA CON CAUSA ESPECIFICA,2,1,0,1,1,0,1,0,0,0,1,2,0,2,87,87,87,0,2,0,0,0,0,NA,1,0,1,0,0,0,0,0,0,0,0,0,No,No,No,No
A-2024-10-87,2024-10-04,2024,10,Octubre,viernes,15:40,15,Tarde,No,LIMA,LIMA,CARABAYLLO,URBANA,-11.86807591625471,-77.01231547975453,ATROPELLO,1,0,1,No,No,AVENIDA,URBANO,NO CORRESPONDE,DESPEJADO,COMERCIAL,TRAMO RECTO,PLANA,ASFALTADA,EN PROCESO DE INVESTIGACIÓN,NO CUENTA CON CAUSA ESPECIFICA,2,1,0,1,1,0,1,0,0,0,1,1,1,2,61,48,74,0,1,0,0,0,0,NA,1,0,0,1,0,0,0,0,0,0,0,0,No,Sí,No,No
A-2024-10-88,2024-10-05,2024,10,Octubre,sábado,08:20,8,Mañana,Sí,LIMA,LIMA,SANTA ANITA,URBANA,-12.043867334297834,-76.98491305675641,CHOQUE,1,0,1,No,No,CARRETERA,NACIONAL,PE-1N,DESPEJADO,RESIDENCIAL,TRAMO RECTO,PLANA,ASFALTADA,EN PROCESO DE INVESTIGACIÓN,NO CUENTA CON CAUSA ESPECIFICA,2,1,0,1,2,0,0,0,1,0,0,2,0,2,24.5,23,26,0,0,1,1,0,0,NA,2,1,0,1,0,0,0,0,0,2,0,0,Sí,Sí,No,No
A-2024-10-89,2024-10-05,2024,10,Octubre,sábado,22:40,22,Noche,Sí,LIMA,LIMA,SAN JUAN DE LURIGANCHO,URBANA,-11.984874435391973,-77.00685640797121,ATROPELLO,2,0,2,No,Sí,AVENIDA,URBANO,NO CORRESPONDE,DESPEJADO,ESCOLAR,INTERSECCIÓN,PLANA,ASFALTADA,EN PROCESO DE INVESTIGACIÓN,NO CUENTA CON CAUSA ESPECIFICA,2,2,0,0,1,0,1,0,1,0,1,2,0,1,24,24,24,0,0,0,0,0,0,NA,1,1,0,0,0,0,0,0,0,0,0,0,Sí,No,No,No
A-2024-10-90,2024-10-06,2024,10,Octubre,domingo,13:40,13,Tarde,Sí,LIMA,LIMA,SAN JUAN DE LURIGANCHO,URBANA,-11.947548361784184,-77.01011788532216,CHOQUE CON OBJETO FIJO,1,1,2,Sí,No,CALLE,URBANO,NO CORRESPONDE,DESPEJADO,RESIDENCIAL,TRAMO RECTO,INCLINADA,AFIRMADO,EN PROCESO DE INVESTIGACIÓN,NO CUENTA CON CAUSA ESPECIFICA,2,1,1,0,1,1,0,0,1,0,0,1,1,2,52,47,57,0,0,0,0,0,0,NA,1,0,1,0,0,0,0,0,0,0,0,0,No,No,No,No
A-2024-10-91,2024-10-06,2024,10,Octubre,domingo,21:45,21,Noche,Sí,LIMA,LIMA,LIMA,URBANA,-12.04834093963855,-77.0593447954587,ATROPELLO,1,0,1,No,No,AVENIDA,URBANO,NO CORRESPONDE,DESPEJADO,COMERCIAL,TRAMO RECTO,PLANA,ASFALTADA,EN PROCESO DE INVESTIGACIÓN,NO CUENTA CON CAUSA ESPECIFICA,2,1,0,1,1,0,1,0,0,0,1,2,0,1,46,46,46,0,0,0,0,0,0,NA,1,0,0,0,1,0,0,1,0,0,0,0,No,No,Sí,No
A-2024-10-92,2024-10-08,2024,10,Octubre,martes,03:30,3,Madrugada,No,LIMA,LIMA,SAN JUAN DE MIRAFLORES,URBANA,-12.184460620384298,-76.97496548239543,ATROPELLO FUGA,1,0,1,No,No,CARRETERA,NACIONAL,PE-1S,DESPEJADO,COMERCIAL,TRAMO RECTO,PLANA,ASFALTADA,EN PROCESO DE INVESTIGACIÓN,NO CUENTA CON CAUSA ESPECIFICA,2,1,0,0,1,0,1,0,0,0,1,0,1,0,NA,NA,NA,NA,NA,0,0,0,0,NA,1,0,0,0,0,0,1,0,0,0,0,1,No,No,No,Sí
A-2024-10-54,2024-10-08,2024,10,Octubre,martes,06:50,6,Mañana,No,CALLAO,CALLAO,VENTANILLA,URBANA,-11.8282542299835,-77.1206704566915,ATROPELLO FUGA,1,0,1,No,No,AVENIDA,URBANO,NO CORRESPONDE,DESPEJADO,COMERCIAL,OTRO,PLANA,ASFALTADA,EN PROCESO DE INVESTIGACIÓN,NO CUENTA CON CAUSA ESPECIFICA,2,1,0,0,1,0,1,0,0,0,1,1,0,1,30,30,30,0,0,0,0,0,0,NA,1,0,0,0,0,0,1,0,0,0,0,1,No,No,No,Sí
A-2024-10-93,2024-10-09,2024,10,Octubre,miércoles,16:00,16,Tarde,No,LIMA,LIMA,LA MOLINA,URBANA,-12.093319837573727,-76.95278414226816,DESPISTE,1,2,3,Sí,No,AVENIDA,URBANO,NO CORRESPONDE,DESPEJADO,RESIDENCIAL,CURVA,PLANA,ASFALTADA,EN PROCESO DE INVESTIGACIÓN,NO CUENTA CON CAUSA ESPECIFICA,3,1,2,0,1,2,0,0,0,1,0,1,2,3,47.333333333333336,4,70,1,2,0,0,0,0,NA,1,0,1,0,0,0,0,0,0,0,0,0,No,No,No,No
A-2024-10-49,2024-10-15,2024,10,Octubre,martes,01:35,1,Madrugada,No,CALLAO,CALLAO,MI PERU,URBANA,-11.8420542703925,-77.1153440915478,ATROPELLO,1,0,1,No,No,CARRETERA,NACIONAL,PE-20,DESPEJADO,COMERCIAL,INTERSECCIÓN,INCLINADA,ASFALTADA,NEGLIGENCIA DEL CONDUCTOR,CONDUCIR CON FALLAS DE FRENOS,2,1,0,1,1,0,1,0,0,0,1,2,0,2,62,46,78,0,1,0,0,0,0,NA,1,0,0,1,0,0,0,0,0,0,0,0,No,Sí,No,No
A-2024-10-94,2024-10-15,2024,10,Octubre,martes,04:00,4,Madrugada,No,LIMA,LIMA,LURIN,URBANA,-12.276011058895223,-76.8901469725719,ATROPELLO FUGA,1,0,1,No,No,CARRETERA,NACIONAL,PE-1S,DESPEJADO,INDUSTRIAL,TRAMO RECTO,PLANA,ASFALTADA,EN PROCESO DE INVESTIGACIÓN,NO CUENTA CON CAUSA ESPECIFICA,2,1,0,0,1,0,1,0,0,0,1,1,0,0,NA,NA,NA,NA,NA,0,0,0,0,NA,1,0,0,0,0,0,1,0,0,0,0,1,No,No,No,Sí
A-2024-10-95,2024-10-15,2024,10,Octubre,martes,21:00,21,Noche,No,LIMA,LIMA,SAN MARTIN DE PORRES,URBANA,-12.02033807433146,-77.05929693050848,CHOQUE,1,0,1,No,No,CARRETERA,NACIONAL,PE-1N,DESPEJADO,COMERCIAL,TRAMO RECTO,PLANA,ASFALTADA,EN PROCESO DE INVESTIGACIÓN,NO CUENTA CON CAUSA ESPECIFICA,2,1,0,1,2,0,0,0,1,0,0,2,0,2,46.5,39,54,0,0,0,1,0,0,NA,2,1,0,1,0,0,0,0,0,2,0,0,Sí,Sí,No,No
A-2024-10-96,2024-10-15,2024,10,Octubre,martes,22:45,22,Noche,No,LIMA,LIMA,SAN BORJA,URBANA,-12.095894335182612,-76.98032720095229,ATROPELLO,1,0,1,No,No,CARRETERA,NACIONAL,PE-1S,DESPEJADO,RESIDENCIAL,TRAMO RECTO,PLANA,ASFALTADA,EN PROCESO DE INVESTIGACIÓN,NO CUENTA CON CAUSA ESPECIFICA,2,1,0,1,1,0,1,0,0,0,1,2,0,2,45,38,52,0,0,0,0,0,0,NA,1,0,1,0,0,0,0,0,0,0,0,0,No,No,No,No
A-2024-10-50,2024-10-16,2024,10,Octubre,miércoles,09:35,9,Mañana,No,CALLAO,CALLAO,CALLAO,URBANA,-11.9673285068994,-77.1259706672939,ATROPELLO FUGA,1,0,1,No,No,CARRETERA,NACIONAL,PE-20,DESPEJADO,COMERCIAL,TRAMO RECTO,PLANA,ASFALTADA,IMPRUDENCIA DEL CONDUCTOR,EXCESO DE VELOCIDAD,2,1,0,1,1,0,1,0,0,0,1,1,1,2,42,24,60,0,1,0,0,0,0,NA,1,0,1,0,0,0,0,0,0,0,0,0,No,No,No,No
A-2024-10-97,2024-10-18,2024,10,Octubre,viernes,01:10,1,Madrugada,No,LIMA,LIMA,SURQUILLO,URBANA,-12.120546431413265,-77.00673133964338,DESPISTE,1,1,2,Sí,No,AVENIDA,URBANO,NO CORRESPONDE,DESPEJADO,RESIDENCIAL,TRAMO RECTO,PLANA,ASFALTADA,EN PROCESO DE INVESTIGACIÓN,NO CUENTA CON CAUSA ESPECIFICA,2,1,1,0,1,1,0,0,1,0,0,2,0,1,26,26,26,0,0,0,1,0,0,NA,1,1,0,0,0,0,0,0,0,1,0,0,Sí,No,No,No
A-2024-10-98,2024-10-19,2024,10,Octubre,sábado,00:10,0,Madrugada,Sí,LIMA,LIMA,LIMA,URBANA,-12.04685073465947,-77.02019814984581,ATROPELLO,1,0,1,No,No,JIRÓN,URBANO,NO CORRESPONDE,DESPEJADO,RESIDENCIAL,TRAMO RECTO,PLANA,ASFALTADA,EN PROCESO DE INVESTIGACIÓN,NO CUENTA CON CAUSA ESPECIFICA,2,1,0,1,1,0,1,0,0,0,1,2,0,1,37,37,37,0,0,0,0,0,0,NA,1,0,0,1,0,0,0,0,0,0,1,0,No,Sí,No,No
A-2024-10-99,2024-10-19,2024,10,Octubre,sábado,09:10,9,Mañana,Sí,LIMA,LIMA,SAN MARTIN DE PORRES,URBANA,-12.01365272820554,-77.08747384198611,ATROPELLO,1,0,1,No,No,AVENIDA,URBANO,NO CORRESPONDE,DESPEJADO,RESIDENCIAL,CURVA,PLANA,ASFALTADA,EN PROCESO DE INVESTIGACIÓN,NO CUENTA CON CAUSA ESPECIFICA,2,1,0,1,1,0,1,0,0,0,1,1,1,2,62.5,39,86,0,1,0,0,0,0,NA,1,0,0,1,0,0,0,0,0,1,0,0,No,Sí,No,No
A-2024-10-51,2024-10-19,2024,10,Octubre,sábado,11:30,11,Mañana,Sí,LIMA,LIMA,PUENTE PIEDRA,URBANA,-11.829948069211147,-77.1179186448279,ATROPELLO,1,0,1,No,No,CARRETERA,NACIONAL,PE-1N,DESPEJADO,COMERCIAL,INTERSECCIÓN,PLANA,ASFALTADA,IMPRUDENCIA DEL PEATÓN,OTRO (IMPRUDENCIA DEL PEATÓN),2,1,0,1,1,0,1,0,0,0,1,2,0,2,47,43,51,0,0,0,0,1,1,Sí,1,0,1,0,0,0,0,1,0,0,1,0,No,No,Sí,No
A-2024-10-100,2024-10-19,2024,10,Octubre,sábado,18:00,18,Noche,Sí,LIMA,LIMA,PUEBLO LIBRE,URBANA,-12.07219512969586,-77.0514710142701,ATROPELLO,1,0,1,No,No,AVENIDA,URBANO,NO CORRESPONDE,DESPEJADO,COMERCIAL,TRAMO RECTO,PLANA,ASFALTADA,EN PROCESO DE INVESTIGACIÓN,NO CUENTA CON CAUSA ESPECIFICA,2,1,0,1,1,0,1,0,0,0,1,1,1,2,50.5,45,56,0,0,0,0,0,0,NA,1,0,0,0,1,0,0,1,0,0,0,0,No,No,Sí,No
A-2024-10-101,2024-10-19,2024,10,Octubre,sábado,20:40,20,Noche,Sí,LIMA,LIMA,ATE,URBANA,-12.03226570283984,-76.92647944586156,ATROPELLO,1,0,1,No,No,AVENIDA,URBANO,NO CORRESPONDE,DESPEJADO,COMERCIAL,TRAMO RECTO,PLANA,ASFALTADA,EN PROCESO DE INVESTIGACIÓN,NO CUENTA CON CAUSA ESPECIFICA,2,1,0,1,1,0,1,0,0,0,1,2,0,1,40,40,40,0,0,0,0,0,0,NA,1,0,0,0,1,0,0,0,0,0,0,0,No,No,No,No
A-2024-10-105,2024-10-20,2024,10,Octubre,domingo,21:15,21,Noche,Sí,LIMA,LIMA,SAN JUAN DE LURIGANCHO,URBANA,-11.970517398662444,-77.00579345896607,CHOQUE,1,0,1,No,No,AVENIDA,URBANO,NO CORRESPONDE,DESPEJADO,ESCOLAR,INTERSECCIÓN,INCLINADA,ASFALTADA,EN PROCESO DE INVESTIGACIÓN,NO CUENTA CON CAUSA ESPECIFICA,3,1,0,2,2,1,0,0,0,1,0,2,1,3,33.666666666666664,19,54,0,0,1,1,0,0,NA,2,1,1,0,0,0,0,0,0,0,0,0,Sí,No,No,No
A-2024-10-102,2024-10-21,2024,10,Octubre,lunes,02:10,2,Madrugada,No,LIMA,LIMA,SAN MARTIN DE PORRES,URBANA,-12.030540038537241,-77.08825772304178,CHOQUE,1,0,1,No,No,AVENIDA,URBANO,NO CORRESPONDE,DESPEJADO,COMERCIAL,INTERSECCIÓN,PLANA,ASFALTADA,IMPRUDENCIA DEL CONDUCTOR,CONDUCIR EN ESTADO DE EBRIEDAD Y/O DROGADICCIÓN,2,1,0,1,2,0,0,0,1,0,0,2,0,2,34.5,31,38,0,0,0,0,0,0,NA,2,1,1,0,0,0,0,0,0,0,0,0,Sí,No,No,No
A-2024-10-103,2024-10-21,2024,10,Octubre,lunes,15:00,15,Tarde,No,CALLAO,CALLAO,CALLAO,URBANA,-12.05144404667245,-77.0853240936385,ATROPELLO,1,0,1,No,No,AVENIDA,URBANO,NO CORRESPONDE,DESPEJADO,COMERCIAL,INTERSECCIÓN,PLANA,ASFALTADA,EN PROCESO DE INVESTIGACIÓN,NO CUENTA CON CAUSA ESPECIFICA,2,1,0,1,1,0,1,0,0,0,1,1,1,2,37.5,30,45,0,0,0,0,0,0,NA,1,0,0,0,1,0,0,1,0,0,0,0,No,No,Sí,No
A-2024-10-104,2024-10-21,2024,10,Octubre,lunes,20:30,20,Noche,No,LIMA,LIMA,VILLA EL SALVADOR,URBANA,-12.215251540607827,-76.93236728543265,ATROPELLO FUGA,1,0,1,No,No,AVENIDA,URBANO,NO CORRESPONDE,DESPEJADO,COMERCIAL,TRAMO RECTO,PLANA,ASFALTADA,EN PROCESO DE INVESTIGACIÓN,NO CUENTA CON CAUSA ESPECIFICA,2,1,0,0,1,0,1,0,0,0,1,1,0,1,60,60,60,0,1,0,0,0,0,NA,1,0,0,0,0,0,1,0,0,0,0,1,No,No,No,Sí
A-2024-10-106,2024-10-23,2024,10,Octubre,miércoles,02:00,2,Madrugada,No,LIMA,LIMA,LA VICTORIA,URBANA,-12.089157932744463,-77.01169798641595,CHOQUE,1,1,2,Sí,No,AVENIDA,URBANO,NO CORRESPONDE,DESPEJADO,COMERCIAL,OTRO,INCLINADA,ASFALTADA,IMPRUDENCIA DEL CONDUCTOR,OTRO (IMPRUDENCIA DEL CONDUCTOR),3,1,1,1,2,0,1,0,0,0,1,3,0,3,43.333333333333336,26,67,0,1,0,0,0,0,NA,2,0,1,1,0,0,0,0,0,0,0,0,No,Sí,No,No
A-2024-10-107,2024-10-24,2024,10,Octubre,jueves,04:50,4,Madrugada,No,LIMA,LIMA,CARABAYLLO,URBANA,-11.840517996527941,-76.99915497563767,CHOQUE,2,3,5,Sí,Sí,AVENIDA,URBANO,NO CORRESPONDE,DESPEJADO,COMERCIAL,CURVA,PLANA,ASFALTADA,EN PROCESO DE INVESTIGACIÓN,NO CUENTA CON CAUSA ESPECIFICA,6,2,3,1,2,4,0,0,1,1,0,6,0,6,50.666666666666664,34,71,0,2,0,0,0,0,NA,2,0,0,2,0,0,0,0,2,0,1,0,No,Sí,No,No
A-2024-10-108,2024-10-24,2024,10,Octubre,jueves,21:00,21,Noche,No,LIMA,LIMA,EL AGUSTINO,URBANA,-12.05189793557219,-77.00329128604257,ATROPELLO,1,0,1,No,No,AVENIDA,URBANO,NO CORRESPONDE,DESPEJADO,COMERCIAL,INTERSECCIÓN,PLANA,ASFALTADA,EN PROCESO DE INVESTIGACIÓN,NO CUENTA CON CAUSA ESPECIFICA,2,1,0,1,1,0,1,0,0,0,1,2,0,2,59,50,68,0,1,0,0,0,0,NA,1,0,0,0,1,0,0,1,0,0,0,0,No,No,Sí,No
A-2024-10-116,2024-10-27,2024,10,Octubre,domingo,07:40,7,Mañana,Sí,LIMA,LIMA,SANTIAGO DE SURCO,URBANA,-12.149741609104453,-76.98709475687463,CHOQUE,1,0,1,No,No,AVENIDA,URBANO,NO CORRESPONDE,DESPEJADO,COMERCIAL,CURVA,PLANA,ASFALTADA,EN PROCESO DE INVESTIGACIÓN,NO CUENTA CON CAUSA ESPECIFICA,2,1,0,1,2,0,0,0,1,0,0,2,0,2,32.5,25,40,0,0,1,1,0,0,NA,2,1,0,0,1,0,0,1,0,0,0,0,Sí,No,Sí,No
A-2024-10-109,2024-10-27,2024,10,Octubre,domingo,12:40,12,Tarde,Sí,LIMA,LIMA,LA MOLINA,URBANA,-12.07308731864632,-76.97379610224523,DESPISTE,1,0,1,No,No,CARRETERA,NACIONAL,PE-1S,DESPEJADO,ESCOLAR,INTERSECCIÓN,PLANA,ASFALTADA,EN PROCESO DE INVESTIGACIÓN,NO CUENTA CON CAUSA ESPECIFICA,1,1,0,0,1,0,0,0,1,0,0,1,0,1,44,44,44,0,0,0,1,0,0,NA,1,1,0,0,0,0,0,0,0,0,0,0,Sí,No,No,No
A-2024-10-111,2024-10-27,2024,10,Octubre,domingo,18:50,18,Noche,Sí,LIMA,LIMA,VILLA EL SALVADOR,URBANA,-12.24230019417219,-76.94443531208574,CHOQUE,1,1,2,Sí,No,CARRETERA,NACIONAL,PE-1S,DESPEJADO,INDUSTRIAL,TRAMO RECTO,PLANA,ASFALTADA,EN PROCESO DE INVESTIGACIÓN,NO CUENTA CON CAUSA ESPECIFICA,3,1,1,1,2,1,0,0,0,1,0,2,1,3,62.333333333333336,52,75,0,2,0,1,0,0,NA,2,1,1,0,0,0,0,0,0,0,0,0,Sí,No,No,No
A-2024-10-110,2024-10-27,2024,10,Octubre,domingo,19:15,19,Noche,Sí,LIMA,LIMA,LURIN,URBANA,-12.279974880069187,-76.87612210383425,DESPISTE,1,0,1,No,No,AVENIDA,URBANO,NO CORRESPONDE,DESPEJADO,INDUSTRIAL,TRAMO RECTO,PLANA,ASFALTADA,EN PROCESO DE INVESTIGACIÓN,NO CUENTA CON CAUSA ESPECIFICA,1,1,0,0,1,0,0,0,1,0,0,1,0,1,23,23,23,0,0,0,0,0,0,NA,1,1,0,0,0,0,0,0,0,0,0,0,Sí,No,No,No
A-2024-10-114,2024-10-27,2024,10,Octubre,domingo,20:10,20,Noche,Sí,LIMA,LIMA,LOS OLIVOS,URBANA,-11.995942722966085,-77.08386123229786,ATROPELLO,1,0,1,No,No,AVENIDA,URBANO,NO CORRESPONDE,DESPEJADO,COMERCIAL,INTERSECCIÓN,PLANA,ASFALTADA,EN PROCESO DE INVESTIGACIÓN,NO CUENTA CON CAUSA ESPECIFICA,2,1,0,1,1,0,1,0,0,0,1,2,0,2,61,60,62,0,2,0,0,0,0,NA,1,0,1,0,0,0,0,0,0,0,0,0,No,No,No,No
A-2024-10-112,2024-10-27,2024,10,Octubre,domingo,20:40,20,Noche,Sí,LIMA,LIMA,SAN JUAN DE LURIGANCHO,URBANA,-11.962974592162361,-76.98040688295917,ATROPELLO FUGA,1,0,1,No,No,AVENIDA,URBANO,NO CORRESPONDE,DESPEJADO,COMERCIAL,TRAMO RECTO,INCLINADA,ASFALTADA,EN PROCESO DE INVESTIGACIÓN,NO CUENTA CON CAUSA ESPECIFICA,2,1,0,0,1,0,1,0,0,0,1,1,0,1,59,59,59,0,0,0,0,0,0,NA,1,1,0,0,0,0,0,0,0,0,0,1,Sí,No,No,Sí
A-2024-10-113,2024-10-28,2024,10,Octubre,lunes,02:15,2,Madrugada,No,LIMA,LIMA,CHORRILLOS,URBANA,-12.202972386976219,-76.97422639407436,DESPISTE,1,0,1,No,No,CARRETERA,NACIONAL,PE-1S,DESPEJADO,INDUSTRIAL,TRAMO RECTO,PLANA,ASFALTADA,EN PROCESO DE INVESTIGACIÓN,NO CUENTA CON CAUSA ESPECIFICA,1,1,0,0,1,0,0,0,1,0,0,1,0,1,45,45,45,0,0,0,0,0,0,NA,1,0,1,0,0,0,0,0,0,0,0,0,No,No,No,No
A-2024-10-115,2024-10-30,2024,10,Octubre,miércoles,00:00,0,Madrugada,No,LIMA,LIMA,SAN MIGUEL,URBANA,-12.077967712631661,-77.08851208524169,ATROPELLO,1,0,1,No,No,AVENIDA,URBANO,NO CORRESPONDE,DESPEJADO,COMERCIAL,INTERSECCIÓN,PLANA,ASFALTADA,EN PROCESO DE INVESTIGACIÓN,NO CUENTA CON CAUSA ESPECIFICA,2,1,0,1,1,0,1,0,0,0,1,2,0,2,57.5,30,85,0,1,0,0,0,0,NA,1,0,1,0,0,0,0,1,0,0,0,0,No,No,Sí,No
A-2024-10-53,2024-10-30,2024,10,Octubre,miércoles,12:50,12,Tarde,No,CALLAO,CALLAO,CALLAO,URBANA,-12.0245005646918,-77.0986984334239,ATROPELLO FUGA,1,0,1,No,No,AVENIDA,URBANO,NO CORRESPONDE,NA,NA,NA,NA,NA,EN PROCESO DE INVESTIGACIÓN,NO CUENTA CON CAUSA ESPECIFICA,2,1,0,0,1,0,1,0,0,0,1,1,0,1,28,28,28,0,0,0,0,0,0,NA,1,0,0,0,0,0,1,0,0,0,0,1,No,No,No,Sí
A-2024-10-66,2024-10-30,2024,10,Octubre,miércoles,13:00,13,Tarde,No,CALLAO,CALLAO,CALLAO,URBANA,-12.0240342268651,-77.0987890629354,ATROPELLO,1,0,1,No,No,AVENIDA,URBANO,NO CORRESPONDE,DESPEJADO,COMERCIAL,TRAMO RECTO,PLANA,ASFALTADA,EN PROCESO DE INVESTIGACIÓN,NO CUENTA CON CAUSA ESPECIFICA,2,1,0,0,1,0,1,0,0,0,1,1,0,1,28,28,28,0,0,0,0,0,0,NA,1,0,0,0,0,0,1,0,0,0,0,1,No,No,No,Sí
A-2024-10-52,2024-10-31,2024,10,Octubre,jueves,10:30,10,Mañana,No,CALLAO,CALLAO,VENTANILLA,URBANA,-11.8289245194421,-77.1577086421935,ATROPELLO,1,0,1,No,No,CALLE,URBANO,NO CORRESPONDE,DESPEJADO,COMERCIAL,OTRO,PLANA,AFIRMADO,IMPRUDENCIA DEL CONDUCTOR,OTRO (IMPRUDENCIA DEL CONDUCTOR),2,1,0,1,1,0,1,0,0,0,1,2,0,2,53,33,73,0,1,0,0,0,0,NA,1,0,0,1,0,0,0,0,0,0,0,0,No,Sí,No,No
A-2024-11-110,2024-11-01,2024,11,Noviembre,viernes,04:45,4,Madrugada,No,LIMA,LIMA,SANTIAGO DE SURCO,URBANA,-12.144956173085545,-76.98185581829424,ATROPELLO FUGA,1,0,1,No,No,CARRETERA,NACIONAL,PE-1S,DESPEJADO,COMERCIAL,TRAMO RECTO,PLANA,ASFALTADA,EN PROCESO DE INVESTIGACIÓN,NO CUENTA CON CAUSA ESPECIFICA,2,1,0,0,1,0,1,0,0,0,1,1,0,0,NA,NA,NA,NA,NA,0,0,0,0,NA,1,0,0,0,0,0,1,0,0,0,0,1,No,No,No,Sí
A-2024-11-111,2024-11-01,2024,11,Noviembre,viernes,05:00,5,Madrugada,No,LIMA,LIMA,LURIN,URBANA,-12.271726606789967,-76.89665058034338,ATROPELLO FUGA,1,0,1,No,No,CARRETERA,NACIONAL,PE-1S,DESPEJADO,INDUSTRIAL,TRAMO RECTO,PLANA,ASFALTADA,EN PROCESO DE INVESTIGACIÓN,NO CUENTA CON CAUSA ESPECIFICA,2,1,0,0,1,0,1,0,0,0,1,1,0,1,24,24,24,0,0,0,0,0,0,NA,1,0,0,0,0,0,1,0,0,0,0,1,No,No,No,Sí
A-2024-11-112,2024-11-01,2024,11,Noviembre,viernes,21:00,21,Noche,No,LIMA,LIMA,LA VICTORIA,URBANA,-12.073262245338011,-77.0164748562846,CHOQUE,1,0,1,No,No,AVENIDA,URBANO,NO CORRESPONDE,DESPEJADO,COMERCIAL,INTERSECCIÓN,PLANA,ASFALTADA,EN PROCESO DE INVESTIGACIÓN,NO CUENTA CON CAUSA ESPECIFICA,2,1,0,1,2,0,0,0,1,0,0,2,0,2,42,39,45,0,0,0,0,0,0,NA,2,1,1,0,0,0,0,0,0,2,0,0,Sí,No,No,No
A-2024-11-156,2024-11-01,2024,11,Noviembre,viernes,22:20,22,Noche,No,LIMA,LIMA,SAN JUAN DE LURIGANCHO,URBANA,-11.997062789286604,-77.00945258911358,ATROPELLO,1,0,1,No,No,AVENIDA,URBANO,NO CORRESPONDE,DESPEJADO,COMERCIAL,INTERSECCIÓN,PLANA,ASFALTADA,EN PROCESO DE INVESTIGACIÓN,NO CUENTA CON CAUSA ESPECIFICA,2,1,0,1,1,0,1,0,0,0,1,2,0,2,34,34,34,0,0,0,0,0,0,NA,1,0,1,0,0,0,0,0,0,0,0,0,No,No,No,No
A-2024-11-114,2024-11-02,2024,11,Noviembre,sábado,00:30,0,Madrugada,Sí,LIMA,LIMA,SAN JUAN DE LURIGANCHO,URBANA,-12.025734819865043,-77.00192120499887,ATROPELLO,1,0,1,No,No,AVENIDA,URBANO,NO CORRESPONDE,DESPEJADO,COMERCIAL,INTERSECCIÓN,PLANA,ASFALTADA,EN PROCESO DE INVESTIGACIÓN,NO CUENTA CON CAUSA ESPECIFICA,2,1,0,1,1,0,1,0,0,0,1,2,0,2,43.5,42,45,0,0,0,0,0,0,NA,1,0,1,0,0,0,0,0,0,0,0,0,No,No,No,No
A-2024-11-113,2024-11-02,2024,11,Noviembre,sábado,01:45,1,Madrugada,Sí,LIMA,LIMA,PUENTE PIEDRA,URBANA,-11.841321882836445,-77.1036778709971,DESPISTE,1,0,1,No,No,CARRETERA,NACIONAL,PE-1N,DESPEJADO,COMERCIAL,TRAMO RECTO,PLANA,ASFALTADA,EN PROCESO DE INVESTIGACIÓN,NO CUENTA CON CAUSA ESPECIFICA,2,1,0,1,1,1,0,0,0,1,0,1,1,2,31.5,30,33,0,0,0,0,0,0,NA,1,1,0,0,0,0,0,0,0,0,0,0,Sí,No,No,No
A-2024-11-116,2024-11-02,2024,11,Noviembre,sábado,09:00,9,Mañana,Sí,LIMA,LIMA,MIRAFLORES,URBANA,-12.1237364433731,-77.0243079785896,CHOQUE,1,0,1,No,No,AVENIDA,URBANO,NO CORRESPONDE,DESPEJADO,RESIDENCIAL,INTERSECCIÓN,PLANA,ASFALTADA,EN PROCESO DE INVESTIGACIÓN,NO CUENTA CON CAUSA ESPECIFICA,2,1,0,1,2,0,0,0,1,0,0,1,1,2,32,22,42,0,0,1,1,0,0,NA,2,1,1,0,0,0,0,0,0,0,0,0,Sí,No,No,No
A-2024-11-119,2024-11-03,2024,11,Noviembre,domingo,00:20,0,Madrugada,Sí,LIMA,LIMA,INDEPENDENCIA,URBANA,-11.993355301137615,-77.0626444291615,CHOQUE CON OBJETO FIJO,1,0,1,No,No,OTRO,URBANO,NO CORRESPONDE,DESPEJADO,COMERCIAL,OTRO,INCLINADA,CONCRETO,EN PROCESO DE INVESTIGACIÓN,NO CUENTA CON CAUSA ESPECIFICA,1,1,0,0,1,0,0,0,1,0,0,1,0,1,34,34,34,0,0,0,0,0,0,NA,1,0,1,0,0,0,0,0,0,0,0,0,No,No,No,No
A-2024-11-118,2024-11-03,2024,11,Noviembre,domingo,05:50,5,Madrugada,Sí,LIMA,LIMA,INDEPENDENCIA,URBANA,-11.998528210336797,-77.05822505973255,DESPISTE,1,1,2,Sí,No,AVENIDA,URBANO,NO CORRESPONDE,DESPEJADO,COMERCIAL,TRAMO RECTO,PLANA,ASFALTADA,EN PROCESO DE INVESTIGACIÓN,NO CUENTA CON CAUSA ESPECIFICA,2,1,1,0,1,1,0,0,1,0,0,2,0,2,23.5,22,25,0,0,0,0,0,0,NA,1,0,1,0,0,0,0,0,0,0,0,0,No,No,No,No
A-2024-11-117,2024-11-03,2024,11,Noviembre,domingo,06:20,6,Mañana,Sí,LIMA,LIMA,LURIN,URBANA,-12.298902856006416,-76.85174523994628,CHOQUE,1,1,2,Sí,No,CARRETERA,NACIONAL,PE-1S,DESPEJADO,RESIDENCIAL,TRAMO RECTO,PLANA,ASFALTADA,EN PROCESO DE INVESTIGACIÓN,NO CUENTA CON CAUSA ESPECIFICA,3,1,1,1,2,1,0,0,0,1,0,2,1,3,26,24,28,0,0,0,0,0,0,NA,2,1,1,0,0,0,0,0,0,0,0,0,Sí,No,No,No
A-2024-11-93,2024-11-03,2024,11,Noviembre,domingo,09:58,9,Mañana,Sí,LIMA,LIMA,LURIN,URBANA,-12.247410343241533,-76.93467601123427,CHOQUE,1,0,1,No,No,CARRETERA,NACIONAL,PE-1S,DESPEJADO,INDUSTRIAL,TRAMO RECTO,PLANA,ASFALTADA,EN PROCESO DE INVESTIGACIÓN,NO CUENTA CON CAUSA ESPECIFICA,2,1,0,1,2,0,0,0,1,0,0,2,0,2,23,22,24,0,0,0,0,0,0,NA,2,0,1,0,0,1,0,0,0,0,0,0,No,No,No,No
A-2024-11-120,2024-11-04,2024,11,Noviembre,lunes,06:00,6,Mañana,No,LIMA,LIMA,LURIN,URBANA,-12.276684000272018,-76.88874829640085,ATROPELLO FUGA,1,0,1,No,No,CARRETERA,NACIONAL,PE-1S,DESPEJADO,INDUSTRIAL,TRAMO RECTO,PLANA,ASFALTADA,EN PROCESO DE INVESTIGACIÓN,NO CUENTA CON CAUSA ESPECIFICA,2,1,0,0,1,0,1,0,0,0,1,1,0,1,52,52,52,0,0,0,0,0,0,NA,1,0,0,0,0,0,1,0,0,0,0,1,No,No,No,Sí
A-2024-11-121,2024-11-06,2024,11,Noviembre,miércoles,22:40,22,Noche,No,LIMA,LIMA,CARABAYLLO,URBANA,-11.8921706776834,-77.02816044391959,ATROPELLO,1,0,1,No,No,AVENIDA,URBANO,NO CORRESPONDE,DESPEJADO,COMERCIAL,CURVA,PLANA,ASFALTADA,EN PROCESO DE INVESTIGACIÓN,NO CUENTA CON CAUSA ESPECIFICA,2,1,0,1,1,0,1,0,0,0,1,1,1,2,48,29,67,0,1,0,0,0,0,NA,1,1,0,0,0,0,0,0,0,0,0,0,Sí,No,No,No
A-2024-11-122,2024-11-07,2024,11,Noviembre,jueves,11:52,11,Mañana,No,LIMA,LIMA,LA MOLINA,URBANA,-12.0643246241241,-76.94522786177386,ATROPELLO,1,0,1,No,No,AVENIDA,URBANO,NO CORRESPONDE,DESPEJADO,RESIDENCIAL,TRAMO RECTO,PLANA,ASFALTADA,EN PROCESO DE INVESTIGACIÓN,NO CUENTA CON CAUSA ESPECIFICA,2,1,0,1,1,0,1,0,0,0,1,0,2,2,71.5,69,74,0,2,0,0,0,0,NA,1,0,1,0,0,0,0,0,0,0,0,0,No,No,No,No
A-2024-11-94,2024-11-07,2024,11,Noviembre,jueves,17:20,17,Tarde,No,LIMA,LIMA,LURIGANCHO,URBANA,-12.020897643281268,-76.93441268832746,DESPISTE,1,0,1,No,No,CARRETERA,NACIONAL,PE-22,DESPEJADO,INDUSTRIAL,TRAMO RECTO,PLANA,ASFALTADA,EN PROCESO DE INVESTIGACIÓN,NO CUENTA CON CAUSA ESPECIFICA,4,1,0,1,2,0,0,0,1,0,0,2,0,2,56.5,50,63,0,1,0,0,0,0,NA,4,0,3,0,0,1,0,0,0,0,0,0,No,No,No,No
A-2024-11-123,2024-11-09,2024,11,Noviembre,sábado,21:30,21,Noche,Sí,LIMA,LIMA,SAN JUAN DE MIRAFLORES,URBANA,-12.137587323300783,-76.95544834304832,DESPISTE,1,0,1,No,No,AVENIDA,URBANO,NO CORRESPONDE,DESPEJADO,RESIDENCIAL,CURVA,INCLINADA,ASFALTADA,EN PROCESO DE INVESTIGACIÓN,NO CUENTA CON CAUSA ESPECIFICA,1,1,0,0,1,0,0,0,1,0,0,1,0,1,38,38,38,0,0,0,0,0,0,NA,1,1,0,0,0,0,0,0,1,0,0,0,Sí,No,No,No
A-2024-11-124,2024-11-09,2024,11,Noviembre,sábado,22:25,22,Noche,Sí,LIMA,LIMA,SAN BORJA,URBANA,-12.098882740974975,-77.00210472603328,CHOQUE CON OBJETO FIJO,1,0,1,No,No,AVENIDA,URBANO,NO CORRESPONDE,DESPEJADO,COMERCIAL,TRAMO RECTO,PLANA,ASFALTADA,EN PROCESO DE INVESTIGACIÓN,NO CUENTA CON CAUSA ESPECIFICA,2,1,0,1,1,0,1,0,0,0,1,2,0,2,46.5,23,70,0,1,0,0,0,0,NA,1,1,0,0,0,0,0,0,0,0,0,0,Sí,No,No,No
A-2024-11-125,2024-11-10,2024,11,Noviembre,domingo,01:30,1,Madrugada,Sí,LIMA,LIMA,SANTA MARIA DEL MAR,URBANA,-12.405637323741363,-76.75669771860223,CHOQUE,1,0,1,No,No,CARRETERA,NACIONAL,PE-1S,DESPEJADO,INDUSTRIAL,TRAMO RECTO,PLANA,ASFALTADA,EN PROCESO DE INVESTIGACIÓN,NO CUENTA CON CAUSA ESPECIFICA,3,1,0,1,2,0,0,0,1,0,0,2,0,2,53,47,59,0,0,0,0,0,0,NA,3,0,2,1,0,0,0,0,0,0,0,0,No,Sí,No,No
A-2024-11-126,2024-11-13,2024,11,Noviembre,miércoles,01:00,1,Madrugada,No,LIMA,LIMA,LINCE,URBANA,-12.084948367257361,-77.0283723746829,CHOQUE,1,0,1,No,No,AVENIDA,URBANO,NO CORRESPONDE,DESPEJADO,ESCOLAR,INTERSECCIÓN,PLANA,ASFALTADA,EN PROCESO DE INVESTIGACIÓN,NO CUENTA CON CAUSA ESPECIFICA,2,1,0,1,2,0,0,0,1,0,0,2,0,2,52.5,47,58,0,0,0,0,0,0,NA,2,1,1,0,0,0,0,0,0,0,0,0,Sí,No,No,No
A-2024-11-127,2024-11-16,2024,11,Noviembre,sábado,08:30,8,Mañana,Sí,LIMA,LIMA,SAN MARTIN DE PORRES,URBANA,-12.0315508235212,-77.05585270077225,CHOQUE,1,0,1,No,No,CARRETERA,NACIONAL,PE-1N,DESPEJADO,COMERCIAL,CURVA,INCLINADA,ASFALTADA,EN PROCESO DE INVESTIGACIÓN,NO CUENTA CON CAUSA ESPECIFICA,2,1,0,1,2,0,0,0,1,0,0,2,0,2,39.5,26,53,0,0,0,0,0,0,NA,2,1,0,1,0,0,0,0,0,2,0,0,Sí,Sí,No,No
A-2024-11-128,2024-11-17,2024,11,Noviembre,domingo,05:30,5,Madrugada,Sí,LIMA,LIMA,LURIN,URBANA,-12.254122717973557,-76.92498423773603,ATROPELLO FUGA,1,0,1,No,No,CARRETERA,NACIONAL,PE-1S,DESPEJADO,INDUSTRIAL,TRAMO RECTO,PLANA,ASFALTADA,EN PROCESO DE INVESTIGACIÓN,NO CUENTA CON CAUSA ESPECIFICA,2,1,0,0,1,0,1,0,0,0,1,1,0,0,NA,NA,NA,NA,NA,0,0,0,0,NA,1,0,0,0,0,0,1,0,0,0,0,1,No,No,No,Sí
A-2024-11-152,2024-11-17,2024,11,Noviembre,domingo,13:30,13,Tarde,Sí,LIMA,LIMA,SAN JUAN DE LURIGANCHO,URBANA,-12.01343515302371,-76.986078862222,ATROPELLO,1,1,2,Sí,No,AVENIDA,URBANO,NO CORRESPONDE,DESPEJADO,RESIDENCIAL,TRAMO RECTO,PLANA,ASFALTADA,EN PROCESO DE INVESTIGACIÓN,NO CUENTA CON CAUSA ESPECIFICA,3,1,1,1,1,0,2,0,0,0,1,1,2,3,60,42,80,0,1,0,0,0,0,NA,1,0,1,0,0,0,0,0,0,0,0,0,No,No,No,No
A-2024-11-129,2024-11-17,2024,11,Noviembre,domingo,22:15,22,Noche,Sí,LIMA,LIMA,SANTA ANITA,URBANA,-12.041708479528857,-76.98714409229062,ATROPELLO FUGA,1,0,1,No,No,CARRETERA,NACIONAL,PE-1N,DESPEJADO,RESIDENCIAL,CURVA,INCLINADA,ASFALTADA,EN PROCESO DE INVESTIGACIÓN,NO CUENTA CON CAUSA ESPECIFICA,2,1,0,0,1,0,1,0,0,0,1,1,0,0,NA,NA,NA,NA,NA,0,0,0,0,NA,1,0,0,0,0,0,1,0,0,0,0,1,No,No,No,Sí
A-2024-11-130,2024-11-18,2024,11,Noviembre,lunes,02:05,2,Madrugada,No,LIMA,LIMA,SANTA ANITA,URBANA,-12.03127231894131,-76.95029158645784,ATROPELLO FUGA,1,0,1,No,No,AVENIDA,URBANO,NO CORRESPONDE,DESPEJADO,COMERCIAL,INTERSECCIÓN,INCLINADA,ASFALTADA,EN PROCESO DE INVESTIGACIÓN,NO CUENTA CON CAUSA ESPECIFICA,2,1,0,0,1,0,1,0,0,0,1,0,1,1,63,63,63,0,1,0,0,0,0,NA,1,0,0,0,0,0,1,0,0,0,0,1,No,No,No,Sí
A-2024-11-155,2024-11-18,2024,11,Noviembre,lunes,05:00,5,Madrugada,No,LIMA,LIMA,SANTIAGO DE SURCO,URBANA,-12.126724649530887,-76.97703900103295,DESPISTE,1,0,1,No,No,CARRETERA,NACIONAL,PE-1S,DESPEJADO,COMERCIAL,TRAMO RECTO,PLANA,ASFALTADA,EN PROCESO DE INVESTIGACIÓN,NO CUENTA CON CAUSA ESPECIFICA,1,1,0,0,1,0,0,0,1,0,0,1,0,1,30,30,30,0,0,0,0,0,0,NA,1,1,0,0,0,0,0,0,0,1,0,0,Sí,No,No,No
A-2024-11-132,2024-11-19,2024,11,Noviembre,martes,02:10,2,Madrugada,No,LIMA,LIMA,ANCON,URBANA,-11.740921907668781,-77.1378463333404,CHOQUE,1,0,1,No,No,CARRETERA,NACIONAL,PE-1N,DESPEJADO,RURAL,TRAMO RECTO,PLANA,ASFALTADA,EN PROCESO DE INVESTIGACIÓN,NO CUENTA CON CAUSA ESPECIFICA,3,1,0,2,2,1,0,0,0,1,0,3,0,3,31.666666666666668,25,38,0,0,1,1,0,0,NA,2,1,1,0,0,0,0,0,0,0,0,0,Sí,No,No,No
A-2024-11-131,2024-11-19,2024,11,Noviembre,martes,05:30,5,Madrugada,No,LIMA,LIMA,VILLA MARIA DEL TRIUNFO,URBANA,-12.157176247439418,-76.94240417988301,DESPISTE,1,3,4,Sí,No,JIRÓN,URBANO,NO CORRESPONDE,DESPEJADO,ESCOLAR,TRAMO RECTO,INCLINADA,TROCHA,EN PROCESO DE INVESTIGACIÓN,NO CUENTA CON CAUSA ESPECIFICA,5,1,3,1,1,4,0,0,0,1,0,2,0,2,36,25,47,0,0,0,0,0,0,NA,1,1,0,0,0,0,0,0,1,0,0,0,Sí,No,No,No
A-2024-11-133,2024-11-19,2024,11,Noviembre,martes,18:15,18,Noche,No,LIMA,LIMA,RIMAC,URBANA,-12.036633049056668,-77.03078979505882,ATROPELLO,1,0,1,No,No,AVENIDA,URBANO,NO CORRESPONDE,DESPEJADO,COMERCIAL,TRAMO RECTO,PLANA,ASFALTADA,EN PROCESO DE INVESTIGACIÓN,NO CUENTA CON CAUSA ESPECIFICA,2,1,0,1,1,0,1,0,0,0,1,2,0,2,50.5,46,55,0,0,0,0,0,0,NA,1,0,1,0,0,0,0,0,0,0,0,0,No,No,No,No
A-2024-11-134,2024-11-19,2024,11,Noviembre,martes,22:30,22,Noche,No,LIMA,LIMA,LURIN,URBANA,-12.246522870163874,-76.93626354696862,ATROPELLO,1,0,1,No,No,CARRETERA,NACIONAL,PE-1S,DESPEJADO,INDUSTRIAL,TRAMO RECTO,PLANA,ASFALTADA,EN PROCESO DE INVESTIGACIÓN,NO CUENTA CON CAUSA ESPECIFICA,2,1,0,1,1,0,1,0,0,0,1,1,0,1,50,50,50,0,0,0,0,0,0,NA,1,0,1,0,0,0,0,0,0,0,0,0,No,No,No,No
A-2024-11-135,2024-11-20,2024,11,Noviembre,miércoles,06:30,6,Mañana,No,LIMA,LIMA,PUENTE PIEDRA,URBANA,-11.89046299549707,-77.06823869713902,CHOQUE,1,2,3,Sí,No,CARRETERA,NACIONAL,PE-1N,DESPEJADO,COMERCIAL,TRAMO RECTO,PLANA,ASFALTADA,EN PROCESO DE INVESTIGACIÓN,NO CUENTA CON CAUSA ESPECIFICA,4,1,2,1,2,2,0,0,1,0,0,4,0,4,37.75,32,50,0,0,2,2,0,0,NA,2,0,1,0,1,0,0,2,0,0,0,0,No,No,Sí,No
A-2024-11-136,2024-11-22,2024,11,Noviembre,viernes,13:30,13,Tarde,No,LIMA,LIMA,LA VICTORIA,URBANA,-12.066744062913394,-77.02224160706999,ATROPELLO,1,0,1,No,No,JIRÓN,URBANO,NO CORRESPONDE,DESPEJADO,COMERCIAL,TRAMO RECTO,PLANA,ASFALTADA,EN PROCESO DE INVESTIGACIÓN,NO CUENTA CON CAUSA ESPECIFICA,2,1,0,1,1,0,1,0,0,0,1,2,0,1,34,34,34,0,0,0,0,0,0,NA,1,0,0,1,0,0,0,0,0,0,0,0,No,Sí,No,No
A-2024-11-137,2024-11-22,2024,11,Noviembre,viernes,20:00,20,Noche,No,LIMA,LIMA,RIMAC,URBANA,-12.04003992508227,-77.01643219509405,CHOQUE,1,0,1,No,No,CARRETERA,NACIONAL,PE-1N,DESPEJADO,COMERCIAL,TRAMO RECTO,PLANA,ASFALTADA,EN PROCESO DE INVESTIGACIÓN,NO CUENTA CON CAUSA ESPECIFICA,2,1,0,1,2,0,0,0,1,0,0,2,0,2,46.5,38,55,0,0,1,1,0,0,NA,2,0,0,2,0,0,0,0,0,0,0,0,No,Sí,No,No
A-2024-11-153,2024-11-23,2024,11,Noviembre,sábado,19:00,19,Noche,Sí,LIMA,LIMA,LA VICTORIA,URBANA,-12.070816521548712,-77.01005889319258,ATROPELLO FUGA,1,0,1,No,No,AVENIDA,URBANO,NO CORRESPONDE,DESPEJADO,COMERCIAL,TRAMO RECTO,PLANA,ASFALTADA,EN PROCESO DE INVESTIGACIÓN,NO CUENTA CON CAUSA ESPECIFICA,2,1,0,0,1,0,1,0,0,0,1,1,0,1,57,57,57,0,0,0,0,0,0,NA,1,0,0,0,0,0,1,0,0,0,0,1,No,No,No,Sí
A-2024-11-138,2024-11-23,2024,11,Noviembre,sábado,21:00,21,Noche,Sí,LIMA,LIMA,PUENTE PIEDRA,URBANA,-11.851362194565006,-77.09113117642298,CHOQUE,1,1,2,Sí,No,CARRETERA,NACIONAL,PE-1N,DESPEJADO,COMERCIAL,TRAMO RECTO,PLANA,ASFALTADA,EN PROCESO DE INVESTIGACIÓN,NO CUENTA CON CAUSA ESPECIFICA,3,1,1,1,2,1,0,0,0,1,0,3,0,2,43,31,55,0,0,0,0,0,0,NA,2,1,0,1,0,0,0,0,0,0,0,0,Sí,Sí,No,No
A-2024-11-139,2024-11-24,2024,11,Noviembre,domingo,11:00,11,Mañana,Sí,LIMA,LIMA,VILLA EL SALVADOR,URBANA,-12.240680117090802,-76.91381042386361,ATROPELLO,1,0,1,No,No,AVENIDA,URBANO,NO CORRESPONDE,DESPEJADO,COMERCIAL,INTERSECCIÓN,PLANA,ASFALTADA,EN PROCESO DE INVESTIGACIÓN,NO CUENTA CON CAUSA ESPECIFICA,2,1,0,1,1,0,1,0,0,0,1,1,1,2,51.5,34,69,0,1,0,0,0,0,NA,1,1,0,0,0,0,0,0,0,0,0,0,Sí,No,No,No
A-2024-11-140,2024-11-24,2024,11,Noviembre,domingo,15:00,15,Tarde,Sí,LIMA,LIMA,SAN JUAN DE LURIGANCHO,URBANA,-11.955796409226386,-76.9920513078763,DESPISTE,1,0,1,No,No,AVENIDA,URBANO,NO CORRESPONDE,DESPEJADO,COMERCIAL,INTERSECCIÓN,PLANA,ASFALTADA,EN PROCESO DE INVESTIGACIÓN,NO CUENTA CON CAUSA ESPECIFICA,1,1,0,0,1,0,0,0,1,0,0,1,0,1,31,31,31,0,0,1,1,0,0,NA,1,1,0,0,0,0,0,0,0,0,0,0,Sí,No,No,No
A-2024-11-141,2024-11-28,2024,11,Noviembre,jueves,13:10,13,Tarde,No,LIMA,LIMA,ATE,URBANA,-12.03281787564587,-76.937145845464,CHOQUE,1,0,1,No,No,AVENIDA,URBANO,NO CORRESPONDE,DESPEJADO,COMERCIAL,INTERSECCIÓN,PLANA,ASFALTADA,EN PROCESO DE INVESTIGACIÓN,NO CUENTA CON CAUSA ESPECIFICA,2,1,0,1,2,0,0,0,1,0,0,2,0,2,44,40,48,0,0,1,1,0,0,NA,2,1,0,0,1,0,0,1,0,0,0,0,Sí,No,Sí,No
A-2024-11-142,2024-11-29,2024,11,Noviembre,viernes,05:20,5,Madrugada,No,LIMA,LIMA,LIMA,URBANA,-12.046734483496449,-77.07687116379219,CHOQUE,1,0,1,No,No,AVENIDA,URBANO,NO CORRESPONDE,DESPEJADO,INDUSTRIAL,INTERSECCIÓN,PLANA,ASFALTADA,EN PROCESO DE INVESTIGACIÓN,NO CUENTA CON CAUSA ESPECIFICA,2,1,0,1,2,0,0,0,1,0,0,2,0,1,43,43,43,0,0,0,0,0,0,NA,2,1,0,0,1,0,0,1,0,0,0,0,Sí,No,Sí,No
A-2024-11-154,2024-11-29,2024,11,Noviembre,viernes,07:40,7,Mañana,No,LIMA,LIMA,SAN BORJA,URBANA,-12.098418814771447,-77.01053392319928,ATROPELLO,1,0,1,No,No,AVENIDA,URBANO,NO CORRESPONDE,DESPEJADO,RESIDENCIAL,TRAMO RECTO,PLANA,ASFALTADA,EN PROCESO DE INVESTIGACIÓN,NO CUENTA CON CAUSA ESPECIFICA,2,1,0,1,1,0,1,0,0,0,1,2,0,2,55.5,35,76,0,1,0,0,0,0,NA,1,0,1,0,0,0,0,0,0,0,0,0,No,No,No,No
A-2024-11-143,2024-11-29,2024,11,Noviembre,viernes,14:40,14,Tarde,No,LIMA,LIMA,SAN MARTIN DE PORRES,URBANA,-12.036169537688972,-77.0447629320172,ATROPELLO,1,0,1,No,No,AVENIDA,URBANO,NO CORRESPONDE,DESPEJADO,COMERCIAL,TRAMO RECTO,PLANA,ASFALTADA,EN PROCESO DE INVESTIGACIÓN,NO CUENTA CON CAUSA ESPECIFICA,2,1,0,1,1,0,1,0,0,0,1,2,0,2,52,28,76,0,1,0,0,0,0,NA,1,0,0,1,0,0,0,0,0,0,0,0,No,Sí,No,No
A-2024-11-145,2024-11-30,2024,11,Noviembre,sábado,10:30,10,Mañana,Sí,LIMA,LIMA,LIMA,URBANA,-12.057345121902085,-77.01747286212846,ATROPELLO,1,0,1,No,No,AVENIDA,URBANO,NO CORRESPONDE,DESPEJADO,COMERCIAL,INTERSECCIÓN,PLANA,ASFALTADA,EN PROCESO DE INVESTIGACIÓN,NO CUENTA CON CAUSA ESPECIFICA,2,1,0,1,1,0,1,0,0,0,1,2,0,2,43.5,31,56,0,0,1,1,0,0,NA,1,1,0,0,0,0,0,0,0,1,0,0,Sí,No,No,No
A-2024-11-144,2024-11-30,2024,11,Noviembre,sábado,13:50,13,Tarde,Sí,LIMA,LIMA,ATE,URBANA,-12.045257813421095,-76.94137016878985,CHOQUE,1,0,1,No,No,AVENIDA,URBANO,NO CORRESPONDE,DESPEJADO,INDUSTRIAL,TRAMO RECTO,PLANA,ASFALTADA,EN PROCESO DE INVESTIGACIÓN,NO CUENTA CON CAUSA ESPECIFICA,2,1,0,1,2,0,0,0,1,0,0,2,0,2,28.5,22,35,0,0,1,1,0,0,NA,2,2,0,0,0,0,0,0,0,0,0,0,Sí,No,No,No
A-2024-12-87,2024-12-01,2024,12,Diciembre,domingo,17:30,17,Tarde,Sí,LIMA,LIMA,VILLA EL SALVADOR,URBANA,-12.203067125582427,-76.93050158751072,ATROPELLO,1,0,1,No,No,AVENIDA,URBANO,NO CORRESPONDE,DESPEJADO,INDUSTRIAL,INTERSECCIÓN,INCLINADA,ASFALTADA,EN PROCESO DE INVESTIGACIÓN,NO CUENTA CON CAUSA ESPECIFICA,2,1,0,1,1,0,1,0,0,0,1,2,0,2,47.5,41,54,0,0,0,0,0,0,NA,1,0,1,0,0,0,0,0,1,0,0,0,No,No,No,No
A-2024-12-88,2024-12-01,2024,12,Diciembre,domingo,22:00,22,Noche,Sí,LIMA,LIMA,SANTIAGO DE SURCO,URBANA,-12.12760071038172,-76.97691375951386,ATROPELLO FUGA,1,0,1,No,No,CARRETERA,NACIONAL,PE-1S,DESPEJADO,RESIDENCIAL,CURVA,PLANA,ASFALTADA,EN PROCESO DE INVESTIGACIÓN,NO CUENTA CON CAUSA ESPECIFICA,2,1,0,1,1,0,1,0,0,0,1,1,1,1,43,43,43,0,0,0,0,0,0,NA,1,0,1,0,0,0,0,0,0,0,0,0,No,No,No,No
A-2024-12-89,2024-12-01,2024,12,Diciembre,domingo,23:05,23,Noche,Sí,LIMA,LIMA,SAN MARTIN DE PORRES,URBANA,-12.033338291762696,-77.05347766528016,ATROPELLO FUGA,1,0,1,No,No,CARRETERA,NACIONAL,PE-1N,DESPEJADO,COMERCIAL,TRAMO RECTO,PLANA,ASFALTADA,EN PROCESO DE INVESTIGACIÓN,NO CUENTA CON CAUSA ESPECIFICA,2,1,0,0,1,0,1,0,0,0,1,1,0,1,33,33,33,0,0,0,0,0,0,NA,1,0,0,0,0,0,1,0,0,0,0,1,No,No,No,Sí
A-2024-12-70,2024-12-03,2024,12,Diciembre,martes,05:45,5,Madrugada,No,LIMA,LIMA,LOS OLIVOS,URBANA,-11.99276343579075,-77.06414031914186,CHOQUE FUGA,1,0,1,No,No,AVENIDA,URBANO,NO CORRESPONDE,DESPEJADO,COMERCIAL,INTERSECCIÓN,PLANA,ASFALTADA,EN PROCESO DE INVESTIGACIÓN,NO CUENTA CON CAUSA ESPECIFICA,2,1,0,0,2,0,0,0,1,0,0,1,0,1,31,31,31,0,0,0,0,0,0,NA,2,0,0,0,0,1,1,0,0,0,0,1,No,No,No,Sí
A-2024-12-86,2024-12-04,2024,12,Diciembre,miércoles,02:30,2,Madrugada,No,LIMA,LIMA,COMAS,URBANA,-11.933814470408452,-77.07207325287774,ATROPELLO FUGA,1,0,1,No,No,CARRETERA,NACIONAL,PE-1N,DESPEJADO,INDUSTRIAL,TRAMO RECTO,PLANA,ASFALTADA,EN PROCESO DE INVESTIGACIÓN,NO CUENTA CON CAUSA ESPECIFICA,2,1,0,0,1,0,1,0,0,0,1,1,0,0,NA,NA,NA,NA,NA,0,0,0,0,NA,1,0,0,0,0,0,1,0,0,0,0,1,No,No,No,Sí
A-2024-12-65,2024-12-04,2024,12,Diciembre,miércoles,20:20,20,Noche,No,LIMA,LIMA,PACHACAMAC,URBANA,-12.121224576377882,-76.8727343792582,ATROPELLO,1,0,1,No,No,CARRETERA,PROVINCIAL,LM-796,DESPEJADO,COMERCIAL,INTERSECCIÓN,PLANA,ASFALTADA,EN PROCESO DE INVESTIGACIÓN,NO CUENTA CON CAUSA ESPECIFICA,2,1,0,1,1,0,1,0,0,0,1,2,0,2,62,38,86,0,1,0,0,0,0,NA,1,1,0,0,0,0,0,0,0,1,0,0,Sí,No,No,No
A-2024-12-90,2024-12-05,2024,12,Diciembre,jueves,10:00,10,Mañana,No,LIMA,LIMA,SAN MARTIN DE PORRES,URBANA,-11.990137556621331,-77.09541737990095,ATROPELLO,1,0,1,No,No,AVENIDA,URBANO,NO CORRESPONDE,DESPEJADO,RESIDENCIAL,TRAMO RECTO,PLANA,ASFALTADA,EN PROCESO DE INVESTIGACIÓN,NO CUENTA CON CAUSA ESPECIFICA,2,1,0,1,1,0,1,0,0,0,1,2,0,2,62.5,45,80,0,1,0,0,0,0,NA,1,0,0,1,0,0,0,0,0,0,0,0,No,Sí,No,No
A-2024-12-67,2024-12-05,2024,12,Diciembre,jueves,12:45,12,Tarde,No,LIMA,LIMA,ATE,URBANA,-12.002458267726476,-76.84165583396636,ATROPELLO,1,0,1,No,No,CARRETERA,NACIONAL,PE-22,DESPEJADO,COMERCIAL,TRAMO RECTO,PLANA,ASFALTADA,IMPRUDENCIA DEL CONDUCTOR,OTRO (IMPRUDENCIA DEL CONDUCTOR),2,1,0,1,1,0,1,0,0,0,1,2,0,2,40,20,60,0,1,1,1,0,0,NA,1,1,0,0,0,0,0,0,0,1,0,0,Sí,No,No,No
A-2024-12-128,2024-12-05,2024,12,Diciembre,jueves,20:30,20,Noche,No,LIMA,LIMA,JESUS MARIA,URBANA,-12.080752802091435,-77.05822341740915,ATROPELLO,1,0,1,No,No,AVENIDA,URBANO,NO CORRESPONDE,DESPEJADO,RESIDENCIAL,INTERSECCIÓN,PLANA,ASFALTADA,IMPRUDENCIA DEL PEATÓN,DESACATO DE SEÑAL DE TRÁNSITO,2,1,0,1,1,0,1,0,0,0,1,1,1,2,45,27,63,0,1,0,0,0,0,NA,1,0,0,0,1,0,0,1,0,0,0,0,No,No,Sí,No
A-2024-12-66,2024-12-05,2024,12,Diciembre,jueves,22:20,22,Noche,No,LIMA,LIMA,SANTA MARIA DEL MAR,URBANA,-12.399872898747907,-76.75794493912079,DESPISTE,1,2,3,Sí,No,AVENIDA,URBANO,NO CORRESPONDE,DESPEJADO,INDUSTRIAL,CURVA,PLANA,ASFALTADA,EN PROCESO DE INVESTIGACIÓN,NO CUENTA CON CAUSA ESPECIFICA,3,1,2,0,1,2,0,0,1,0,0,1,2,3,17.333333333333332,4,24,1,0,1,1,0,0,NA,1,1,0,0,0,0,0,0,0,1,0,0,Sí,No,No,No
A-2024-12-91,2024-12-07,2024,12,Diciembre,sábado,02:00,2,Madrugada,Sí,LIMA,LIMA,EL AGUSTINO,URBANA,-12.03273811614064,-76.99669402204279,DESPISTE,1,0,1,No,No,AVENIDA,URBANO,NO CORRESPONDE,DESPEJADO,RESIDENCIAL,INTERSECCIÓN,PLANA,ASFALTADA,EN PROCESO DE INVESTIGACIÓN,NO CUENTA CON CAUSA ESPECIFICA,1,1,0,0,1,0,0,0,1,0,0,1,0,1,48,48,48,0,0,0,0,0,0,NA,1,0,1,0,0,0,0,0,0,0,0,0,No,No,No,No
A-2024-12-92,2024-12-07,2024,12,Diciembre,sábado,04:10,4,Madrugada,Sí,LIMA,LIMA,LURIGANCHO,URBANA,-11.945755066531916,-76.71007762607162,DESPISTE,1,1,2,Sí,No,CARRETERA,NACIONAL,PE-22,DESPEJADO,RESIDENCIAL,CURVA,PLANA,ASFALTADA,EN PROCESO DE INVESTIGACIÓN,NO CUENTA CON CAUSA ESPECIFICA,2,1,1,0,1,1,0,0,0,1,0,1,1,1,20,20,20,0,0,1,1,0,0,NA,1,1,0,0,0,0,0,0,0,0,0,0,Sí,No,No,No
A-2024-12-93,2024-12-07,2024,12,Diciembre,sábado,19:30,19,Noche,Sí,LIMA,LIMA,ANCON,URBANA,-11.768235708143576,-77.16107079620207,ATROPELLO,1,0,1,No,No,CARRETERA,NACIONAL,PE-1NA,DESPEJADO,COMERCIAL,TRAMO RECTO,PLANA,ASFALTADA,EN PROCESO DE INVESTIGACIÓN,NO CUENTA CON CAUSA ESPECIFICA,2,1,0,1,1,0,1,0,0,0,1,2,0,2,43.5,19,68,0,1,1,1,0,0,NA,1,1,0,0,0,0,0,0,0,1,0,0,Sí,No,No,No
A-2024-12-94,2024-12-08,2024,12,Diciembre,domingo,01:50,1,Madrugada,Sí,LIMA,LIMA,SANTIAGO DE SURCO,URBANA,-12.080560232466665,-76.97758366172309,CHOQUE CON OBJETO FIJO,1,0,1,No,No,CARRETERA,NACIONAL,PE-1S,DESPEJADO,RESIDENCIAL,CURVA,PLANA,ASFALTADA,EN PROCESO DE INVESTIGACIÓN,NO CUENTA CON CAUSA ESPECIFICA,1,1,0,0,1,0,0,0,1,0,0,1,0,1,27,27,27,0,0,1,1,0,0,NA,1,1,0,0,0,0,0,0,0,0,0,0,Sí,No,No,No
A-2024-12-95,2024-12-08,2024,12,Diciembre,domingo,19:10,19,Noche,Sí,LIMA,LIMA,VILLA MARIA DEL TRIUNFO,URBANA,-12.15511208588376,-76.95864852025149,ATROPELLO,1,0,1,No,No,AVENIDA,URBANO,NO CORRESPONDE,DESPEJADO,RESIDENCIAL,TRAMO RECTO,INCLINADA,ASFALTADA,EN PROCESO DE INVESTIGACIÓN,NO CUENTA CON CAUSA ESPECIFICA,2,1,0,1,1,0,1,0,0,0,1,2,0,2,54.5,23,86,0,1,0,0,0,0,NA,1,1,0,0,0,0,0,0,0,1,0,0,Sí,No,No,No
A-2024-12-96,2024-12-09,2024,12,Diciembre,lunes,05:15,5,Madrugada,No,LIMA,LIMA,SAN JUAN DE LURIGANCHO,URBANA,-12.029377134050513,-77.01776087661604,DESPISTE,2,0,2,No,Sí,AVENIDA,URBANO,NO CORRESPONDE,DESPEJADO,RESIDENCIAL,CURVA,INCLINADA,ASFALTADA,EN PROCESO DE INVESTIGACIÓN,NO CUENTA CON CAUSA ESPECIFICA,2,2,0,0,1,1,0,0,1,1,0,1,1,1,35,35,35,0,0,1,1,0,0,NA,1,1,0,0,0,0,0,0,0,1,0,0,Sí,No,No,No
A-2024-12-97,2024-12-09,2024,12,Diciembre,lunes,16:05,16,Tarde,No,LIMA,LIMA,CHORRILLOS,URBANA,-12.20626581299505,-76.97498784346062,CHOQUE,1,0,1,No,No,CARRETERA,NACIONAL,PE-1S,DESPEJADO,INDUSTRIAL,TRAMO RECTO,PLANA,ASFALTADA,EN PROCESO DE INVESTIGACIÓN,NO CUENTA CON CAUSA ESPECIFICA,2,1,0,1,2,0,0,0,1,0,0,2,0,2,26,19,33,0,0,0,1,0,0,NA,2,1,1,0,0,0,0,0,0,0,0,0,Sí,No,No,No
A-2024-12-98,2024-12-09,2024,12,Diciembre,lunes,23:55,23,Noche,No,LIMA,LIMA,PUNTA HERMOSA,URBANA,-12.331775684162482,-76.82095575612404,ATROPELLO,1,0,1,No,No,CARRETERA,NACIONAL,PE-1S,DESPEJADO,INDUSTRIAL,TRAMO RECTO,PLANA,ASFALTADA,EN PROCESO DE INVESTIGACIÓN,NO CUENTA CON CAUSA ESPECIFICA,2,1,0,1,1,0,1,0,0,0,1,2,0,1,54,54,54,0,0,0,0,0,0,NA,1,0,1,0,0,0,0,0,0,0,0,0,No,No,No,No
A-2024-12-99,2024-12-10,2024,12,Diciembre,martes,08:40,8,Mañana,No,LIMA,LIMA,SAN JUAN DE MIRAFLORES,URBANA,-12.137919555219085,-76.96104368818563,DESPISTE,1,3,4,Sí,No,AVENIDA,URBANO,NO CORRESPONDE,DESPEJADO,ESCOLAR,INTERSECCIÓN,INCLINADA,ASFALTADA,EN PROCESO DE INVESTIGACIÓN,NO CUENTA CON CAUSA ESPECIFICA,5,1,3,0,1,3,1,0,0,0,1,3,1,4,42.5,5,60,1,1,0,0,0,0,NA,1,0,1,0,0,0,0,0,0,0,0,0,No,No,No,No
A-2024-12-100,2024-12-13,2024,12,Diciembre,viernes,01:30,1,Madrugada,No,LIMA,LIMA,SAN MARTIN DE PORRES,URBANA,-12.031675407010912,-77.06809336339548,ATROPELLO FUGA,1,0,1,No,No,AVENIDA,URBANO,NO CORRESPONDE,DESPEJADO,COMERCIAL,TRAMO RECTO,PLANA,ASFALTADA,EN PROCESO DE INVESTIGACIÓN,NO CUENTA CON CAUSA ESPECIFICA,2,1,0,0,1,0,1,0,0,0,1,1,0,0,NA,NA,NA,NA,NA,0,0,0,0,NA,1,0,0,0,0,0,1,0,0,0,0,1,No,No,No,Sí
A-2024-12-101,2024-12-14,2024,12,Diciembre,sábado,02:30,2,Madrugada,Sí,LIMA,LIMA,EL AGUSTINO,URBANA,-12.03285756513733,-77.00682081487176,DESPISTE,1,0,1,No,No,CARRETERA,NACIONAL,PE-1N,DESPEJADO,COMERCIAL,TRAMO RECTO,INCLINADA,ASFALTADA,EN PROCESO DE INVESTIGACIÓN,NO CUENTA CON CAUSA ESPECIFICA,1,1,0,0,1,0,0,0,1,0,0,1,0,1,26,26,26,0,0,0,0,0,0,NA,1,1,0,0,0,0,0,0,0,0,0,0,Sí,No,No,No
A-2024-12-102,2024-12-14,2024,12,Diciembre,sábado,04:55,4,Madrugada,Sí,LIMA,LIMA,VILLA EL SALVADOR,URBANA,-12.24251203982104,-76.94402208978147,CHOQUE,1,0,1,No,No,CARRETERA,NACIONAL,PE-1S,DESPEJADO,INDUSTRIAL,TRAMO RECTO,PLANA,ASFALTADA,EN PROCESO DE INVESTIGACIÓN,NO CUENTA CON CAUSA ESPECIFICA,2,1,0,1,2,0,0,0,1,0,0,2,0,2,50,35,65,0,1,1,1,0,0,NA,2,1,0,1,0,0,0,0,0,0,0,0,Sí,Sí,No,No
A-2024-12-104,2024-12-15,2024,12,Diciembre,domingo,02:38,2,Madrugada,Sí,LIMA,LIMA,PUENTE PIEDRA,URBANA,-11.841324330668538,-77.10368626847814,CHOQUE,1,1,2,Sí,No,CARRETERA,NACIONAL,PE-1N,DESPEJADO,ESCOLAR,TRAMO RECTO,PLANA,ASFALTADA,EN PROCESO DE INVESTIGACIÓN,NO CUENTA CON CAUSA ESPECIFICA,4,1,1,2,2,2,0,0,0,1,0,2,2,4,47.75,34,62,0,1,0,1,0,0,NA,2,0,1,0,1,0,0,0,0,0,0,0,No,No,No,No
A-2024-12-107,2024-12-15,2024,12,Diciembre,domingo,05:40,5,Madrugada,Sí,LIMA,LIMA,MAGDALENA DEL MAR,URBANA,-12.097772906945732,-77.07281905686722,DESPISTE,1,1,2,Sí,No,VIA EXPRESA,URBANO,NO CORRESPONDE,DESPEJADO,COMERCIAL,CURVA,PLANA,ASFALTADA,EN PROCESO DE INVESTIGACIÓN,NO CUENTA CON CAUSA ESPECIFICA,2,1,1,0,1,1,0,0,1,0,0,2,0,2,19.5,19,20,0,0,0,0,0,0,NA,1,1,0,0,0,0,0,0,0,1,0,0,Sí,No,No,No
A-2024-12-108,2024-12-16,2024,12,Diciembre,lunes,02:10,2,Madrugada,No,LIMA,LIMA,INDEPENDENCIA,URBANA,-11.991470434823938,-77.05703698927088,CHOQUE CON OBJETO FIJO,2,0,2,No,Sí,AVENIDA,URBANO,NO CORRESPONDE,DESPEJADO,RESIDENCIAL,TRAMO RECTO,PLANA,ASFALTADA,EN PROCESO DE INVESTIGACIÓN,NO CUENTA CON CAUSA ESPECIFICA,3,2,0,1,1,2,0,0,0,2,0,1,2,1,20,20,20,0,0,0,0,0,0,NA,1,0,1,0,0,0,0,0,0,0,0,0,No,No,No,No
A-2024-12-109,2024-12-18,2024,12,Diciembre,miércoles,22:20,22,Noche,No,LIMA,LIMA,SAN JUAN DE MIRAFLORES,URBANA,-12.186998694225922,-76.97398166117583,ATROPELLO FUGA,1,0,1,No,No,CARRETERA,NACIONAL,PE-1S,DESPEJADO,COMERCIAL,TRAMO RECTO,PLANA,ASFALTADA,EN PROCESO DE INVESTIGACIÓN,NO CUENTA CON CAUSA ESPECIFICA,2,1,0,0,1,0,1,0,0,0,1,1,0,0,NA,NA,NA,NA,NA,0,0,0,0,NA,1,0,0,0,0,0,1,0,0,0,0,1,No,No,No,Sí
A-2024-12-110,2024-12-19,2024,12,Diciembre,jueves,06:45,6,Mañana,No,LIMA,LIMA,SANTIAGO DE SURCO,URBANA,-12.117799081580804,-76.97732486059529,CHOQUE,1,0,1,No,No,CARRETERA,NACIONAL,PE-1S,DESPEJADO,ESCOLAR,TRAMO RECTO,PLANA,ASFALTADA,EN PROCESO DE INVESTIGACIÓN,NO CUENTA CON CAUSA ESPECIFICA,2,1,0,1,2,0,0,0,1,0,0,2,0,2,35,30,40,0,0,0,0,0,0,NA,2,1,1,0,0,0,0,0,0,0,1,0,Sí,No,No,No
A-2024-12-112,2024-12-21,2024,12,Diciembre,sábado,15:50,15,Tarde,Sí,LIMA,LIMA,SAN MIGUEL,URBANA,-12.074557740842218,-77.09914819879518,ATROPELLO,1,0,1,No,No,AVENIDA,URBANO,NO CORRESPONDE,DESPEJADO,COMERCIAL,INTERSECCIÓN,PLANA,ASFALTADA,EN PROCESO DE INVESTIGACIÓN,NO CUENTA CON CAUSA ESPECIFICA,2,1,0,1,1,0,1,0,0,0,1,1,1,2,70,61,79,0,2,0,0,0,0,NA,1,0,1,0,0,0,0,1,0,0,0,0,No,No,Sí,No
A-2024-12-111,2024-12-21,2024,12,Diciembre,sábado,17:20,17,Tarde,Sí,LIMA,LIMA,VILLA EL SALVADOR,URBANA,-12.200564435374154,-76.9558679286369,CHOQUE,1,0,1,No,No,AVENIDA,URBANO,NO CORRESPONDE,DESPEJADO,RESIDENCIAL,INTERSECCIÓN,PLANA,ASFALTADA,EN PROCESO DE INVESTIGACIÓN,NO CUENTA CON CAUSA ESPECIFICA,3,1,0,2,2,1,0,0,0,1,0,1,2,3,42,21,74,0,1,0,0,0,0,NA,2,0,1,1,0,0,0,0,0,0,0,0,No,Sí,No,No
A-2024-12-113,2024-12-22,2024,12,Diciembre,domingo,07:00,7,Mañana,Sí,LIMA,LIMA,SAN JUAN DE MIRAFLORES,URBANA,-12.1646572171011,-76.96921840704017,DESPISTE,1,0,1,No,No,AVENIDA,URBANO,NO CORRESPONDE,DESPEJADO,COMERCIAL,INTERSECCIÓN,PLANA,ASFALTADA,EN PROCESO DE INVESTIGACIÓN,NO CUENTA CON CAUSA ESPECIFICA,1,1,0,0,1,0,0,0,1,0,0,1,0,1,52,52,52,0,0,0,0,0,0,NA,1,1,0,0,0,0,0,0,1,0,0,0,Sí,No,No,No
A-2024-12-115,2024-12-22,2024,12,Diciembre,domingo,07:00,7,Mañana,Sí,LIMA,LIMA,LOS OLIVOS,URBANA,-11.976860755864578,-77.06214146847923,CHOQUE CON OBJETO FIJO,1,1,2,Sí,No,AVENIDA,URBANO,NO CORRESPONDE,DESPEJADO,INDUSTRIAL,TRAMO RECTO,PLANA,ASFALTADA,EN PROCESO DE INVESTIGACIÓN,NO CUENTA CON CAUSA ESPECIFICA,2,1,1,0,1,1,0,0,1,0,0,2,0,2,25,17,33,1,0,0,0,0,0,NA,1,1,0,0,0,0,0,0,0,0,0,0,Sí,No,No,No
A-2024-12-114,2024-12-22,2024,12,Diciembre,domingo,11:00,11,Mañana,Sí,LIMA,LIMA,SAN MARTIN DE PORRES,URBANA,-11.941483391612188,-77.12505312745871,DESPISTE,1,3,4,Sí,No,AVENIDA,URBANO,NO CORRESPONDE,DESPEJADO,RESIDENCIAL,TRAMO RECTO,PLANA,ASFALTADA,EN PROCESO DE INVESTIGACIÓN,NO CUENTA CON CAUSA ESPECIFICA,4,1,3,0,1,3,0,0,0,1,0,1,3,4,51,32,62,0,2,0,0,0,0,NA,1,1,0,0,0,0,0,0,0,0,0,0,Sí,No,No,No
A-2024-12-116,2024-12-23,2024,12,Diciembre,lunes,11:20,11,Mañana,No,LIMA,LIMA,VILLA EL SALVADOR,URBANA,-12.234970829883556,-76.9115445209504,ATROPELLO FUGA,1,0,1,No,No,AVENIDA,URBANO,NO CORRESPONDE,DESPEJADO,COMERCIAL,INTERSECCIÓN,INCLINADA,ASFALTADA,EN PROCESO DE INVESTIGACIÓN,NO CUENTA CON CAUSA ESPECIFICA,2,1,0,1,1,0,1,0,0,0,1,1,1,2,63,46,80,0,1,0,0,0,0,NA,1,0,0,0,1,0,0,1,0,0,0,0,No,No,Sí,No
A-2024-12-117,2024-12-25,2024,12,Diciembre,miércoles,15:00,15,Tarde,No,LIMA,LIMA,PUENTE PIEDRA,URBANA,-11.86558905779438,-77.07380925963687,DESPISTE,1,12,13,Sí,No,CARRETERA,NACIONAL,PE-1N,DESPEJADO,COMERCIAL,TRAMO RECTO,INCLINADA,ASFALTADA,EN PROCESO DE INVESTIGACIÓN,NO CUENTA CON CAUSA ESPECIFICA,14,1,12,1,1,13,0,0,0,1,0,10,4,14,25.714285714285715,0,55,5,0,1,1,0,0,NA,1,0,0,0,1,0,0,1,0,0,0,0,No,No,Sí,No
A-2024-12-118,2024-12-26,2024,12,Diciembre,jueves,01:10,1,Madrugada,No,LIMA,LIMA,SAN JUAN DE MIRAFLORES,URBANA,-12.173411901691509,-76.97832109687727,ATROPELLO FUGA,1,0,1,No,No,CARRETERA,NACIONAL,PE-1S,DESPEJADO,INDUSTRIAL,TRAMO RECTO,PLANA,ASFALTADA,EN PROCESO DE INVESTIGACIÓN,NO CUENTA CON CAUSA ESPECIFICA,2,1,0,0,1,0,1,0,0,0,1,1,0,0,NA,NA,NA,NA,NA,0,0,0,0,NA,1,0,0,0,0,0,1,0,0,0,0,1,No,No,No,Sí
A-2024-12-119,2024-12-26,2024,12,Diciembre,jueves,12:25,12,Tarde,No,LIMA,LIMA,ANCON,URBANA,-11.78842133713827,-77.15100409865374,ATROPELLO,1,0,1,No,No,CARRETERA,NACIONAL,PE-1N,DESPEJADO,INDUSTRIAL,TRAMO RECTO,PLANA,ASFALTADA,EN PROCESO DE INVESTIGACIÓN,NO CUENTA CON CAUSA ESPECIFICA,2,1,0,1,1,0,1,0,0,0,1,2,0,2,40,39,41,0,0,0,0,0,0,NA,1,0,0,0,1,0,0,0,0,0,0,0,No,No,No,No
A-2024-12-120,2024-12-28,2024,12,Diciembre,sábado,15:10,15,Tarde,Sí,LIMA,LIMA,CARABAYLLO,URBANA,-11.843564551439911,-77.04260489490063,CHOQUE CON OBJETO FIJO,1,0,1,No,No,AVENIDA,URBANO,NO CORRESPONDE,DESPEJADO,RESIDENCIAL,CURVA,PLANA,ASFALTADA,EN PROCESO DE INVESTIGACIÓN,NO CUENTA CON CAUSA ESPECIFICA,1,1,0,0,1,0,0,0,1,0,0,1,0,1,63,63,63,0,1,0,0,0,0,NA,1,0,0,1,0,0,0,0,0,0,1,0,No,Sí,No,No
A-2024-12-121,2024-12-29,2024,12,Diciembre,domingo,01:20,1,Madrugada,Sí,LIMA,LIMA,EL AGUSTINO,URBANA,-12.03302616226266,-77.0073929749146,DESPISTE,1,0,1,No,No,CARRETERA,NACIONAL,PE-1N,DESPEJADO,RESIDENCIAL,TRAMO RECTO,PLANA,ASFALTADA,EN PROCESO DE INVESTIGACIÓN,NO CUENTA CON CAUSA ESPECIFICA,1,1,0,0,1,0,0,0,1,0,0,1,0,1,32,32,32,0,0,0,0,0,0,NA,1,1,0,0,0,0,0,0,0,0,0,0,Sí,No,No,No
A-2024-12-122,2024-12-29,2024,12,Diciembre,domingo,04:09,4,Madrugada,Sí,LIMA,LIMA,ANCON,URBANA,-11.75068424093838,-77.14646781175321,ATROPELLO,1,0,1,No,No,CARRETERA,NACIONAL,PE-1N,DESPEJADO,INDUSTRIAL,TRAMO RECTO,PLANA,ASFALTADA,EN PROCESO DE INVESTIGACIÓN,NO CUENTA CON CAUSA ESPECIFICA,2,1,0,1,1,0,1,0,0,0,1,2,0,2,40,33,47,0,0,0,0,0,0,NA,1,0,0,1,0,0,0,0,0,0,0,0,No,Sí,No,No
A-2024-12-124,2024-12-29,2024,12,Diciembre,domingo,08:00,8,Mañana,Sí,LIMA,LIMA,CHORRILLOS,URBANA,-12.180164074867236,-76.99803302373233,CHOQUE,1,1,2,Sí,No,AVENIDA,URBANO,NO CORRESPONDE,DESPEJADO,RESIDENCIAL,INTERSECCIÓN,PLANA,ASFALTADA,EN PROCESO DE INVESTIGACIÓN,NO CUENTA CON CAUSA ESPECIFICA,3,1,1,1,2,1,0,0,1,0,0,2,1,3,25.333333333333332,19,38,0,0,0,0,0,0,NA,2,1,0,1,0,0,0,0,0,0,0,0,Sí,Sí,No,No
A-2024-12-123,2024-12-29,2024,12,Diciembre,domingo,17:25,17,Tarde,Sí,LIMA,LIMA,SAN BORJA,URBANA,-12.111830458182215,-77.00284380737456,ATROPELLO,1,0,1,No,No,AVENIDA,URBANO,NO CORRESPONDE,DESPEJADO,COMERCIAL,TRAMO RECTO,PLANA,ASFALTADA,EN PROCESO DE INVESTIGACIÓN,NO CUENTA CON CAUSA ESPECIFICA,2,1,0,1,1,0,1,0,0,0,1,2,0,2,73.5,61,86,0,2,0,0,0,0,NA,1,0,0,0,1,0,0,1,0,0,0,0,No,No,Sí,No
A-2024-12-129,2024-12-31,2024,12,Diciembre,martes,19:35,19,Noche,No,LIMA,LIMA,SANTIAGO DE SURCO,URBANA,-12.100345,-76.979546,ATROPELLO,1,0,1,No,No,CARRETERA,NACIONAL,PE-1S,DESPEJADO,INDUSTRIAL,TRAMO RECTO,PLANA,ASFALTADA,EN PROCESO DE INVESTIGACIÓN,NO CUENTA CON CAUSA ESPECIFICA,2,1,0,1,1,0,1,0,0,0,1,2,0,2,38,26,50,0,0,0,0,0,0,NA,1,0,1,0,0,0,0,0,0,0,0,0,No,No,No,No
A-2025-01-80,2025-01-04,2025,1,Enero,sábado,11:15,11,Mañana,Sí,LIMA,LIMA,MAGDALENA DEL MAR,URBANA,-12.090974073655154,-77.06673723684166,ATROPELLO,1,0,1,No,No,AVENIDA,URBANO,NO CORRESPONDE,DESPEJADO,RESIDENCIAL,TRAMO RECTO,PLANA,ASFALTADA,IMPRUDENCIA DEL PEATÓN,CRUCE INDEBIDO POR LA CALZADA,2,1,0,1,1,0,1,0,0,0,1,2,0,2,64.5,54,75,0,1,0,0,0,0,NA,1,0,0,0,1,0,0,1,0,0,0,0,No,No,Sí,No
A-2025-01-81,2025-01-04,2025,1,Enero,sábado,22:15,22,Noche,Sí,LIMA,LIMA,ATE,URBANA,-12.033882656809539,-76.92836175940424,ATROPELLO,1,0,1,No,No,CARRETERA,SIN CLASIFICAR,NO ES CARRETERA,DESPEJADO,RESIDENCIAL,INTERSECCIÓN,PLANA,ASFALTADA,EN PROCESO DE INVESTIGACIÓN,NO CUENTA CON CAUSA ESPECIFICA,2,1,0,1,1,0,1,0,0,0,1,1,1,2,65,54,76,0,1,0,0,0,0,NA,1,1,0,0,0,0,0,0,0,0,0,0,Sí,No,No,No
A-2025-01-82,2025-01-07,2025,1,Enero,martes,07:10,7,Mañana,No,LIMA,LIMA,LIMA,URBANA,-12.042161710353668,-77.04315979132093,ATROPELLO,1,0,1,No,No,AVENIDA,URBANO,NO CORRESPONDE,DESPEJADO,COMERCIAL,TRAMO RECTO,PLANA,ASFALTADA,IMPRUDENCIA DEL PEATÓN,CRUCE INDEBIDO POR LA CALZADA,2,1,0,1,1,0,1,0,0,0,1,2,0,2,39.5,34,45,0,0,0,0,0,0,NA,1,0,0,1,0,0,0,0,0,0,0,0,No,Sí,No,No
A-2025-01-83,2025-01-07,2025,1,Enero,martes,11:40,11,Mañana,No,LIMA,LIMA,SAN JUAN DE LURIGANCHO,URBANA,-12.023156480367572,-76.96511496545861,ATROPELLO,1,0,1,No,No,AVENIDA,URBANO,NO CORRESPONDE,DESPEJADO,COMERCIAL,INTERSECCIÓN,PLANA,ASFALTADA,EN PROCESO DE INVESTIGACIÓN,NO CUENTA CON CAUSA ESPECIFICA,2,1,0,1,1,0,1,0,0,0,1,2,0,2,46,35,57,0,0,0,0,0,0,NA,1,0,0,1,0,0,0,0,0,0,0,0,No,Sí,No,No
A-2025-01-84,2025-01-08,2025,1,Enero,miércoles,22:50,22,Noche,No,LIMA,LIMA,LURIN,URBANA,-12.284073708732857,-76.86337971399395,DESPISTE,1,0,1,No,No,AVENIDA,URBANO,NO ES CARRETERA,DESPEJADO,INDUSTRIAL,TRAMO RECTO,PLANA,ASFALTADA,EN PROCESO DE INVESTIGACIÓN,NO CUENTA CON CAUSA ESPECIFICA,1,1,0,0,1,0,0,0,1,0,0,1,0,1,23,23,23,0,0,1,1,0,0,NA,1,1,0,0,0,0,0,0,0,0,0,0,Sí,No,No,No
A-2025-01-85,2025-01-11,2025,1,Enero,sábado,11:00,11,Mañana,Sí,LIMA,LIMA,LURIN,RURAL,-12.266720583284222,-76.88368966576117,CAÍDA DE PASAJERO,1,0,1,No,No,AVENIDA,URBANO,NO CORRESPONDE,DESPEJADO,INDUSTRIAL,TRAMO RECTO,PLANA,ASFALTADA,EN PROCESO DE INVESTIGACIÓN,NO CUENTA CON CAUSA ESPECIFICA,2,1,0,1,1,1,0,0,0,1,0,1,1,2,22.5,9,36,1,0,0,0,0,0,NA,1,1,0,0,0,0,0,0,0,1,0,0,Sí,No,No,No
A-2025-01-89,2025-01-12,2025,1,Enero,domingo,01:30,1,Madrugada,Sí,LIMA,LIMA,VILLA EL SALVADOR,URBANA,-12.23728,-76.954092,ATROPELLO,1,1,2,Sí,No,CARRETERA,NACIONAL,PE-1S,DESPEJADO,COMERCIAL,TRAMO RECTO,PLANA,ASFALTADA,EN PROCESO DE INVESTIGACIÓN,NO CUENTA CON CAUSA ESPECIFICA,2,1,1,0,1,0,1,0,0,0,1,2,0,1,24,24,24,0,0,0,0,0,0,NA,1,1,0,0,0,0,0,0,0,0,0,0,Sí,No,No,No
A-2025-01-90,2025-01-13,2025,1,Enero,lunes,00:50,0,Madrugada,No,LIMA,LIMA,SANTIAGO DE SURCO,URBANA,-12.126797,-76.97689,ATROPELLO,1,0,1,No,No,CARRETERA,NACIONAL,PE-1S,DESPEJADO,RESIDENCIAL,TRAMO RECTO,PLANA,ASFALTADA,EN PROCESO DE INVESTIGACIÓN,NO CUENTA CON CAUSA ESPECIFICA,2,1,0,1,1,0,1,0,0,0,1,2,0,2,51,33,69,0,1,0,0,0,0,NA,1,0,1,0,0,0,0,0,0,0,0,0,No,No,No,No
A-2025-01-100,2025-01-14,2025,1,Enero,martes,07:40,7,Mañana,No,LIMA,LIMA,COMAS,URBANA,-11.93746533063863,-77.04922797668507,ATROPELLO,1,0,1,No,No,AVENIDA,URBANO,NO CORRESPONDE,DESPEJADO,COMERCIAL,TRAMO RECTO,PLANA,ASFALTADA,EN PROCESO DE INVESTIGACIÓN,NO CUENTA CON CAUSA ESPECIFICA,2,1,0,1,1,0,1,0,0,0,1,1,1,2,62,50,74,0,1,0,0,0,0,NA,1,0,1,0,0,0,0,0,0,0,0,0,No,No,No,No
A-2025-01-101,2025-01-14,2025,1,Enero,martes,08:00,8,Mañana,No,LIMA,LIMA,SAN JUAN DE LURIGANCHO,URBANA,-11.954922737556805,-76.98278480530283,ATROPELLO,1,0,1,No,No,AVENIDA,URBANO,NO CORRESPONDE,DESPEJADO,COMERCIAL,INTERSECCIÓN,PLANA,ASFALTADA,EN PROCESO DE INVESTIGACIÓN,NO CUENTA CON CAUSA ESPECIFICA,2,1,0,1,1,0,1,0,0,0,1,2,0,2,52,38,66,0,1,0,0,0,0,NA,1,0,1,0,0,0,0,0,0,0,0,0,No,No,No,No
A-2025-01-102,2025-01-15,2025,1,Enero,miércoles,01:10,1,Madrugada,No,LIMA,LIMA,ATE,URBANA,-12.064299212173214,-76.97160080323245,DESPISTE,1,0,1,No,No,AVENIDA,URBANO,NO CORRESPONDE,DESPEJADO,INDUSTRIAL,INTERSECCIÓN,PLANA,ASFALTADA,EN PROCESO DE INVESTIGACIÓN,NO CUENTA CON CAUSA ESPECIFICA,1,1,0,0,1,0,0,0,1,0,0,1,0,1,24,24,24,0,0,0,0,0,0,NA,1,1,0,0,0,0,0,0,0,0,0,0,Sí,No,No,No
A-2025-01-103,2025-01-15,2025,1,Enero,miércoles,14:45,14,Tarde,No,LIMA,LIMA,PUEBLO LIBRE,URBANA,-12.079649946181073,-77.06124883117977,ATROPELLO,1,0,1,No,No,AVENIDA,URBANO,NO CORRESPONDE,DESPEJADO,RESIDENCIAL,INTERSECCIÓN,PLANA,ASFALTADA,EN PROCESO DE INVESTIGACIÓN,NO CUENTA CON CAUSA ESPECIFICA,2,1,0,1,1,0,1,0,0,0,1,2,0,2,56.5,41,72,0,1,0,0,0,0,NA,1,0,0,0,1,0,0,1,0,0,0,0,No,No,Sí,No
A-2025-01-104,2025-01-16,2025,1,Enero,jueves,09:40,9,Mañana,No,LIMA,LIMA,SAN JUAN DE LURIGANCHO,URBANA,-12.027720130183406,-77.01133096296797,ATROPELLO,1,0,1,No,No,AVENIDA,URBANO,NO CORRESPONDE,DESPEJADO,RESIDENCIAL,TRAMO RECTO,PLANA,ASFALTADA,EN PROCESO DE INVESTIGACIÓN,NO CUENTA CON CAUSA ESPECIFICA,2,1,0,1,1,0,1,0,0,0,1,2,0,2,53.5,28,79,0,1,0,0,0,0,NA,1,1,0,0,0,0,0,0,0,1,0,0,Sí,No,No,No
A-2025-01-105,2025-01-16,2025,1,Enero,jueves,23:38,23,Noche,No,LIMA,LIMA,LOS OLIVOS,URBANA,-11.969666,-77.067331,CHOQUE FUGA,1,0,1,No,No,CARRETERA,NACIONAL,PE-1N,DESPEJADO,COMERCIAL,TRAMO RECTO,PLANA,ASFALTADA,EN PROCESO DE INVESTIGACIÓN,NO CUENTA CON CAUSA ESPECIFICA,2,1,0,0,2,0,0,0,1,0,0,1,0,1,37,37,37,0,0,0,0,0,0,NA,2,1,1,0,0,0,0,0,0,0,0,0,Sí,No,No,No
A-2025-01-111,2025-01-17,2025,1,Enero,viernes,14:50,14,Tarde,No,LIMA,LIMA,LOS OLIVOS,URBANA,-11.963980867357039,-77.08330337415632,DESPISTE,1,0,1,No,No,CARRETERA,NACIONAL,PE-20F,DESPEJADO,RESIDENCIAL,INTERSECCIÓN,PLANA,ASFALTADA,EN PROCESO DE INVESTIGACIÓN,NO CUENTA CON CAUSA ESPECIFICA,1,1,0,0,1,0,0,0,1,0,0,1,0,1,77,77,77,0,1,0,0,0,0,NA,1,0,1,0,0,0,0,0,0,0,0,0,No,No,No,No
A-2025-01-112,2025-01-18,2025,1,Enero,sábado,08:30,8,Mañana,Sí,LIMA,LIMA,LURIGANCHO,URBANA,-12.015970361122656,-76.9110696051746,DESPISTE,1,0,1,No,No,AVENIDA,URBANO,NO CORRESPONDE,DESPEJADO,INDUSTRIAL,TRAMO RECTO,PLANA,ASFALTADA,EN PROCESO DE INVESTIGACIÓN,NO CUENTA CON CAUSA ESPECIFICA,1,1,0,0,1,0,0,0,1,0,0,1,0,1,24,24,24,0,0,0,0,0,0,NA,1,1,0,0,0,0,0,0,0,0,0,0,Sí,No,No,No
A-2025-01-121,2025-01-19,2025,1,Enero,domingo,03:45,3,Madrugada,Sí,LIMA,LIMA,SAN JUAN DE LURIGANCHO,URBANA,-12.029792197073256,-77.00845104172873,ATROPELLO FUGA,1,0,1,No,No,AVENIDA,URBANO,NO CORRESPONDE,DESPEJADO,RESIDENCIAL,TRAMO RECTO,PLANA,ASFALTADA,EN PROCESO DE INVESTIGACIÓN,NO CUENTA CON CAUSA ESPECIFICA,2,1,0,1,1,0,1,0,0,0,1,2,0,2,27,27,27,0,0,0,0,0,0,NA,1,0,1,0,0,0,0,0,0,0,0,0,No,No,No,No
A-2025-01-113,2025-01-20,2025,1,Enero,lunes,16:50,16,Tarde,No,LIMA,LIMA,VILLA MARIA DEL TRIUNFO,URBANA,-12.175092976792884,-76.93629647294144,ATROPELLO,1,0,1,No,No,AVENIDA,URBANO,NO CORRESPONDE,DESPEJADO,RESIDENCIAL,TRAMO RECTO,PLANA,ASFALTADA,EN PROCESO DE INVESTIGACIÓN,NO CUENTA CON CAUSA ESPECIFICA,2,1,0,1,1,0,1,0,0,0,1,2,0,2,58,24,92,0,1,0,0,0,0,NA,1,0,0,0,0,0,0,0,0,1,0,0,No,No,No,No
A-2025-01-114,2025-01-20,2025,1,Enero,lunes,22:30,22,Noche,No,LIMA,LIMA,COMAS,URBANA,-11.95678927516469,-77.05998363973045,DESPISTE,1,0,1,No,No,AVENIDA,URBANO,NO CORRESPONDE,DESPEJADO,COMERCIAL,TRAMO RECTO,PLANA,ASFALTADA,EN PROCESO DE INVESTIGACIÓN,NO CUENTA CON CAUSA ESPECIFICA,1,1,0,0,1,0,0,0,1,0,0,1,0,1,28,28,28,0,0,0,0,0,0,NA,1,1,0,0,0,0,0,0,0,0,0,0,Sí,No,No,No
A-2025-01-115,2025-01-21,2025,1,Enero,martes,08:30,8,Mañana,No,LIMA,LIMA,SAN MARTIN DE PORRES,URBANA,-12.006036329282308,-77.08267837389212,DESPISTE,3,5,8,Sí,Sí,AVENIDA,URBANO,NO CORRESPONDE,DESPEJADO,COMERCIAL,INTERSECCIÓN,PLANA,ASFALTADA,EN PROCESO DE INVESTIGACIÓN,NO CUENTA CON CAUSA ESPECIFICA,9,3,5,0,1,6,2,0,0,1,2,4,5,8,27.875,1,66,3,1,0,0,0,0,NA,1,0,0,0,1,0,0,1,0,0,0,0,No,No,Sí,No
A-2025-01-116,2025-01-23,2025,1,Enero,jueves,02:00,2,Madrugada,No,LIMA,LIMA,VILLA EL SALVADOR,URBANA,-12.21541772828762,-76.95241468571005,CHOQUE,1,0,1,No,No,AVENIDA,URBANO,NO CORRESPONDE,DESPEJADO,RESIDENCIAL,INTERSECCIÓN,PLANA,ASFALTADA,EN PROCESO DE INVESTIGACIÓN,NO CUENTA CON CAUSA ESPECIFICA,2,1,0,1,2,0,0,0,1,0,0,2,0,2,26,24,28,0,0,1,2,0,0,NA,2,1,1,0,0,0,0,0,0,0,0,0,Sí,No,No,No
A-2025-01-117,2025-01-27,2025,1,Enero,lunes,23:00,23,Noche,No,LIMA,LIMA,LIMA,URBANA,-12.057409373276267,-77.01798032360311,ATROPELLO,1,0,1,No,No,AVENIDA,URBANO,NO CORRESPONDE,DESPEJADO,COMERCIAL,TRAMO RECTO,PLANA,ASFALTADA,EN PROCESO DE INVESTIGACIÓN,NO CUENTA CON CAUSA ESPECIFICA,2,1,0,1,1,0,1,0,0,0,1,2,0,2,45.5,21,70,0,1,0,0,0,0,NA,1,0,0,0,1,0,0,1,0,0,0,0,No,No,Sí,No
A-2025-01-118,2025-01-28,2025,1,Enero,martes,05:30,5,Madrugada,No,LIMA,LIMA,ATE,URBANA,-12.062008132419876,-76.96130021170244,CHOQUE,1,1,2,Sí,No,CARRETERA,DEPARTAMENTAL,LM-117,DESPEJADO,COMERCIAL,INTERSECCIÓN,PLANA,ASFALTADA,EN PROCESO DE INVESTIGACIÓN,NO CUENTA CON CAUSA ESPECIFICA,3,1,1,1,2,1,0,0,1,0,0,2,1,3,37.333333333333336,22,63,0,1,0,0,0,0,NA,2,0,1,1,0,0,0,0,0,0,0,0,No,Sí,No,No
A-2025-01-119,2025-01-29,2025,1,Enero,miércoles,21:30,21,Noche,No,LIMA,LIMA,PUNTA NEGRA,URBANA,-12.370402,-76.789477,CHOQUE,1,1,2,Sí,No,AVENIDA,URBANO,NO CORRESPONDE,DESPEJADO,RESIDENCIAL,TRAMO RECTO,PLANA,ASFALTADA,EN PROCESO DE INVESTIGACIÓN,NO CUENTA CON CAUSA ESPECIFICA,3,1,1,1,2,1,0,0,1,0,0,3,0,3,32.333333333333336,28,41,0,0,1,1,0,0,NA,2,1,0,0,1,0,0,1,0,2,0,0,Sí,No,Sí,No
A-2025-01-120,2025-01-30,2025,1,Enero,jueves,20:05,20,Noche,No,LIMA,LIMA,LURIGANCHO,RURAL,-11.995275603435365,-76.92991259086659,CHOQUE,1,0,1,No,No,AVENIDA,URBANO,NO CORRESPONDE,DESPEJADO,RURAL,TRAMO RECTO,PLANA,ASFALTADA,EN PROCESO DE INVESTIGACIÓN,NO CUENTA CON CAUSA ESPECIFICA,2,1,0,0,2,0,0,0,1,0,0,1,0,1,21,21,21,0,0,1,1,0,0,NA,2,2,0,0,0,0,0,0,0,0,0,0,Sí,No,No,No
A-2025-02-76,2025-02-01,2025,2,Febrero,sábado,14:20,14,Tarde,Sí,LIMA,LIMA,LURIGANCHO,URBANA,-12.013163303798533,-76.90209597592707,CHOQUE,1,0,1,No,No,CARRETERA,DEPARTAMENTAL,LM-114,DESPEJADO,COMERCIAL,INTERSECCIÓN,PLANA,ASFALTADA,EN PROCESO DE INVESTIGACIÓN,NO CUENTA CON CAUSA ESPECIFICA,3,1,0,2,2,1,0,0,0,1,0,3,0,2,47.5,30,65,0,1,1,1,0,0,NA,2,1,0,1,0,0,0,0,0,0,0,0,Sí,Sí,No,No
A-2025-02-77,2025-02-04,2025,2,Febrero,martes,23:00,23,Noche,No,LIMA,LIMA,SAN JUAN DE MIRAFLORES,URBANA,-12.191107,-76.972735,ATROPELLO,1,0,1,No,No,CARRETERA,NACIONAL,PE-1S,DESPEJADO,INDUSTRIAL,TRAMO RECTO,PLANA,ASFALTADA,EN PROCESO DE INVESTIGACIÓN,NO CUENTA CON CAUSA ESPECIFICA,2,1,0,1,1,0,1,0,0,0,1,2,0,1,25,25,25,0,0,0,0,0,0,NA,1,0,1,0,0,0,0,0,0,0,0,0,No,No,No,No
A-2025-02-78,2025-02-04,2025,2,Febrero,martes,23:30,23,Noche,No,LIMA,LIMA,LA VICTORIA,URBANA,-12.06989176790404,-77.016826961116,ATROPELLO FUGA,1,0,1,No,No,AVENIDA,URBANO,NO CORRESPONDE,DESPEJADO,COMERCIAL,TRAMO RECTO,PLANA,ASFALTADA,EN PROCESO DE INVESTIGACIÓN,NO CUENTA CON CAUSA ESPECIFICA,2,1,0,0,1,0,1,0,0,0,1,1,0,0,NA,NA,NA,NA,NA,0,0,0,0,NA,1,0,0,0,0,0,1,0,0,0,0,1,No,No,No,Sí
A-2025-02-79,2025-02-05,2025,2,Febrero,miércoles,04:50,4,Madrugada,No,LIMA,LIMA,CHACLACAYO,URBANA,-11.993569,-76.82844,DESPISTE,1,0,1,No,No,CARRETERA,NACIONAL,PE-22,DESPEJADO,INDUSTRIAL,TRAMO RECTO,PLANA,ASFALTADA,EN PROCESO DE INVESTIGACIÓN,NO CUENTA CON CAUSA ESPECIFICA,1,1,0,0,1,0,0,0,1,0,0,1,0,1,73,73,73,0,1,0,1,0,0,NA,1,1,0,0,0,0,0,0,0,1,0,0,Sí,No,No,No
A-2025-02-80,2025-02-05,2025,2,Febrero,miércoles,08:30,8,Mañana,No,LIMA,LIMA,VILLA MARIA DEL TRIUNFO,URBANA,-12.17974230849083,-76.93685610505236,ATROPELLO FUGA,1,0,1,No,No,AVENIDA,URBANO,NO CORRESPONDE,DESPEJADO,RESIDENCIAL,INTERSECCIÓN,PLANA,ASFALTADA,EN PROCESO DE INVESTIGACIÓN,NO CUENTA CON CAUSA ESPECIFICA,2,1,0,0,1,0,1,0,0,0,1,0,1,1,82,82,82,0,1,0,0,0,0,NA,1,0,0,0,0,0,1,0,0,0,0,1,No,No,No,Sí
A-2025-02-81,2025-02-05,2025,2,Febrero,miércoles,11:30,11,Mañana,No,LIMA,LIMA,LA VICTORIA,URBANA,-12.08141252720953,-77.01889809371944,ATROPELLO,1,0,1,No,No,AVENIDA,URBANO,NO CORRESPONDE,DESPEJADO,COMERCIAL,TRAMO RECTO,PLANA,ASFALTADA,EN PROCESO DE INVESTIGACIÓN,NO CUENTA CON CAUSA ESPECIFICA,2,1,0,1,1,0,1,0,0,0,1,2,0,1,47,47,47,0,0,0,0,0,0,NA,1,0,0,1,0,0,0,0,0,0,0,0,No,Sí,No,No
A-2025-02-82,2025-02-05,2025,2,Febrero,miércoles,15:55,15,Tarde,No,LIMA,LIMA,SANTIAGO DE SURCO,URBANA,-12.160470244692485,-76.98934716155456,ATROPELLO,1,1,2,Sí,No,AVENIDA,URBANO,NO CORRESPONDE,DESPEJADO,RESIDENCIAL,INTERSECCIÓN,PLANA,ASFALTADA,EN PROCESO DE INVESTIGACIÓN,NO CUENTA CON CAUSA ESPECIFICA,3,1,1,1,2,0,1,0,0,0,1,3,0,3,51,24,76,0,1,0,0,0,0,NA,2,1,1,0,0,0,0,0,0,2,0,0,Sí,No,No,No
A-2025-02-83,2025-02-06,2025,2,Febrero,jueves,05:55,5,Madrugada,No,LIMA,LIMA,SANTA ANITA,URBANA,-12.05070178114465,-76.95537474495718,VOLCADURA,1,0,1,No,No,AVENIDA,URBANO,NO CORRESPONDE,DESPEJADO,INDUSTRIAL,TRAMO RECTO,PLANA,ASFALTADA,EN PROCESO DE INVESTIGACIÓN,NO CUENTA CON CAUSA ESPECIFICA,1,1,0,0,1,0,0,0,1,0,0,1,0,1,20,20,20,0,0,0,0,0,0,NA,1,1,0,0,0,0,0,0,0,1,0,0,Sí,No,No,No
A-2025-02-106,2025-02-06,2025,2,Febrero,jueves,16:35,16,Tarde,No,LIMA,LIMA,LA MOLINA,URBANA,-12.061589126116077,-76.9533148487278,ATROPELLO,1,0,1,No,No,AVENIDA,URBANO,NO CORRESPONDE,DESPEJADO,INDUSTRIAL,TRAMO RECTO,PLANA,ASFALTADA,EN PROCESO DE INVESTIGACIÓN,NO CUENTA CON CAUSA ESPECIFICA,2,1,0,1,1,0,1,0,0,0,1,2,0,2,35.5,23,48,0,0,1,1,0,0,NA,1,0,0,1,0,0,0,0,0,0,0,0,No,Sí,No,No
A-2025-02-84,2025-02-07,2025,2,Febrero,viernes,02:20,2,Madrugada,No,LIMA,LIMA,SAN LUIS,URBANA,-12.080369729132565,-77.00304106006965,DESPISTE,1,0,1,No,No,AVENIDA,URBANO,NO CORRESPONDE,DESPEJADO,RESIDENCIAL,INTERSECCIÓN,PLANA,ASFALTADA,EN PROCESO DE INVESTIGACIÓN,NO CUENTA CON CAUSA ESPECIFICA,1,1,0,0,1,0,0,0,1,0,0,1,0,1,22,22,22,0,0,1,1,0,0,NA,1,1,0,0,0,0,0,0,0,1,0,0,Sí,No,No,No
A-2025-02-85,2025-02-08,2025,2,Febrero,sábado,23:10,23,Noche,Sí,LIMA,LIMA,PUENTE PIEDRA,URBANA,-11.826077,-77.121776,ATROPELLO,1,0,1,No,No,CARRETERA,NACIONAL,PE-1N,DESPEJADO,COMERCIAL,TRAMO RECTO,PLANA,ASFALTADA,EN PROCESO DE INVESTIGACIÓN,NO CUENTA CON CAUSA ESPECIFICA,2,1,0,1,1,0,1,0,0,0,1,2,0,2,48,28,68,0,1,0,0,0,0,NA,1,0,1,0,0,0,0,0,0,0,0,0,No,No,No,No
A-2025-02-86,2025-02-09,2025,2,Febrero,domingo,02:50,2,Madrugada,Sí,LIMA,LIMA,CHACLACAYO,URBANA,-11.980798,-76.792217,ATROPELLO,1,0,1,No,No,CARRETERA,NACIONAL,PE-22,DESPEJADO,RESIDENCIAL,TRAMO RECTO,PLANA,ASFALTADA,EN PROCESO DE INVESTIGACIÓN,NO CUENTA CON CAUSA ESPECIFICA,2,1,0,1,1,0,1,0,0,0,1,2,0,2,42,35,49,0,0,0,0,0,0,NA,1,0,1,0,0,0,0,0,0,0,0,0,No,No,No,No
A-2025-02-88,2025-02-09,2025,2,Febrero,domingo,03:10,3,Madrugada,Sí,LIMA,LIMA,RIMAC,URBANA,-12.040734240187899,-77.01728822773019,ATROPELLO,1,0,1,No,No,CARRETERA,NACIONAL,PE-1N,DESPEJADO,COMERCIAL,TRAMO RECTO,PLANA,ASFALTADA,EN PROCESO DE INVESTIGACIÓN,NO CUENTA CON CAUSA ESPECIFICA,2,1,0,1,1,0,1,0,0,0,1,2,0,1,27,27,27,0,0,0,0,0,0,NA,1,0,1,0,0,0,0,0,0,0,0,0,No,No,No,No
A-2025-02-87,2025-02-09,2025,2,Febrero,domingo,06:00,6,Mañana,Sí,LIMA,LIMA,SAN BARTOLO,RURAL,-12.397032,-76.758067,DESPISTE,1,1,2,Sí,No,CARRETERA,NACIONAL,PE-1S,DESPEJADO,RURAL,TRAMO RECTO,PLANA,ASFALTADA,EN PROCESO DE INVESTIGACIÓN,NO CUENTA CON CAUSA ESPECIFICA,2,1,1,0,1,1,0,0,1,0,0,1,1,2,25,25,25,0,0,0,0,0,0,NA,1,1,0,0,0,0,0,0,0,1,0,0,Sí,No,No,No
A-2025-02-89,2025-02-09,2025,2,Febrero,domingo,14:00,14,Tarde,Sí,LIMA,LIMA,COMAS,URBANA,-11.934025691395727,-77.06116072127766,CHOQUE,1,0,1,No,No,AVENIDA,URBANO,NO CORRESPONDE,DESPEJADO,RESIDENCIAL,TRAMO RECTO,PLANA,ASFALTADA,EN PROCESO DE INVESTIGACIÓN,NO CUENTA CON CAUSA ESPECIFICA,2,1,0,1,2,0,0,0,1,0,0,2,0,2,34.5,34,35,0,0,0,0,0,0,NA,2,1,1,0,0,0,0,0,0,0,0,0,Sí,No,No,No
A-2025-02-90,2025-02-09,2025,2,Febrero,domingo,20:30,20,Noche,Sí,LIMA,LIMA,LURIN,URBANA,-12.250098,-76.930909,ATROPELLO FUGA,1,0,1,No,No,CARRETERA,NACIONAL,PE-1S,DESPEJADO,COMERCIAL,TRAMO RECTO,PLANA,ASFALTADA,EN PROCESO DE INVESTIGACIÓN,NO CUENTA CON CAUSA ESPECIFICA,2,1,0,0,1,0,1,0,0,0,1,1,0,0,NA,NA,NA,NA,NA,0,0,0,0,NA,1,0,0,0,0,0,1,0,0,0,0,1,No,No,No,Sí
A-2025-02-91,2025-02-11,2025,2,Febrero,martes,23:30,23,Noche,No,LIMA,LIMA,ATE,URBANA,-12.009017,-76.864641,DESPISTE,1,0,1,No,No,CARRETERA,NACIONAL,PE-22,DESPEJADO,COMERCIAL,TRAMO RECTO,PLANA,ASFALTADA,EN PROCESO DE INVESTIGACIÓN,NO CUENTA CON CAUSA ESPECIFICA,1,1,0,0,1,0,0,0,1,0,0,1,0,1,48,48,48,0,0,0,0,0,0,NA,1,0,1,0,0,0,0,0,0,0,0,0,No,No,No,No
A-2025-02-92,2025-02-13,2025,2,Febrero,jueves,02:15,2,Madrugada,No,LIMA,LIMA,PUNTA HERMOSA,URBANA,-12.314491,-76.832649,ATROPELLO,1,0,1,No,No,CARRETERA,NACIONAL,PE-1S,DESPEJADO,COMERCIAL,TRAMO RECTO,PLANA,ASFALTADA,EN PROCESO DE INVESTIGACIÓN,NO CUENTA CON CAUSA ESPECIFICA,2,1,0,1,1,0,1,0,0,0,1,2,0,1,55,55,55,0,0,0,0,0,0,NA,1,0,1,0,0,0,0,0,0,0,0,0,No,No,No,No
A-2025-02-107,2025-02-15,2025,2,Febrero,sábado,08:30,8,Mañana,Sí,LIMA,LIMA,ATE,URBANA,-12.031580484526938,-76.93158047333715,ATROPELLO FUGA,1,0,1,No,No,AVENIDA,URBANO,NO CORRESPONDE,DESPEJADO,COMERCIAL,TRAMO RECTO,PLANA,ASFALTADA,EN PROCESO DE INVESTIGACIÓN,NO CUENTA CON CAUSA ESPECIFICA,2,1,0,0,1,0,1,0,0,0,1,1,0,1,35,35,35,0,0,0,0,0,0,NA,1,0,0,0,0,0,1,0,0,0,0,1,No,No,No,Sí
A-2025-02-93,2025-02-16,2025,2,Febrero,domingo,05:30,5,Madrugada,Sí,LIMA,LIMA,PUENTE PIEDRA,URBANA,-11.867788,-77.072475,CHOQUE FUGA,1,0,1,No,No,CARRETERA,NACIONAL,PE-1N,DESPEJADO,INDUSTRIAL,TRAMO RECTO,PLANA,ASFALTADA,EN PROCESO DE INVESTIGACIÓN,NO CUENTA CON CAUSA ESPECIFICA,2,1,0,1,2,0,0,0,1,0,0,2,0,2,48,48,48,0,0,0,1,0,0,NA,2,0,1,0,1,0,0,0,0,0,0,0,No,No,No,No
A-2025-02-94,2025-02-16,2025,2,Febrero,domingo,19:30,19,Noche,Sí,LIMA,LIMA,SAN BORJA,URBANA,-12.0943478111155,-76.98057726840962,ATROPELLO,1,0,1,No,No,CARRETERA,NACIONAL,PE-1S,DESPEJADO,RESIDENCIAL,TRAMO RECTO,PLANA,ASFALTADA,EN PROCESO DE INVESTIGACIÓN,NO CUENTA CON CAUSA ESPECIFICA,2,1,0,1,1,0,1,0,0,0,1,2,0,2,54.5,50,59,0,0,0,0,0,0,NA,1,0,1,0,0,0,0,0,0,0,0,0,No,No,No,No
A-2025-02-95,2025-02-17,2025,2,Febrero,lunes,06:10,6,Mañana,No,LIMA,LIMA,PUNTA NEGRA,URBANA,-12.362247,-76.794153,CHOQUE,2,1,3,Sí,Sí,CARRETERA,NACIONAL,PE-1S,DESPEJADO,RURAL,TRAMO RECTO,PLANA,ASFALTADA,EN PROCESO DE INVESTIGACIÓN,NO CUENTA CON CAUSA ESPECIFICA,5,2,1,2,2,3,0,0,0,2,0,2,3,5,35.6,27,43,0,0,0,0,0,0,NA,2,0,1,0,1,0,0,0,0,0,0,0,No,No,No,No
A-2025-02-96,2025-02-18,2025,2,Febrero,martes,18:20,18,Noche,No,LIMA,LIMA,SAN JUAN DE MIRAFLORES,URBANA,-12.163632294391675,-76.97293924414218,CHOQUE,1,1,2,Sí,No,AVENIDA,URBANO,NO CORRESPONDE,DESPEJADO,COMERCIAL,TRAMO RECTO,PLANA,ASFALTADA,EN PROCESO DE INVESTIGACIÓN,NO CUENTA CON CAUSA ESPECIFICA,3,1,1,1,2,1,0,0,1,0,0,1,2,2,46,33,59,0,0,0,0,0,0,NA,2,1,0,1,0,0,0,0,0,0,0,0,Sí,Sí,No,No
A-2025-02-97,2025-02-18,2025,2,Febrero,martes,19:45,19,Noche,No,LIMA,LIMA,MAGDALENA DEL MAR,URBANA,-12.09148149624209,-77.07320447513847,ATROPELLO FUGA,1,0,1,No,No,AVENIDA,URBANO,NO CORRESPONDE,DESPEJADO,COMERCIAL,TRAMO RECTO,PLANA,ASFALTADA,EN PROCESO DE INVESTIGACIÓN,NO CUENTA CON CAUSA ESPECIFICA,2,1,0,0,1,0,1,0,0,0,1,1,0,1,32,32,32,0,0,0,0,0,0,NA,1,0,0,0,0,0,1,0,0,0,0,1,No,No,No,Sí
A-2025-02-98,2025-02-19,2025,2,Febrero,miércoles,19:40,19,Noche,No,LIMA,LIMA,RIMAC,URBANA,-12.041021196755414,-77.01780613195449,ATROPELLO,2,0,2,No,Sí,CARRETERA,NACIONAL,PE-1N,DESPEJADO,COMERCIAL,TRAMO RECTO,PLANA,ASFALTADA,EN PROCESO DE INVESTIGACIÓN,NO CUENTA CON CAUSA ESPECIFICA,3,2,0,1,1,1,1,0,0,1,1,3,0,3,19,3,49,2,0,0,0,0,0,NA,1,0,0,1,0,0,0,0,0,0,0,0,No,Sí,No,No
A-2025-02-99,2025-02-22,2025,2,Febrero,sábado,09:05,9,Mañana,Sí,LIMA,LIMA,LOS OLIVOS,URBANA,-11.984292813246476,-77.06789078790082,ATROPELLO,1,0,1,No,No,AVENIDA,URBANO,NO CORRESPONDE,DESPEJADO,RESIDENCIAL,TRAMO RECTO,PLANA,ASFALTADA,EN PROCESO DE INVESTIGACIÓN,NO CUENTA CON CAUSA ESPECIFICA,2,1,0,1,1,0,1,0,0,0,1,1,1,2,55.5,32,79,0,1,0,0,0,0,NA,1,0,1,0,0,0,0,0,0,0,0,0,No,No,No,No
A-2025-02-100,2025-02-23,2025,2,Febrero,domingo,02:40,2,Madrugada,Sí,LIMA,LIMA,SAN JUAN DE MIRAFLORES,URBANA,-12.161960285368345,-76.98191405002699,ATROPELLO,1,0,1,No,No,CARRETERA,NACIONAL,PE-1S,DESPEJADO,COMERCIAL,TRAMO RECTO,PLANA,ASFALTADA,EN PROCESO DE INVESTIGACIÓN,NO CUENTA CON CAUSA ESPECIFICA,2,1,0,1,1,0,1,0,0,0,1,2,0,1,32,32,32,0,0,0,0,0,0,NA,1,0,1,0,0,0,0,0,0,0,0,0,No,No,No,No
A-2025-02-101,2025-02-24,2025,2,Febrero,lunes,03:20,3,Madrugada,No,LIMA,LIMA,ANCON,RURAL,-11.801137,-77.138089,CHOQUE,3,0,3,No,Sí,CARRETERA,NACIONAL,PE-1N,DESPEJADO,RURAL,TRAMO RECTO,PLANA,ASFALTADA,EN PROCESO DE INVESTIGACIÓN,NO CUENTA CON CAUSA ESPECIFICA,4,3,0,1,2,2,0,0,1,2,0,4,0,3,41,34,49,0,0,0,0,0,0,NA,2,0,1,1,0,0,0,0,0,0,0,0,No,Sí,No,No
A-2025-02-102,2025-02-25,2025,2,Febrero,martes,05:50,5,Madrugada,No,LIMA,LIMA,SANTIAGO DE SURCO,URBANA,-12.117231,-76.977406,CHOQUE,1,0,1,No,No,CARRETERA,NACIONAL,PE-1S,DESPEJADO,ESCOLAR,TRAMO RECTO,PLANA,ASFALTADA,EN PROCESO DE INVESTIGACIÓN,NO CUENTA CON CAUSA ESPECIFICA,2,1,0,1,2,0,0,0,1,0,0,2,0,2,46,43,49,0,0,0,0,0,0,NA,2,0,1,1,0,0,0,0,0,0,0,0,No,Sí,No,No
A-2025-02-108,2025-02-28,2025,2,Febrero,viernes,22:00,22,Noche,No,LIMA,LIMA,EL AGUSTINO,URBANA,-12.03002832402608,-76.99372108679391,ATROPELLO FUGA,1,0,1,No,No,AVENIDA,URBANO,NO CORRESPONDE,DESPEJADO,INDUSTRIAL,TRAMO RECTO,PLANA,ASFALTADA,EN PROCESO DE INVESTIGACIÓN,NO CUENTA CON CAUSA ESPECIFICA,2,1,0,0,1,0,1,0,0,0,1,1,0,1,38,38,38,0,0,0,0,0,0,NA,1,0,0,0,0,0,1,0,0,0,0,1,No,No,No,Sí
A-2025-03-70,2025-03-01,2025,3,Marzo,sábado,01:50,1,Madrugada,Sí,LIMA,LIMA,PUENTE PIEDRA,URBANA,-11.856644,-77.084768,ATROPELLO,1,1,2,Sí,No,CARRETERA,NACIONAL,PE-1N,DESPEJADO,COMERCIAL,TRAMO RECTO,PLANA,ASFALTADA,EN PROCESO DE INVESTIGACIÓN,NO CUENTA CON CAUSA ESPECIFICA,2,1,1,0,1,0,1,0,1,0,0,2,0,2,34.5,29,40,0,0,0,0,0,0,NA,1,1,0,0,0,0,0,0,0,0,0,0,Sí,No,No,No
A-2025-03-71,2025-03-01,2025,3,Marzo,sábado,03:30,3,Madrugada,Sí,LIMA,LIMA,SAN JUAN DE MIRAFLORES,URBANA,-12.169188167936444,-76.97961285336164,ATROPELLO FUGA,1,0,1,No,No,CARRETERA,NACIONAL,PE-1S,DESPEJADO,COMERCIAL,TRAMO RECTO,PLANA,ASFALTADA,EN PROCESO DE INVESTIGACIÓN,NO CUENTA CON CAUSA ESPECIFICA,2,1,0,0,1,0,1,0,0,0,1,1,0,0,NA,NA,NA,NA,NA,0,0,0,0,NA,1,0,0,0,0,0,1,0,0,0,0,1,No,No,No,Sí
A-2025-03-86,2025-03-01,2025,3,Marzo,sábado,21:30,21,Noche,Sí,LIMA,LIMA,PUEBLO LIBRE,URBANA,-12.07940751311462,-77.06570588895616,ATROPELLO,1,0,1,No,No,AVENIDA,URBANO,NO CORRESPONDE,DESPEJADO,COMERCIAL,TRAMO RECTO,PLANA,ASFALTADA,EN PROCESO DE INVESTIGACIÓN,NO CUENTA CON CAUSA ESPECIFICA,2,1,0,1,1,0,1,0,0,0,1,2,0,2,68,45,91,0,1,0,0,0,0,NA,1,1,0,0,0,0,0,0,0,1,0,0,Sí,No,No,No
A-2025-03-72,2025-03-02,2025,3,Marzo,domingo,12:00,12,Tarde,Sí,LIMA,LIMA,PUNTA NEGRA,RURAL,-12.371581,-76.784265,CHOQUE,2,3,5,Sí,Sí,CARRETERA,NACIONAL,PE-1S,DESPEJADO,INDUSTRIAL,TRAMO RECTO,PLANA,ASFALTADA,EN PROCESO DE INVESTIGACIÓN,NO CUENTA CON CAUSA ESPECIFICA,5,2,3,0,3,2,0,0,2,0,0,3,2,5,46.6,31,63,0,1,0,0,0,0,NA,3,0,3,0,0,0,0,0,0,0,0,0,No,No,No,No
A-2025-03-73,2025-03-05,2025,3,Marzo,miércoles,16:10,16,Tarde,No,LIMA,LIMA,SAN JUAN DE MIRAFLORES,URBANA,-12.169034361371407,-76.97770901878035,CHOQUE FUGA,1,1,2,Sí,No,AVENIDA,URBANO,NO CORRESPONDE,DESPEJADO,COMERCIAL,TRAMO RECTO,PLANA,ASFALTADA,EN PROCESO DE INVESTIGACIÓN,NO CUENTA CON CAUSA ESPECIFICA,3,1,1,0,2,1,0,0,0,1,0,2,0,2,27,24,30,0,0,0,0,0,0,NA,2,1,0,0,0,0,1,0,0,0,0,1,Sí,No,No,Sí
A-2025-03-75,2025-03-06,2025,3,Marzo,jueves,17:30,17,Tarde,No,LIMA,LIMA,CARABAYLLO,RURAL,-11.779259,-76.983315,CHOQUE,2,9,11,Sí,Sí,CARRETERA,NACIONAL,PE-20A,DESPEJADO,RURAL,TRAMO RECTO,PLANA,ASFALTADA,EN PROCESO DE INVESTIGACIÓN,NO CUENTA CON CAUSA ESPECIFICA,12,2,9,1,2,10,0,0,0,2,0,5,7,12,29.75,1,63,4,2,0,0,0,0,NA,2,0,2,0,0,0,0,1,0,0,0,0,No,No,Sí,No
A-2025-03-74,2025-03-06,2025,3,Marzo,jueves,20:00,20,Noche,No,LIMA,LIMA,VILLA EL SALVADOR,URBANA,-12.197060278301901,-76.97311710868374,ATROPELLO FUGA,1,0,1,No,No,CARRETERA,NACIONAL,PE-1S,DESPEJADO,COMERCIAL,TRAMO RECTO,PLANA,ASFALTADA,EN PROCESO DE INVESTIGACIÓN,NO CUENTA CON CAUSA ESPECIFICA,2,1,0,0,1,0,1,0,0,0,1,1,0,0,NA,NA,NA,NA,NA,0,0,0,0,NA,1,0,0,0,0,0,1,0,0,0,0,1,No,No,No,Sí
A-2025-03-88,2025-03-07,2025,3,Marzo,viernes,00:30,0,Madrugada,No,LIMA,LIMA,RIMAC,URBANA,-12.043168,-77.026659,VOLCADURA,1,0,1,No,No,CARRETERA,NACIONAL,PE-1N,DESPEJADO,COMERCIAL,TRAMO RECTO,PLANA,ASFALTADA,EN PROCESO DE INVESTIGACIÓN,NO CUENTA CON CAUSA ESPECIFICA,2,1,0,1,1,0,1,0,0,0,1,2,0,2,43.5,28,59,0,0,0,0,0,0,NA,1,0,0,1,0,0,0,0,0,0,0,0,No,Sí,No,No
A-2025-03-76,2025-03-07,2025,3,Marzo,viernes,08:00,8,Mañana,No,LIMA,LIMA,MIRAFLORES,URBANA,-12.124985805096898,-77.03606751330736,CHOQUE,1,0,1,No,No,CALLE,URBANO,NO CORRESPONDE,DESPEJADO,RESIDENCIAL,TRAMO RECTO,PLANA,ASFALTADA,EN PROCESO DE INVESTIGACIÓN,NO CUENTA CON CAUSA ESPECIFICA,2,1,0,1,2,0,0,0,1,0,0,1,1,1,44,44,44,0,0,0,0,0,0,NA,2,1,1,0,0,0,0,0,0,0,0,0,Sí,No,No,No
A-2025-03-77,2025-03-07,2025,3,Marzo,viernes,09:00,9,Mañana,No,LIMA,LIMA,VILLA EL SALVADOR,URBANA,-12.235851,-76.956506,VOLCADURA,1,0,1,No,No,CARRETERA,NACIONAL,PE-1S,DESPEJADO,INDUSTRIAL,TRAMO RECTO,PLANA,ASFALTADA,EN PROCESO DE INVESTIGACIÓN,NO CUENTA CON CAUSA ESPECIFICA,1,1,0,0,1,0,0,0,1,0,0,1,0,1,20,20,20,0,0,1,1,0,0,NA,1,1,0,0,0,0,0,0,0,0,0,0,Sí,No,No,No
A-2025-03-79,2025-03-07,2025,3,Marzo,viernes,21:30,21,Noche,No,LIMA,LIMA,SAN BORJA,URBANA,-12.109182,-76.978338,ATROPELLO,1,0,1,No,No,CARRETERA,NACIONAL,PE-1S,DESPEJADO,COMERCIAL,TRAMO RECTO,PLANA,ASFALTADA,EN PROCESO DE INVESTIGACIÓN,NO CUENTA CON CAUSA ESPECIFICA,2,1,0,1,1,0,1,0,0,0,1,2,0,1,42,42,42,0,0,0,0,0,0,NA,1,0,1,0,0,0,0,0,0,0,0,0,No,No,No,No
A-2025-03-78,2025-03-08,2025,3,Marzo,sábado,06:40,6,Mañana,Sí,LIMA,LIMA,LOS OLIVOS,URBANA,-11.971033732415924,-77.07585871391758,ATROPELLO,1,0,1,No,No,AVENIDA,URBANO,NO CORRESPONDE,DESPEJADO,COMERCIAL,TRAMO RECTO,PLANA,ASFALTADA,EN PROCESO DE INVESTIGACIÓN,NO CUENTA CON CAUSA ESPECIFICA,2,1,0,1,1,0,1,0,0,0,1,2,0,1,35,35,35,0,0,0,0,0,0,NA,1,0,0,0,1,0,0,0,0,0,0,0,No,No,No,No
A-2025-03-80,2025-03-08,2025,3,Marzo,sábado,22:30,22,Noche,Sí,LIMA,LIMA,SANTA ANITA,URBANA,-12.057073798746671,-76.97383451894015,CHOQUE,1,0,1,No,No,CARRETERA,NACIONAL,PE-1N,DESPEJADO,COMERCIAL,TRAMO RECTO,PLANA,ASFALTADA,EN PROCESO DE INVESTIGACIÓN,NO CUENTA CON CAUSA ESPECIFICA,2,1,0,1,2,0,0,0,1,0,0,2,0,2,37.5,21,54,0,0,1,1,0,0,NA,2,1,1,0,0,0,0,0,0,0,0,0,Sí,No,No,No
A-2025-03-40,2025-03-08,2025,3,Marzo,sábado,22:50,22,Noche,Sí,LIMA,LIMA,LOS OLIVOS,URBANA,-11.991897100312825,-77.07490069233033,CHOQUE,1,1,2,Sí,No,AVENIDA,URBANO,NO CORRESPONDE,DESPEJADO,COMERCIAL,TRAMO RECTO,PLANA,ASFALTADA,EN PROCESO DE INVESTIGACIÓN,NO CUENTA CON CAUSA ESPECIFICA,3,1,1,1,2,1,0,0,0,1,0,2,1,2,23.5,23,24,0,0,0,0,0,0,NA,2,1,0,0,0,1,0,0,2,0,0,0,Sí,No,No,No
A-2025-03-81,2025-03-11,2025,3,Marzo,martes,01:00,1,Madrugada,No,LIMA,LIMA,SANTIAGO DE SURCO,URBANA,-12.095704,-76.980187,ATROPELLO,1,0,1,No,No,CARRETERA,NACIONAL,PE-1S,DESPEJADO,COMERCIAL,TRAMO RECTO,PLANA,ASFALTADA,EN PROCESO DE INVESTIGACIÓN,NO CUENTA CON CAUSA ESPECIFICA,2,1,0,1,1,0,1,0,0,0,1,2,0,2,59.5,57,62,0,1,0,0,0,0,NA,1,0,1,0,0,0,0,0,0,0,0,0,No,No,No,No
A-2025-03-82,2025-03-12,2025,3,Marzo,miércoles,17:00,17,Tarde,No,LIMA,LIMA,EL AGUSTINO,URBANA,-12.040832278089837,-76.99993175157562,ATROPELLO,1,0,1,No,No,AVENIDA,URBANO,NO CORRESPONDE,DESPEJADO,COMERCIAL,TRAMO RECTO,PLANA,ASFALTADA,EN PROCESO DE INVESTIGACIÓN,NO CUENTA CON CAUSA ESPECIFICA,2,1,0,1,1,0,1,0,0,0,1,2,0,2,63,44,82,0,1,0,0,0,0,NA,1,0,0,1,0,0,0,0,0,0,0,0,No,Sí,No,No
A-2025-03-41,2025-03-13,2025,3,Marzo,jueves,10:00,10,Mañana,No,LIMA,LIMA,SAN MARTIN DE PORRES,URBANA,-12.028359849290275,-77.0580586479381,CHOQUE,1,0,1,No,No,CARRETERA,NACIONAL,PE-1N,DESPEJADO,COMERCIAL,TRAMO RECTO,INCLINADA,ASFALTADA,EN PROCESO DE INVESTIGACIÓN,NO CUENTA CON CAUSA ESPECIFICA,2,1,0,1,2,0,0,0,1,0,0,1,1,2,40.5,36,45,0,0,0,0,0,0,NA,2,0,0,1,0,1,0,0,0,0,0,0,No,Sí,No,No
A-2025-03-84,2025-03-17,2025,3,Marzo,lunes,09:50,9,Mañana,No,LIMA,LIMA,LURIGANCHO,RURAL,-11.954256,-76.730129,ATROPELLO,1,0,1,No,No,CARRETERA,NACIONAL,PE-22,DESPEJADO,RURAL,TRAMO RECTO,PLANA,ASFALTADA,EN PROCESO DE INVESTIGACIÓN,NO CUENTA CON CAUSA ESPECIFICA,2,1,0,1,1,0,1,0,0,0,1,2,0,2,58.5,39,78,0,1,0,0,0,0,NA,1,0,0,0,1,0,0,0,0,0,0,0,No,No,No,No
A-2025-03-85,2025-03-17,2025,3,Marzo,lunes,20:38,20,Noche,No,LIMA,LIMA,SAN JUAN DE LURIGANCHO,URBANA,-11.965306238489257,-76.99773721525912,CHOQUE,1,1,2,Sí,No,AVENIDA,URBANO,NO CORRESPONDE,DESPEJADO,COMERCIAL,TRAMO RECTO,PLANA,ASFALTADA,EN PROCESO DE INVESTIGACIÓN,NO CUENTA CON CAUSA ESPECIFICA,3,1,1,1,2,1,0,0,1,0,0,3,0,3,33,27,45,0,0,0,0,0,0,NA,2,1,1,0,0,0,0,0,0,0,0,0,Sí,No,No,No
A-2025-03-83,2025-03-17,2025,3,Marzo,lunes,23:20,23,Noche,No,LIMA,LIMA,EL AGUSTINO,URBANA,-12.034875774066672,-76.99799126421185,ATROPELLO,1,0,1,No,No,AVENIDA,URBANO,NO CORRESPONDE,DESPEJADO,COMERCIAL,INTERSECCIÓN,PLANA,ASFALTADA,EN PROCESO DE INVESTIGACIÓN,NO CUENTA CON CAUSA ESPECIFICA,2,1,0,1,1,0,1,0,0,0,1,2,0,2,60,40,80,0,1,0,0,0,0,NA,1,0,1,0,0,0,0,0,0,0,0,0,No,No,No,No
A-2025-03-87,2025-03-20,2025,3,Marzo,jueves,08:50,8,Mañana,No,LIMA,LIMA,ATE,URBANA,-12.035994428703468,-76.93630900247845,DESPISTE,1,0,1,No,No,AVENIDA,URBANO,NO CORRESPONDE,DESPEJADO,RESIDENCIAL,TRAMO RECTO,PLANA,ASFALTADA,EN PROCESO DE INVESTIGACIÓN,NO CUENTA CON CAUSA ESPECIFICA,1,1,0,0,1,0,0,0,1,0,0,1,0,1,60,60,60,0,1,0,1,0,0,NA,1,1,0,0,0,0,0,0,0,1,0,0,Sí,No,No,No
A-2025-03-42,2025-03-21,2025,3,Marzo,viernes,03:30,3,Madrugada,No,LIMA,LIMA,SAN JUAN DE MIRAFLORES,URBANA,-12.16194462976457,-76.98192432664051,CHOQUE FUGA,1,0,1,No,No,CARRETERA,NACIONAL,PE-1S,DESPEJADO,COMERCIAL,TRAMO RECTO,PLANA,ASFALTADA,EN PROCESO DE INVESTIGACIÓN,NO CUENTA CON CAUSA ESPECIFICA,2,1,0,0,2,0,0,0,1,0,0,1,0,0,NA,NA,NA,NA,NA,0,0,0,0,NA,2,0,0,0,0,1,1,0,0,0,0,1,No,No,No,Sí
A-2025-03-89,2025-03-21,2025,3,Marzo,viernes,19:30,19,Noche,No,LIMA,LIMA,SANTIAGO DE SURCO,URBANA,-12.135850293883976,-76.97998942961415,CHOQUE,1,0,1,No,No,CARRETERA,NACIONAL,PE-1S,DESPEJADO,RESIDENCIAL,TRAMO RECTO,PLANA,ASFALTADA,EN PROCESO DE INVESTIGACIÓN,NO CUENTA CON CAUSA ESPECIFICA,3,1,0,2,3,0,0,0,1,0,0,3,0,3,32.666666666666664,25,43,0,0,0,1,0,0,NA,3,1,0,2,0,0,0,0,0,0,0,0,Sí,Sí,No,No
A-2025-03-90,2025-03-22,2025,3,Marzo,sábado,06:40,6,Mañana,Sí,LIMA,LIMA,SAN JUAN DE LURIGANCHO,URBANA,-12.00268472021164,-76.99916099591141,CHOQUE,2,0,2,No,Sí,AVENIDA,URBANO,NO CORRESPONDE,DESPEJADO,COMERCIAL,INTERSECCIÓN,PLANA,ASFALTADA,EN PROCESO DE INVESTIGACIÓN,NO CUENTA CON CAUSA ESPECIFICA,3,2,0,1,2,1,0,0,1,1,0,3,0,3,35.333333333333336,27,47,0,0,0,0,0,0,NA,2,1,0,0,1,0,0,1,0,2,0,0,Sí,No,Sí,No
A-2025-03-92,2025-03-22,2025,3,Marzo,sábado,08:40,8,Mañana,Sí,LIMA,LIMA,COMAS,URBANA,-11.935175885021312,-77.04993106372453,ATROPELLO,1,0,1,No,No,JIRÓN,URBANO,NO CORRESPONDE,DESPEJADO,RESIDENCIAL,INTERSECCIÓN,PLANA,ASFALTADA,EN PROCESO DE INVESTIGACIÓN,NO CUENTA CON CAUSA ESPECIFICA,2,1,0,1,1,0,1,0,0,0,1,2,0,2,56,26,86,0,1,0,0,0,0,NA,1,1,0,0,0,0,0,0,0,0,0,0,Sí,No,No,No
A-2025-03-91,2025-03-22,2025,3,Marzo,sábado,14:00,14,Tarde,Sí,LIMA,LIMA,VILLA EL SALVADOR,URBANA,-12.19896737371696,-76.96097888547162,CHOQUE,1,0,1,No,No,AVENIDA,URBANO,NO CORRESPONDE,DESPEJADO,COMERCIAL,INTERSECCIÓN,PLANA,ASFALTADA,EN PROCESO DE INVESTIGACIÓN,NO CUENTA CON CAUSA ESPECIFICA,2,1,0,1,2,0,0,0,1,0,0,2,0,2,52.5,35,70,0,1,0,0,0,0,NA,2,1,0,1,0,0,0,0,0,0,0,0,Sí,Sí,No,No
A-2025-03-93,2025-03-23,2025,3,Marzo,domingo,00:17,0,Madrugada,Sí,LIMA,LIMA,CHORRILLOS,URBANA,-12.197633,-76.973395,ATROPELLO,1,0,1,No,No,CARRETERA,NACIONAL,PE-1S,DESPEJADO,COMERCIAL,TRAMO RECTO,PLANA,ASFALTADA,EN PROCESO DE INVESTIGACIÓN,NO CUENTA CON CAUSA ESPECIFICA,2,1,0,1,1,0,1,0,0,0,1,2,0,1,61,61,61,0,1,0,0,0,0,NA,1,0,1,0,0,0,0,0,0,0,0,0,No,No,No,No
A-2025-03-94,2025-03-24,2025,3,Marzo,lunes,08:30,8,Mañana,No,LIMA,LIMA,PACHACAMAC,URBANA,-12.102816601332831,-76.87711908836353,DESPISTE,1,0,1,No,No,AVENIDA,URBANO,NO CORRESPONDE,DESPEJADO,COMERCIAL,INTERSECCIÓN,PLANA,ASFALTADA,EN PROCESO DE INVESTIGACIÓN,NO CUENTA CON CAUSA ESPECIFICA,2,1,0,1,1,1,0,0,0,1,0,2,0,2,19.5,2,37,1,0,0,0,0,0,NA,1,1,0,0,0,0,0,0,0,1,0,0,Sí,No,No,No
A-2025-03-95,2025-03-24,2025,3,Marzo,lunes,21:00,21,Noche,No,LIMA,LIMA,SANTIAGO DE SURCO,URBANA,-12.155553268803695,-76.98407582203018,ATROPELLO,1,0,1,No,No,AVENIDA,URBANO,NO CORRESPONDE,DESPEJADO,COMERCIAL,INTERSECCIÓN,PLANA,ASFALTADA,EN PROCESO DE INVESTIGACIÓN,NO CUENTA CON CAUSA ESPECIFICA,2,1,0,1,1,0,1,0,0,0,1,2,0,2,38.5,22,55,0,0,0,0,0,0,NA,1,1,0,0,0,0,0,0,0,0,0,0,Sí,No,No,No
A-2025-03-97,2025-03-26,2025,3,Marzo,miércoles,19:20,19,Noche,No,LIMA,LIMA,VILLA EL SALVADOR,URBANA,-12.225524987545652,-76.94634655099267,ATROPELLO,1,0,1,No,No,AVENIDA,URBANO,NO CORRESPONDE,DESPEJADO,RESIDENCIAL,INTERSECCIÓN,PLANA,ASFALTADA,EN PROCESO DE INVESTIGACIÓN,NO CUENTA CON CAUSA ESPECIFICA,2,1,0,1,1,0,1,0,0,0,1,1,1,1,43,43,43,0,0,0,0,0,0,NA,1,1,0,0,0,0,0,0,0,0,0,0,Sí,No,No,No
A-2025-03-96,2025-03-26,2025,3,Marzo,miércoles,19:30,19,Noche,No,LIMA,LIMA,SAN MARTIN DE PORRES,URBANA,-12.003737480153985,-77.08317845336722,ATROPELLO,1,0,1,No,No,AVENIDA,URBANO,NO CORRESPONDE,DESPEJADO,COMERCIAL,TRAMO RECTO,PLANA,ASFALTADA,EN PROCESO DE INVESTIGACIÓN,NO CUENTA CON CAUSA ESPECIFICA,2,1,0,1,1,0,1,0,0,0,1,1,1,2,42,24,60,0,1,0,0,0,0,NA,1,1,0,0,0,0,0,0,0,0,0,0,Sí,No,No,No
A-2025-03-98,2025-03-27,2025,3,Marzo,jueves,20:00,20,Noche,No,LIMA,LIMA,EL AGUSTINO,URBANA,-12.030158901924347,-76.99987511769811,ATROPELLO FUGA,1,0,1,No,No,AVENIDA,URBANO,NO CORRESPONDE,DESPEJADO,COMERCIAL,INTERSECCIÓN,PLANA,ASFALTADA,EN PROCESO DE INVESTIGACIÓN,NO CUENTA CON CAUSA ESPECIFICA,2,1,0,0,1,0,1,0,0,0,1,1,0,0,NA,NA,NA,NA,NA,0,0,0,0,NA,1,0,0,0,0,0,1,0,0,0,0,1,No,No,No,Sí
A-2025-03-99,2025-03-29,2025,3,Marzo,sábado,05:18,5,Madrugada,Sí,LIMA,LIMA,LURIGANCHO,URBANA,-11.93337243487841,-76.69345355731348,ATROPELLO,1,0,1,No,No,AVENIDA,URBANO,NO CORRESPONDE,DESPEJADO,COMERCIAL,TRAMO RECTO,PLANA,ASFALTADA,EN PROCESO DE INVESTIGACIÓN,NO CUENTA CON CAUSA ESPECIFICA,2,1,0,1,1,0,1,0,0,0,1,2,0,1,42,42,42,0,0,0,0,0,0,NA,1,0,0,1,0,0,0,0,0,0,0,0,No,Sí,No,No
A-2025-03-100,2025-03-30,2025,3,Marzo,domingo,07:00,7,Mañana,Sí,LIMA,LIMA,ANCON,RURAL,-11.778857,-77.159337,ATROPELLO FUGA,1,0,1,No,No,CARRETERA,NACIONAL,PE-1N,DESPEJADO,RURAL,TRAMO RECTO,PLANA,ASFALTADA,EN PROCESO DE INVESTIGACIÓN,NO CUENTA CON CAUSA ESPECIFICA,2,1,0,0,1,0,1,0,0,0,1,1,0,1,71,71,71,0,1,0,0,0,0,NA,1,0,0,0,0,0,1,0,0,0,0,1,No,No,No,Sí
A-2025-03-101,2025-03-31,2025,3,Marzo,lunes,04:10,4,Madrugada,No,LIMA,LIMA,SAN BORJA,URBANA,-12.08690906442074,-76.99784757723532,DESPISTE,1,0,1,No,No,AVENIDA,URBANO,NO CORRESPONDE,DESPEJADO,RESIDENCIAL,TRAMO RECTO,PLANA,ASFALTADA,EN PROCESO DE INVESTIGACIÓN,NO CUENTA CON CAUSA ESPECIFICA,1,1,0,0,1,0,0,0,1,0,0,1,0,1,24,24,24,0,0,0,0,0,0,NA,1,1,0,0,0,0,0,0,0,0,0,0,Sí,No,No,No
A-2025-03-102,2025-03-31,2025,3,Marzo,lunes,17:00,17,Tarde,No,LIMA,LIMA,JESUS MARIA,URBANA,-12.084662529443884,-77.06153435511624,ATROPELLO,1,0,1,No,No,AVENIDA,URBANO,NO CORRESPONDE,DESPEJADO,COMERCIAL,TRAMO RECTO,PLANA,ASFALTADA,EN PROCESO DE INVESTIGACIÓN,NO CUENTA CON CAUSA ESPECIFICA,2,1,0,1,1,0,1,0,0,0,1,1,1,2,50.5,40,61,0,1,0,0,0,0,NA,1,0,0,0,1,0,0,1,0,0,0,0,No,No,Sí,No
A-2025-04-63,2025-04-01,2025,4,Abril,martes,05:05,5,Madrugada,No,LIMA,LIMA,VILLA EL SALVADOR,URBANA,-12.20284601323566,-76.93648937004146,CHOQUE,1,0,1,No,No,AVENIDA,URBANO,NO CORRESPONDE,DESPEJADO,RESIDENCIAL,INTERSECCIÓN,PLANA,ASFALTADA,EN PROCESO DE INVESTIGACIÓN,NO CUENTA CON CAUSA ESPECIFICA,2,1,0,1,2,0,0,0,1,0,0,2,0,2,41.5,30,53,0,0,0,1,0,0,NA,2,0,2,0,0,0,0,0,0,0,0,0,No,No,No,No
A-2025-04-64,2025-04-01,2025,4,Abril,martes,08:06,8,Mañana,No,LIMA,LIMA,CARABAYLLO,URBANA,-11.869062644700984,-77.01261961768444,DESPISTE,1,2,3,Sí,No,AVENIDA,URBANO,NO CORRESPONDE,DESPEJADO,RESIDENCIAL,TRAMO RECTO,INCLINADA,ASFALTADA,EN PROCESO DE INVESTIGACIÓN,NO CUENTA CON CAUSA ESPECIFICA,5,1,2,2,2,0,3,0,0,0,1,2,3,5,54.2,18,83,0,2,0,0,0,0,NA,2,0,2,0,0,0,0,0,0,0,0,0,No,No,No,No
A-2025-04-8,2025-04-01,2025,4,Abril,martes,08:06,8,Mañana,No,LIMA,LIMA,CARABAYLLO,URBANA,-11.86906230185771,-77.0126351649385,DESPISTE,1,2,3,Sí,No,AVENIDA,URBANO,NO CORRESPONDE,DESPEJADO,COMERCIAL,TRAMO RECTO,INCLINADA,ASFALTADA,EN PROCESO DE INVESTIGACIÓN,NO CUENTA CON CAUSA ESPECIFICA,5,1,2,2,2,2,1,0,0,1,0,2,3,5,55,19,83,0,2,0,0,0,0,NA,2,0,2,0,0,0,0,0,0,0,0,0,No,No,No,No
A-2025-04-66,2025-04-01,2025,4,Abril,martes,19:30,19,Noche,No,LIMA,LIMA,SAN JUAN DE LURIGANCHO,URBANA,-12.015690447970819,-77.01217545585838,CAÍDA DE PASAJERO,1,0,1,No,No,AVENIDA,URBANO,NO CORRESPONDE,DESPEJADO,RESIDENCIAL,CURVA,PLANA,ASFALTADA,EN PROCESO DE INVESTIGACIÓN,NO CUENTA CON CAUSA ESPECIFICA,2,1,0,1,1,1,0,0,0,1,0,2,0,2,16.5,14,19,1,0,1,1,0,0,NA,1,0,0,0,1,0,0,1,0,0,0,0,No,No,Sí,No
A-2025-04-65,2025-04-02,2025,4,Abril,miércoles,03:30,3,Madrugada,No,LIMA,LIMA,SAN JUAN DE MIRAFLORES,URBANA,-12.173214,-76.978563,ATROPELLO FUGA,1,0,1,No,No,CARRETERA,NACIONAL,PE-1S,DESPEJADO,RESIDENCIAL,TRAMO RECTO,PLANA,ASFALTADA,EN PROCESO DE INVESTIGACIÓN,NO CUENTA CON CAUSA ESPECIFICA,2,1,0,0,1,0,1,0,0,0,1,1,0,0,NA,NA,NA,NA,NA,0,0,0,0,NA,1,0,0,0,0,0,1,0,0,0,0,1,No,No,No,Sí
A-2025-05-22,2025-05-06,2025,5,Mayo,martes,19:00,19,Noche,No,CALLAO,CALLAO,VENTANILLA,NA,-11.8748559633264,-77.1276945401241,ATROPELLO,1,0,1,No,No,AVENIDA,URBANO,NO CORRESPONDE,NA,NA,NA,NA,NA,EN PROCESO DE INVESTIGACIÓN,NO CUENTA CON CAUSA ESPECIFICA,2,1,0,1,1,0,1,0,0,0,1,2,0,2,61,48,74,0,1,0,1,0,0,NA,1,0,1,0,0,0,0,0,0,1,0,0,No,No,No,No
A-2025-05-21,2025-05-31,2025,5,Mayo,sábado,03:55,3,Madrugada,Sí,CALLAO,CALLAO,CALLAO,URBANA,-12.0486122550387,-77.1010524073493,CHOQUE,1,1,2,Sí,No,AVENIDA,URBANO,NO CORRESPONDE,LLUVIOSO,COMERCIAL,TRAMO RECTO,PLANA,ASFALTADA,EN PROCESO DE INVESTIGACIÓN,NO CUENTA CON CAUSA ESPECIFICA,3,1,1,1,2,0,0,1,0,0,0,3,0,3,28.333333333333332,20,44,0,0,0,0,0,0,NA,2,1,0,1,0,0,0,0,0,2,0,0,Sí,Sí,No,No
